original_index,unique_shape_id,amplitude,peak_bin,fwhm,normalized_area,tail_ratio,robust_distance,is_outlier
0,0,163.42131625136872,164,145,144.70722932249225,3.199703832135711,1.433808304090001,False
1,1,107.08533957473863,164,91,91.85548124662908,2.288426896246039,0.2219695393152197,False
2,2,1.960419751022364,135,2,74.95856872173687,4.965904436869738,9.78011601241063,True
3,3,182.16404320869864,161,138,139.2728873100211,3.238452755753201,1.3047912798026633,False
4,4,125.84012150811344,166,92,92.00367983196911,2.0847551915114146,0.6744907594765952,False
5,5,29.894178516459473,157,43,49.14817512909617,1.6019740827024767,2.3607176581680833,False
6,6,46.13166860909622,161,57,59.41392671329014,1.8875542226421074,1.011736139214893,False
7,7,58.62629131400764,161,60,63.757328691591276,1.8312764290130499,1.011736139214893,False
8,8,96.7633163465348,164,84,85.67185472797154,2.138110855633886,0.056392138417661296,False
9,9,157.5223015083712,164,123,123.39877963386115,2.814809423593307,0.9279231822675873,False
10,10,103.16911784159632,166,79,79.90124546808049,1.8321489666933095,0.6744907594765952,False
11,11,4.300888511822121,157,19,79.56305668470274,0.9962528794243126,2.3607176581680833,False
12,12,161.61131852087465,164,125,126.0156464334093,2.8359116530410082,0.990050366507967,False
13,13,145.3263213257126,166,102,102.6195362480951,2.282426956334229,0.6934083177877567,False
14,14,22.31482288824742,161,40,44.90463335474273,1.1217435846642356,1.0631653645551344,False
15,15,40.158718254225185,161,52,55.21246346496801,1.7024803923172382,1.011736139214893,False
16,2,1.960419751022364,135,2,74.95856872173687,4.965904436869738,9.78011601241063,True
17,16,191.55748356308752,160,128,127.98586701347045,3.233959398624494,1.3489815189531904,False
18,17,5.846769743476025,151,25,47.46702090677712,1.8979298484804543,4.384189936597869,False
19,18,97.5622378756908,164,95,95.86156273524352,2.636547470615625,0.605434269149389,False
20,19,50.1430920870544,164,59,62.274681269730095,1.6239185128314937,0.5894562612051727,False
21,20,134.69175059218284,164,125,123.1338483581174,3.093868760563964,1.1091866980744138,False
22,21,64.76681805561192,164,65,67.11168931283123,1.6077638729060075,0.5278001714404845,False
23,22,101.10029041440876,166,76,78.79680623162194,1.8076950178020466,0.6744907594765952,False
24,23,159.71657465483372,160,109,110.40530247671742,3.1327590173741005,1.3489815189531904,False
25,24,59.64063368389887,161,60,64.32170531866241,1.8526602185063716,1.011736139214893,False
26,25,168.521799039909,164,148,148.54693927867248,3.207140596183897,1.5249670775967072,False
27,26,12.533057497549368,157,32,49.450575379384894,1.0392668125386995,2.3607176581680833,False
28,27,81.26041091609862,164,74,76.49068253250417,1.8924343472590919,0.21422753432401728,False
29,28,24.240068136530592,157,40,47.34846162286666,1.4107098277483805,2.3607176581680833,False
30,29,48.1338765665661,161,57,60.84662003278921,1.9462953923336521,1.011736139214893,False
31,30,119.67028318582142,166,88,88.70073256852513,2.019124574936745,0.6744907594765952,False
32,31,128.9291930694322,166,93,93.68280618375641,2.116938074772634,0.6744907594765952,False
33,32,139.04506462467992,164,111,111.66099152423442,2.680376833619211,0.6537135610970418,False
34,33,61.40508725216782,164,68,70.17581275477202,1.900898263515486,0.43766886334448096,False
35,34,163.6538882367355,164,126,127.3322598348443,2.845278921259143,1.0213081605150707,False
36,35,116.3695354099528,164,96,97.50309093943316,2.41652260871525,0.36307061575654603,False
37,36,175.97300257447884,161,134,135.2396501580554,3.230557502096659,1.259753240825088,False
38,37,195.63913190096895,160,130,130.25899558955837,3.2383645621501693,1.3715164579806176,False
39,38,119.46890731672892,164,99,99.40881185888217,2.4577950727450872,0.40853341064435883,False
40,39,63.739153352205335,164,63,66.5527135225891,1.5893277671883839,0.5481080670913093,False
41,40,155.20239488802042,164,137,138.5153568170747,3.1822200330720487,1.286806705077227,False
42,41,163.8271559948141,160,113,112.64332303715737,3.154441712462432,1.3489815189531904,False
43,42,55.099537195617415,160,53,54.908297466849426,1.828807651264546,1.3489815189531904,False
44,43,89.53450890113623,164,80,81.39087315824214,2.026717317226454,0.06938892609576394,False
45,44,43.4721387791423,161,52,55.562502092158844,1.4865418464827858,1.011736139214893,False
46,45,57.10344054553571,160,53,55.93805362683675,1.8674247515256461,1.3489815189531904,False
47,46,70.19929166746122,160,61,62.78122993240019,2.1059102606513607,1.3489815189531904,False
48,47,100.67068026113056,164,97,98.11327636668608,2.6912135574250247,0.6656505210828431,False
49,48,3.9055961430336703,160,16,54.99782018484379,1.0088909689491707,1.436012584692106,False
50,49,151.1036508937477,164,136,135.43417731408482,3.170539272029325,1.2136562464092557,False
51,50,192.91836940067464,163,167,167.26805890781242,3.3213505299553385,1.9694262486124403,False
52,51,178.25922988571827,160,119,120.59546366638133,3.208785990911557,1.3489815189531904,False
53,52,129.96133583574837,166,94,94.2451685515446,2.1277784886253395,0.6744907594765952,False
54,53,112.0476994608148,164,105,106.41952795952271,2.870068885499713,0.8626647601399934,False
55,54,189.30500799000592,161,144,143.88254765969518,3.2439929250076345,1.4142294896034924,False
56,55,40.16612602586194,160,46,47.66855144477936,1.5170200747978047,1.3489815189531904,False
57,56,142.89778052792508,164,129,129.27233402847182,3.138520060248461,1.1583713766912034,False
58,57,130.5822559534306,164,120,120.07599232076922,3.0652395816363693,1.0776508419052553,False
59,58,7.2152410877539666,157,29,60.102001176772475,0.9389269564072386,2.3607176581680833,False
60,59,137.14085874359705,166,98,98.14352900801744,2.2017150712210154,0.6744907594765952,False
61,60,139.8229713767275,164,128,126.96337053010316,3.123709321547474,1.142056926087692,False
62,61,6.974128036854599,160,26,45.11171790598726,0.8634139367663816,1.3489815189531904,False
63,62,37.188399695504785,161,51,53.19636326840883,1.6056192175608157,1.011736139214893,False
64,63,120.2934315241281,164,112,112.47059308673964,2.9719027929156536,0.974837710175845,False
65,64,161.37948282303975,164,142,143.17472761885304,3.1959976826462224,1.3974250935623849,False
66,65,11.710884051628835,157,32,50.31383537619799,1.0179425414818566,2.3607176581680833,False
67,66,114.11018614755625,164,107,107.9297836930221,2.897912627783558,0.8933354354707521,False
68,67,61.68366667534663,164,62,65.43300329105043,1.5525148740229244,0.5886585176289445,False
69,33,61.40508725216782,164,68,70.17581275477202,1.900898263515486,0.43766886334448096,False
70,7,58.62629131400764,161,60,63.757328691591276,1.8312764290130499,1.011736139214893,False
71,68,114.52205058227008,166,86,85.95347600807527,1.9624030310746063,0.6744907594765952,False
72,69,158.5448217896913,164,123,124.05187685227317,2.820321824758115,0.943428400654006,False
73,70,143.28211739503664,166,102,101.49772049221723,2.262831465693596,0.6744907594765952,False
74,71,72.9996587486652,164,69,71.69874263099855,1.7532798760138548,0.36751014859610687,False
75,72,178.03431559484252,161,136,136.5723549632904,3.233842174042013,1.2633714005457537,False
76,73,106.053438069795,164,90,91.2368153243815,2.273621438497083,0.20566090583081326,False
77,74,29.25315298489843,161,45,48.27331729187312,1.3485196422811934,1.011736139214893,False
78,75,76.3324648706218,166,65,65.9301185001023,1.487928280898297,0.6744907594765952,False
79,76,95.73067457261008,164,83,85.05861480566381,2.1223404026514587,0.03902053519305931,False
80,77,2.703350790206454,151,3,62.51059394836926,2.0597894391861957,4.384189936597869,False
81,78,83.03158744615756,164,83,85.40539138080693,2.3647533130107203,0.30604526174811886,False
82,79,59.35139619938545,164,67,68.72578253758198,1.852364398686392,0.4653481880415167,False
83,80,89.74398238482371,166,71,72.83397686621312,1.6671371446778092,0.6744907594765952,False
84,81,76.8367447313626,164,80,81.02718081956613,2.2400474877626895,0.22968341324409752,False
85,22,101.10029041440876,166,76,78.79680623162194,1.8076950178020466,0.6744907594765952,False
86,82,160.58986268941894,164,125,125.35678462928725,2.8310399842966087,0.9744082907627637,False
87,83,185.42780414396887,160,125,124.57444166890632,3.224702137714413,1.3489815189531904,False
88,10,103.16911784159632,166,79,79.90124546808049,1.8321489666933095,0.6744907594765952,False
89,73,106.053438069795,164,90,91.2368153243815,2.273621438497083,0.20566090583081326,False
90,80,89.74398238482371,166,71,72.83397686621312,1.6671371446778092,0.6744907594765952,False
91,84,155.60572533322457,160,109,108.18732231035715,3.1074881825738103,1.3489815189531904,False
92,85,91.59998840396362,164,80,82.60860209678937,2.05900702054807,0.04351553286945775,False
93,15,40.158718254225185,161,52,55.21246346496801,1.7024803923172382,1.011736139214893,False
94,86,185.23021717650153,161,141,141.25482565930642,3.2412940366071528,1.3518445914195878,False
95,87,169.80336939464996,161,130,131.26005729822788,3.2187379662861093,1.246733685417984,False
96,88,74.27071809235947,166,62,64.8897747433167,1.4593059149965166,0.6913308413084963,False
97,89,127.89683237782839,166,93,93.11868450957526,2.1061236876711886,0.6744907594765952,False
98,90,41.465155774366025,161,50,54.582039675826145,1.4361413257284172,1.011736139214893,False
99,91,124.65169720199064,164,102,102.67098614147298,2.5234198611242658,0.4808209845454916,False
100,92,170.02000029275612,160,116,116.04736385384565,3.1817138913121696,1.3489815189531904,False
101,89,127.89683237782839,166,93,93.11868450957526,2.1061236876711886,0.6744907594765952,False
102,93,177.23395723032965,160,119,120.02916832449797,3.205959090869888,1.3489815189531904,False
103,94,70.9398375296969,164,69,70.54158524696132,1.7170557675636138,0.40741203599678705,False
104,95,26.116946592232075,157,40,47.842163459264015,1.474645223167201,2.3607176581680833,False
105,96,20.342862175689024,161,38,44.18167039849802,1.056789356884972,1.1347142968527093,False
106,97,130.98956559324444,166,94,94.8001507835217,2.1386208618059017,0.6744907594765952,False
107,98,172.87672926740026,161,133,133.22400761373004,3.225423604547523,1.2540981064216106,False
108,99,27.308435799580256,160,39,42.58637329320546,1.229342444604008,1.3489815189531904,False
109,100,124.81246607539046,166,91,91.45199513970331,2.0739831885470825,0.6744907594765952,False
110,101,80.22685727850407,164,73,75.88428286708661,1.875462563790042,0.23292243730281648,False
111,102,93.87830105236762,166,74,75.01184852174045,1.7192710482578772,0.6744907594765952,False
112,103,83.55063533642381,166,68,69.61638338461476,1.5861969421850644,0.6744907594765952,False
113,104,2.300075425537707,151,3,68.24882513601042,2.226189436177839,4.384189936597869,False
114,105,145.22388400959466,164,114,115.58103837544724,2.7333633675386886,0.7423217402725407,False
115,106,132.6378518099938,164,121,121.60290893476136,3.0802950164992375,1.0942348323019173,False
116,107,40.45962353073204,161,49,54.10159347861187,1.4110818189875125,1.011736139214893,False
117,108,175.64920046093283,164,153,153.95651524665217,3.213421115179161,1.653396129806409,False
118,109,18.686075333227038,157,36,46.809882089039576,1.2236232035948398,2.3607176581680833,False
119,30,119.67028318582142,166,88,88.70073256852513,2.019124574936745,0.6744907594765952,False
120,110,71.9697109210964,164,69,71.1179949097991,1.7350553571768457,0.38758497527030417,False
121,111,131.61005380334282,164,121,120.83998043021349,3.0728524860849245,1.08603667302973,False
122,112,177.6812687789744,164,156,155.50728933960903,3.2145297132119754,1.6902131461730707,False
123,56,142.89778052792508,164,129,129.27233402847182,3.138520060248461,1.1583713766912034,False
124,113,110.39983869639039,166,82,83.76676225267485,1.9160499449729704,0.6744907594765952,False
125,102,93.87830105236762,166,74,75.01184852174045,1.7192710482578772,0.6744907594765952,False
126,93,177.23395723032965,160,119,120.02916832449797,3.205959090869888,1.3489815189531904,False
127,114,81.48790659711531,166,68,68.556953760359,1.5583138021819154,0.6744907594765952,False
128,115,65.79446331639436,164,65,67.67481743538352,1.6264052240149642,0.5072661921441305,False
129,116,182.35687196799034,160,122,122.86417302376591,3.2186363202882924,1.3489815189531904,False
130,27,81.26041091609862,164,74,76.49068253250417,1.8924343472590919,0.21422753432401728,False
131,111,131.61005380334282,164,121,120.83998043021349,3.0728524860849245,1.08603667302973,False
132,117,68.59471113038528,164,72,75.20962803386436,2.0645350074216497,0.3407682445755923,False
133,118,94.69797639221322,164,83,84.44603804226625,2.106384552515955,0.021757766434728876,False
134,89,127.89683237782839,166,93,93.11868450957526,2.1061236876711886,0.6744907594765952,False
135,119,57.298244459640806,164,64,67.27689854145238,1.8039229465076383,0.49302024396233385,False
136,104,2.300075425537707,151,3,68.24882513601042,2.226189436177839,4.384189936597869,False
137,120,38.176657737751995,160,44,46.788997377690755,1.4745938372059137,1.3489815189531904,False
138,121,174.94121126149878,161,134,134.56928789946988,3.228875506210645,1.2579004744403932,False
139,122,190.89096870155407,163,164,165.69690068102554,3.32303373946828,1.9321252913595792,False
140,93,177.23395723032965,160,119,120.02916832449797,3.205959090869888,1.3489815189531904,False
141,123,58.32468716056789,164,67,68.00270227538793,1.8282217625344257,0.47918601083200435,False
142,0,163.42131625136872,164,145,144.70722932249225,3.199703832135711,1.433808304090001,False
143,124,186.24996604596532,161,141,141.91540089594315,3.241981561232443,1.3675273458640436,False
144,125,60.37819969427708,164,67,69.45358562781038,1.8767048301053437,0.4515090921869328,False
145,126,21.440568062058524,157,36,46.86951568654151,1.3166488277118242,2.3607176581680833,False
146,127,60.11001151326698,160,56,57.4914361696602,1.925356005896788,1.3489815189531904,False
147,128,30.266075421143398,160,41,43.611990961283325,1.2955082710833208,1.3489815189531904,False
148,129,174.6331663003455,164,152,153.1807582940266,3.2128534239431117,1.6349788396600984,False
149,130,39.17010808017771,160,45,47.22637405418851,1.4961506019600777,1.3489815189531904,False
150,131,56.10031815426071,160,53,55.42030380854203,1.8483171442257083,1.3489815189531904,False
151,132,7.6805466046893915,160,27,44.070735814005126,0.8599854633887403,1.3514993920356342,False
152,131,56.10031815426071,160,53,55.42030380854203,1.8483171442257083,1.3489815189531904,False
153,133,170.55946495487356,164,149,150.0881975616377,3.2091726097082147,1.5615581785745352,False
154,134,91.32246208649279,164,91,91.31843472244816,2.522289188976648,0.47957551696460393,False
155,135,83.3277141514719,164,74,77.70631719291421,1.9267271474683445,0.1764530379693799,False
156,136,183.77351466616764,163,158,160.19682782247833,3.3270427574486483,1.801547747299073,False
157,137,188.4905310082839,160,127,126.27424449831142,3.2299350619843015,1.3489815189531904,False
158,138,58.10606094631098,160,55,56.45503670773363,1.886617925607917,1.3489815189531904,False
159,139,105.23782844813343,166,80,81.01048626528934,1.8563851002640297,0.6744907594765952,False
160,140,6.567783531294809,157,25,62.86452936010416,0.9372764236397524,2.3607176581680833,False
161,141,84.36145425343982,164,75,78.31494049495457,1.9440188572858026,0.15740572700383262,False
162,3,182.16404320869864,161,138,139.2728873100211,3.238452755753201,1.3047912798026633,False
163,142,122.35327709594253,164,115,113.98263130999992,2.993654143213329,0.9987974421754,False
164,65,11.710884051628835,157,32,50.31383537619799,1.0179425414818566,2.3607176581680833,False
165,143,67.85058743552925,164,66,68.81462840327355,1.6635049049876918,0.4663998366668549,False
166,109,18.686075333227038,157,36,46.809882089039576,1.2236232035948398,2.3607176581680833,False
167,37,195.63913190096895,160,130,130.25899558955837,3.2383645621501693,1.3715164579806176,False
168,144,172.08227191025495,160,118,117.1778888110854,3.1896739137260735,1.3489815189531904,False
169,145,165.89389153901655,160,114,113.77421884847318,3.16460372420154,1.3489815189531904,False
170,146,151.49123032490198,160,106,105.96416750912597,3.079067964895177,1.3489815189531904,False
171,147,71.68365030093278,164,76,77.38372219923824,2.1309303995673643,0.2991360087263198,False
172,57,130.5822559534306,164,120,120.07599232076922,3.0652395816363693,1.0776508419052553,False
173,148,156.6334380217536,160,109,108.74347983184023,3.113929397519968,1.3489815189531904,False
174,149,107.9210532999669,164,104,103.40618864801245,2.8097708040608858,0.7962447056794641,False
175,150,189.87616541976854,163,164,164.91439679741873,3.3236614068758836,1.9135478219392608,False
176,151,131.85777625061453,164,104,107.15709286220046,2.6077048947620987,0.573663350187122,False
177,5,29.894178516459473,157,43,49.14817512909617,1.6019740827024767,2.3607176581680833,False
178,152,79.1933706342018,164,73,75.27784508767009,1.8585735177357026,0.25152620266231057,False
179,153,15.987991878651753,157,34,47.3536488439481,1.1378236574749712,2.3607176581680833,False
180,154,56.594733508362104,161,58,62.62478062223882,1.7890083600218643,1.011736139214893,False
181,155,98.82820484938112,164,84,86.90879456174167,2.168542016569833,0.08991292910340282,False
182,156,138.7973693372071,164,128,126.19545627055187,3.11827265544558,1.1360682834981624,False
183,157,25.290609264196753,161,43,46.22207681429027,1.2181965148127034,1.011736139214893,False
184,11,4.300888511822121,157,19,79.56305668470274,0.9962528794243126,2.3607176581680833,False
185,50,192.91836940067464,163,167,167.26805890781242,3.3213505299553385,1.9694262486124403,False
186,158,125.6847386340568,164,102,103.31240958317278,2.5362865465975992,0.4949940051370723,False
187,159,69.62379086111812,164,73,75.93234080049416,2.0869164116901757,0.3268984699726881,False
188,67,61.68366667534663,164,62,65.43300329105043,1.5525148740229244,0.5886585176289445,False
189,22,101.10029041440876,166,76,78.79680623162194,1.8076950178020466,0.6744907594765952,False
190,160,45.133654767541884,160,48,49.97189543540399,1.6238556525127366,1.3489815189531904,False
191,161,92.36159161834775,164,91,92.06626500239383,2.541912330919933,0.5011909668339665,False
192,162,117.20268860688785,164,111,110.19749321651715,2.93677003454074,0.9361379759732279,False
193,163,37.18864267064049,160,44,46.359000464193336,1.4517421003763693,1.3489815189531904,False
194,164,104.20345637652946,166,80,80.45547403723344,1.8442093777494688,0.6744907594765952,False
195,165,170.82802611172121,161,131,131.9143825073874,3.2210890592529244,1.2493234812982401,False
196,166,139.18824245045616,166,99,99.26516352703965,2.2221311908032644,0.6744907594765952,False
197,65,11.710884051628835,157,32,50.31383537619799,1.0179425414818566,2.3607176581680833,False
198,167,138.0194522504365,164,111,111.01510199164395,2.6708606954942358,0.6432312638591771,False
199,168,169.54063199910289,164,149,149.31701918085776,3.2081649900738167,1.5432495885640742,False
200,169,175.17848781447327,160,119,118.8958903017279,3.199618059402678,1.3489815189531904,False
201,170,173.6159638061221,164,152,152.4058317930808,3.2120986508426186,1.616581265314578,False
202,37,195.63913190096895,160,130,130.25899558955837,3.2383645621501693,1.3715164579806176,False
203,68,114.52205058227008,166,86,85.95347600807527,1.9624030310746063,0.6744907594765952,False
204,171,62.11874720961757,160,58,58.53505664594792,1.9628625917505769,1.3489815189531904,False
205,172,160.35533706979433,164,142,142.4068576654325,3.1939057376879156,1.3791950491149387,False
206,173,31.251348982524068,160,41,43.96852361542815,1.317900372186622,1.3489815189531904,False
207,174,14.520553589672321,161,36,43.31717189469786,0.8849967801971748,1.3239487140554214,False
208,175,27.99427883143091,157,43,48.43919905027035,1.5395187682978662,2.3607176581680833,False
209,176,184.404687648927,160,125,124.00308409954714,3.22289493081053,1.3489815189531904,False
210,177,102.13481576492747,166,76,79.34578415539897,1.820135814251638,0.6744907594765952,False
211,178,28.263174709091928,161,44,47.73512502614553,1.3160435286260632,1.011736139214893,False
212,49,151.1036508937477,164,136,135.43417731408482,3.170539272029325,1.2136562464092557,False
213,179,26.283560087529942,161,43,46.70800339052596,1.2503936397153885,1.011736139214893,False
214,180,57.61059239371625,161,59,63.19040127347121,1.810083481761588,1.011736139214893,False
215,181,128.77267417085585,164,104,105.24000073242242,2.572578774237932,0.5349709277661999,False
216,182,32.730549319060884,157,46,50.354373393214814,1.698902097233726,2.3607176581680833,False
217,183,130.82961123330014,164,104,106.51742803108526,2.596194404318661,0.5609842170558936,False
218,184,120.69871649872941,166,88,89.25351761577643,2.030054962492146,0.6744907594765952,False
219,185,158.68886262992103,160,109,109.8510583142722,3.126567745024279,1.3489815189531904,False
220,186,109.98513347447268,164,105,104.90660867409575,2.841205364675976,0.8308707696963646,False
221,73,106.053438069795,164,90,91.2368153243815,2.273621438497083,0.20566090583081326,False
222,80,89.74398238482371,166,71,72.83397686621312,1.6671371446778092,0.6744907594765952,False
223,113,110.39983869639039,166,82,83.76676225267485,1.9160499449729704,0.6744907594765952,False
224,187,153.5492626455767,160,107,107.0741494430481,3.0938378018397885,1.3489815189531904,False
225,188,109.14841073828256,164,93,93.09695944533182,2.317428736740903,0.25391589281700894,False
226,111,131.61005380334282,164,121,120.83998043021349,3.0728524860849245,1.08603667302973,False
227,189,75.80521776199956,164,78,80.29479246999999,2.218886568215521,0.243586171343991,False
228,69,158.5448217896913,164,123,124.05187685227317,2.820321824758115,0.943428400654006,False
229,190,30.841396528201837,157,45,49.534796718554375,1.6339720216240783,2.3607176581680833,False
230,101,80.22685727850407,164,73,75.88428286708661,1.875462563790042,0.23292243730281648,False
231,191,179.28383394297742,160,121,121.16330484369888,3.2113209021987554,1.3489815189531904,False
232,192,176.66523462041326,164,156,154.73169033661924,3.213979810268971,1.6717996059180904,False
233,193,38.444170975413634,161,49,53.170271107629425,1.361570595237485,1.011736139214893,False
234,194,190.53503578932492,160,128,127.41407411953003,3.2327595803654283,1.3489815189531904,False
235,195,154.45415024782542,164,120,121.44297549425995,2.7974187032021516,0.8814903244163274,False
236,196,11.558621633835386,160,29,41.125729740325006,0.8973577224379602,1.3489815189531904,False
237,124,186.24996604596532,161,141,141.91540089594315,3.241981561232443,1.3675273458640436,False
238,197,22.36148259772997,157,38,46.986484071760955,1.3492682270914673,2.3607176581680833,False
239,151,131.85777625061453,164,104,107.15709286220046,2.6077048947620987,0.573663350187122,False
240,198,98.00522487393178,166,75,77.16979013911063,1.7701704883312315,0.6744907594765952,False
241,199,6.491486182916153,155,25,46.46767094148479,1.2523147082850556,3.0352084176446783,False
242,34,163.6538882367355,164,126,127.3322598348443,2.845278921259143,1.0213081605150707,False
243,200,53.558375141560184,161,56,60.9545518330902,1.7228733558172706,1.011736139214893,False
244,201,36.19592437460549,161,51,52.534285695186526,1.5736495350291166,1.011736139214893,False
245,202,154.5780123092776,160,108,107.6291557982193,3.1009703646624907,1.3489815189531904,False
246,203,191.33969865641936,161,144,145.20208192604818,3.2447548710864926,1.4455566280315402,False
247,204,44.47629580349733,161,52,56.06499304257495,1.5113030687398221,1.011736139214893,False
248,205,96.97369963130497,166,75,76.6255263564612,1.7577145684604574,0.6744907594765952,False
249,66,114.11018614755625,164,107,107.9297836930221,2.897912627783558,0.8933354354707521,False
250,178,28.263174709091928,161,44,47.73512502614553,1.3160435286260632,1.011736139214893,False
251,57,130.5822559534306,164,120,120.07599232076922,3.0652395816363693,1.0776508419052553,False
252,206,82.51924852535427,166,68,69.08767736054644,1.5722547224607273,0.6744907594765952,False
253,207,93.66529348814132,164,83,83.83392988616178,2.090523025447669,0.021757766434728876,False
254,160,45.133654767541884,160,48,49.97189543540399,1.6238556525127366,1.3489815189531904,False
255,208,3.432455950933298,157,15,92.08024399841419,1.0691380276793223,2.3607176581680833,False
256,209,64.48373907536981,164,70,72.3268855086981,1.9719263984470954,0.3961752787431952,False
257,16,191.55748356308752,160,128,127.98586701347045,3.233959398624494,1.3489815189531904,False
258,210,148.3104239482628,164,115,117.54420739438473,2.756777761472027,0.788929448145022,False
259,211,90.77744977822879,166,71,73.37801408065329,1.6803516615892071,0.6744907594765952,False
260,212,5.950519901954288,157,21,66.10504852139174,0.9416169412893457,2.3607176581680833,False
261,198,98.00522487393178,166,75,77.16979013911063,1.7701704883312315,0.6744907594765952,False
262,213,60.65777417560313,164,62,64.88010599157178,1.5332827637789315,0.6098432349419297,False
263,214,54.56885503098035,161,58,61.50642874852051,1.7453559472308668,1.011736139214893,False
264,215,96.522099418275,164,92,95.10402368952032,2.6175032200512844,0.5844564846252375,False
265,127,60.11001151326698,160,56,57.4914361696602,1.925356005896788,1.3489815189531904,False
266,216,189.5125880721388,160,128,126.84138305732642,3.2315360874757593,1.3489815189531904,False
267,49,151.1036508937477,164,136,135.43417731408482,3.170539272029325,1.2136562464092557,False
268,217,27.05375403892895,157,42,48.12853894121223,1.5073360321032847,2.3607176581680833,False
269,11,4.300888511822121,157,19,79.56305668470274,0.9962528794243126,2.3607176581680833,False
270,218,72.71366299248933,164,76,78.11252883049379,2.1532250107927995,0.2852536598243096,False
271,219,10.746674016759693,160,29,41.48692435951013,0.8837458319977615,1.3489815189531904,False
272,220,11.08532321551454,155,33,43.223963336279034,1.4356271002115757,3.0352084176446783,False
273,94,70.9398375296969,164,69,70.54158524696132,1.7170557675636138,0.40741203599678705,False
274,175,27.99427883143091,157,43,48.43919905027035,1.5395187682978662,2.3607176581680833,False
275,221,15.90928745108307,160,32,40.352389226063416,0.9734832110051955,1.3489815189531904,False
276,222,19.602038262476558,157,36,46.77203593672365,1.253473409806463,2.3607176581680833,False
277,213,60.65777417560313,164,62,64.88010599157178,1.5332827637789315,0.6098432349419297,False
278,223,164.44146280452364,164,146,145.47791914415586,3.201257804380262,1.4521052951905598,False
279,224,87.67730238037592,166,70,71.75468648263612,1.640011746080063,0.6744907594765952,False
280,225,116.58144284803573,166,86,87.05581823868346,1.9850495692945622,0.6744907594765952,False
281,226,186.8196978592468,163,163,162.54553856564883,3.325642012108319,1.8573086232800393,False
282,111,131.61005380334282,164,121,120.83998043021349,3.0728524860849245,1.08603667302973,False
283,227,128.52666070850637,164,119,118.54549133536824,3.0494847264619835,1.0602964201105571,False
284,228,85.61366143896942,166,69,70.68196718353163,1.613224462209842,0.6744907594765952,False
285,229,66.53906132571252,164,72,73.77203098577193,2.01826461668961,0.3684739690222405,False
286,230,137.77096452734992,164,126,125.4319459869695,3.11236717138885,1.1295632245758196,False
287,231,112.24167349233127,164,93,94.97465892180823,2.3602989279043034,0.3011386296580658,False
288,232,125.44054248242084,164,116,116.26374170650837,3.0228579494170535,1.0309662666590445,False
289,233,176.20892331107567,160,119,119.46684923113487,3.202811640367175,1.3489815189531904,False
290,102,93.87830105236762,166,74,75.01184852174045,1.7192710482578772,0.6744907594765952,False
291,234,113.27275472567949,164,95,95.59903305282235,2.374665087837257,0.31696336408354636,False
292,235,148.40403113730397,160,105,104.29043020411459,3.056336251963403,1.3489815189531904,False
293,236,149.3352253393489,164,118,118.19148909050085,2.7641900530418333,0.8042965998842605,False
294,237,3.1397472717548105,151,9,58.088278236425595,1.9491843214324942,4.384189936597869,False
295,200,53.558375141560184,161,56,60.9545518330902,1.7228733558172706,1.011736139214893,False
296,238,3.058596405723839,157,5,99.6129322789578,1.1207235151770303,2.3607176581680833,False
297,239,174.14641572413592,160,119,118.32263174049076,3.196366861276315,1.3489815189531904,False
298,240,90.56737575210185,164,80,81.99588563632442,2.043213054307339,0.05502529027752656,False
299,241,103.98963152708525,164,89,89.99714814785638,2.2441399940229454,0.17318625488302394,False
300,200,53.558375141560184,161,56,60.9545518330902,1.7228733558172706,1.011736139214893,False
301,242,47.13288907750829,161,57,60.129540444041226,1.9168523136508155,1.011736139214893,False
302,241,103.98963152708525,164,89,89.99714814785638,2.2441399940229454,0.17318625488302394,False
303,243,25.178981162900858,157,40,47.57915048960116,1.4422954424696852,2.3607176581680833,False
304,244,86.43034964962003,164,76,79.54637961940279,1.9772501736860413,0.13054659860837325,False
305,245,63.456212938626976,164,70,71.60279837157643,1.9488373804324146,0.4100241142508842,False
306,58,7.2152410877539666,157,29,60.102001176772475,0.9389269564072386,2.3607176581680833,False
307,246,95.94218564464283,166,75,76.08227742659467,1.7452273193749537,0.6744907594765952,False
308,240,90.56737575210185,164,80,81.99588563632442,2.043213054307339,0.05502529027752656,False
309,247,9.174164288154028,160,29,42.495954992034996,0.8638393192665798,1.3489815189531904,False
310,248,20.520519483812638,157,36,46.79619774002222,1.284633675608115,2.3607176581680833,False
311,223,164.44146280452364,164,146,145.47791914415586,3.201257804380262,1.4521052951905598,False
312,249,78.16083794979805,164,72,74.68022334657117,1.8410904805768946,0.27078426614483697,False
313,250,188.85815898077723,163,163,164.12621530921177,3.3243089048459527,1.8948355601836584,False
314,251,68.17062185973276,160,60,61.7074274327077,2.0713479707582936,1.3489815189531904,False
315,252,11.901113501533786,155,33,43.20139417744575,1.4780660411795168,3.0352084176446783,False
316,253,54.1027880509509,160,53,54.400449061135035,1.8082779137996172,1.3489815189531904,False
317,84,155.60572533322457,160,109,108.18732231035715,3.1074881825738103,1.3489815189531904,False
318,208,3.432455950933298,157,15,92.08024399841419,1.0691380276793223,2.3607176581680833,False
319,17,5.846769743476025,151,25,47.46702090677712,1.8979298484804543,4.384189936597869,False
320,254,187.26831336681258,161,143,142.57231883996653,3.242662257241605,1.3831232723155538,False
321,221,15.90928745108307,160,32,40.352389226063416,0.9734832110051955,1.3489815189531904,False
322,241,103.98963152708525,164,89,89.99714814785638,2.2441399940229454,0.17318625488302394,False
323,130,39.17010808017771,160,45,47.22637405418851,1.4961506019600777,1.3489815189531904,False
324,171,62.11874720961757,160,58,58.53505664594792,1.9628625917505769,1.3489815189531904,False
325,80,89.74398238482371,166,71,72.83397686621312,1.6671371446778092,0.6744907594765952,False
326,255,14.134440669299766,160,32,40.50482576300447,0.9386396455926813,1.3489815189531904,False
327,136,183.77351466616764,163,158,160.19682782247833,3.3270427574486483,1.801547747299073,False
328,129,174.6331663003455,164,152,153.1807582940266,3.2128534239431117,1.6349788396600984,False
329,241,103.98963152708525,164,89,89.99714814785638,2.2441399940229454,0.17318625488302394,False
330,251,68.17062185973276,160,60,61.7074274327077,2.0713479707582936,1.3489815189531904,False
331,256,98.5983180213225,164,95,96.6102870086507,2.655339313093946,0.626134018976256,False
332,165,170.82802611172121,161,131,131.9143825073874,3.2210890592529244,1.2493234812982401,False
333,257,92.6326293423275,164,82,83.22145699888651,2.0747337762089733,0.02592893051830019,False
334,258,97.79575604403466,164,84,86.29031336023347,2.153287298500503,0.0731094225776964,False
335,259,141.87284410045982,164,129,128.50392862975087,3.1336850720066116,1.1530454994049506,False
336,260,73.74371737586564,164,77,78.8378928171672,2.175481078148495,0.27137074900651625,False
337,261,196.65672618306587,160,132,130.82850584264472,3.239088678864786,1.3852314335149598,False
338,14,22.31482288824742,161,40,44.90463335474273,1.1217435846642356,1.0631653645551344,False
339,262,183.1864611917974,161,138,139.93174751361838,3.2395700038255133,1.3204333175497163,False
340,263,5.243768960851287,151,23,48.63774038975223,1.8776666623665388,4.384189936597869,False
341,264,4.111300308865549,151,21,52.21383371515551,1.8760841344542727,4.384189936597869,False
342,265,79.42532454537745,166,67,67.49369627015692,1.5304302755224846,0.6744907594765952,False
343,266,153.43036497207413,164,120,120.79469439540794,2.791026345184098,0.8660994457996208,False
344,204,44.47629580349733,161,52,56.06499304257495,1.5113030687398221,1.011736139214893,False
345,267,2.7252244847719456,157,3,108.02251474446958,1.1835564424484981,2.3607176581680833,False
346,25,168.521799039909,164,148,148.54693927867248,3.207140596183897,1.5249670775967072,False
347,268,34.63779685797781,157,46,51.2405386245918,1.760456636861173,2.3607176581680833,False
348,269,164.8605237498769,160,113,113.20845876604125,3.1595653287939496,1.3489815189531904,False
349,156,138.7973693372071,164,128,126.19545627055187,3.11827265544558,1.1360682834981624,False
350,270,135.96609638235606,164,108,109.72951926742165,2.650584364543776,0.6208963076905376,False
351,271,166.72939941280575,161,128,129.290017509936,3.21141817694376,1.23867072893318,False
352,44,43.4721387791423,161,52,55.562502092158844,1.4865418464827858,1.011736139214893,False
353,272,31.786857228179514,157,45,49.93755100861269,1.6663122667133772,2.3607176581680833,False
354,167,138.0194522504365,164,111,111.01510199164395,2.6708606954942358,0.6432312638591771,False
355,24,59.64063368389887,161,60,64.32170531866241,1.8526602185063716,1.011736139214893,False
356,9,157.5223015083712,164,123,123.39877963386115,2.814809423593307,0.9279231822675873,False
357,77,2.703350790206454,151,3,62.51059394836926,2.0597894391861957,4.384189936597869,False
358,273,80.9632900882941,164,82,83.93937520923865,2.324705316030506,0.2619312521977566,False
359,266,153.43036497207413,164,120,120.79469439540794,2.791026345184098,0.8660994457996208,False
360,274,88.20708267969752,164,87,89.07114790575969,2.463784500560953,0.41513093600875717,False
361,144,172.08227191025495,160,118,117.1778888110854,3.1896739137260735,1.3489815189531904,False
362,275,172.5971308580513,164,152,151.63319928290855,3.2111390620553357,1.598238152735112,False
363,162,117.20268860688785,164,111,110.19749321651715,2.93677003454074,0.9361379759732279,False
364,276,167.75405603848304,161,129,129.9475602761159,3.213904227691305,1.2414091846535509,False
365,50,192.91836940067464,163,167,167.26805890781242,3.3213505299553385,1.9694262486124403,False
366,277,124.4114538503392,164,115,115.50405345439854,3.0133442014734078,1.0204866022740047,False
367,278,51.53624466584389,161,56,59.844021525893744,1.6776142249771953,1.011736139214893,False
368,202,154.5780123092776,160,108,107.6291557982193,3.1009703646624907,1.3489815189531904,False
369,16,191.55748356308752,160,128,127.98586701347045,3.233959398624494,1.3489815189531904,False
370,148,156.6334380217536,160,109,108.74347983184023,3.113929397519968,1.3489815189531904,False
371,18,97.5622378756908,164,95,95.86156273524352,2.636547470615625,0.605434269149389,False
372,279,32.23319671182237,161,47,50.030396035116105,1.4449275481564325,1.011736139214893,False
373,280,106.27223120762964,166,80,81.56346363707996,1.8685742106980698,0.6744907594765952,False
374,281,95.4819573325756,164,92,94.34349724059385,2.5984342791164003,0.5634515029545595,False
375,2,1.960419751022364,135,2,74.95856872173687,4.965904436869738,9.78011601241063,True
376,237,3.1397472717548105,151,9,58.088278236425595,1.9491843214324942,4.384189936597869,False
377,83,185.42780414396887,160,125,124.57444166890632,3.224702137714413,1.3489815189531904,False
378,282,17.773289156233833,157,35,46.91116497954942,1.194939996997273,2.3607176581680833,False
379,283,100.06842649468375,166,76,78.25502943435848,1.795138197625828,0.6744907594765952,False
380,36,175.97300257447884,161,134,135.2396501580554,3.230557502096659,1.259753240825088,False
381,256,98.5983180213225,164,95,96.6102870086507,2.655339313093946,0.626134018976256,False
382,284,12.730358847979556,155,34,43.254081907594994,1.5198136851486104,3.0352084176446783,False
383,186,109.98513347447268,164,105,104.90660867409575,2.841205364675976,0.8308707696963646,False
384,285,99.86066068251684,164,86,87.52666045538238,2.1838527115731403,0.10677809581654131,False
385,286,188.28666068149488,161,144,143.22800733646312,3.243332624467006,1.3986900103830684,False
386,287,121.32367927221078,164,114,113.22521742995,2.9831209414284943,0.9871948203423616,False
387,115,65.79446331639436,164,65,67.67481743538352,1.6264052240149642,0.5072661921441305,False
388,2,1.960419751022364,135,2,74.95856872173687,4.965904436869738,9.78011601241063,True
389,139,105.23782844813343,166,80,81.01048626528934,1.8563851002640297,0.6744907594765952,False
390,288,17.74093386968938,160,32,40.43044188918807,1.0115657854104028,1.3489815189531904,False
391,289,171.85268284869505,161,132,132.5677447590566,3.2233982481039765,1.25186711860123,False
392,277,124.4114538503392,164,115,115.50405345439854,3.0133442014734078,1.0204866022740047,False
393,69,158.5448217896913,164,123,124.05187685227317,2.820321824758115,0.943428400654006,False
394,290,50.108303095275176,160,51,52.37844652889399,1.727550734435184,1.3489815189531904,False
395,280,106.27223120762964,166,80,81.56346363707996,1.8685742106980698,0.6744907594765952,False
396,291,2.4532116321078687,141,3,116.30192332559994,2.2821937537846795,7.7566437339808445,True
397,41,163.8271559948141,160,113,112.64332303715737,3.154441712462432,1.3489815189531904,False
398,241,103.98963152708525,164,89,89.99714814785638,2.2441399940229454,0.17318625488302394,False
399,292,168.7787127015887,161,129,130.60448306456325,3.216343562111121,1.2440961810080868,False
400,293,7.891494538483159,157,29,57.75690546798453,0.9464198732728651,2.3607176581680833,False
401,294,7.925760487146572,155,29,44.6607148721564,1.3048316699352045,3.0352084176446783,False
402,225,116.58144284803573,166,86,87.05581823868346,1.9850495692945622,0.6744907594765952,False
403,140,6.567783531294809,157,25,62.86452936010416,0.9372764236397524,2.3607176581680833,False
404,7,58.62629131400764,161,60,63.757328691591276,1.8312764290130499,1.011736139214893,False
405,295,23.425219590468963,160,36,41.43125999465653,1.1369349228828107,1.3489815189531904,False
406,296,13.581391359676406,155,36,43.37883931963935,1.5597662546295152,3.0352084176446783,False
407,297,112.46143664801393,166,83,84.85815217953792,1.93938493254025,0.6744907594765952,False
408,247,9.174164288154028,160,29,42.495954992034996,0.8638393192665798,1.3489815189531904,False
409,298,88.49975101004696,164,80,80.77745262478346,2.010195932908763,0.08450979297026233,False
410,299,159.56734218572208,164,123,124.70423514961287,2.825731053440097,0.9589160762730181,False
411,300,141.23561541831617,166,100,100.38139498542711,2.2425943737878646,0.6744907594765952,False
412,143,67.85058743552925,164,66,68.81462840327355,1.6635049049876918,0.4663998366668549,False
413,301,184.7894957764388,163,160,160.97846844782217,3.3267030404514837,1.820104722055636,False
414,74,29.25315298489843,161,45,48.27331729187312,1.3485196422811934,1.011736139214893,False
415,302,167.95916902914743,160,114,114.91564632639394,3.173346146954777,1.3489815189531904,False
416,202,154.5780123092776,160,108,107.6291557982193,3.1009703646624907,1.3489815189531904,False
417,79,59.35139619938545,164,67,68.72578253758198,1.852364398686392,0.4653481880415167,False
418,303,122.7555896413525,166,88,90.3539054855643,2.0519461871362883,0.6744907594765952,False
419,304,147.28536191240258,164,115,116.89718234833025,2.7491274468310287,0.7735683895495643,False
420,305,187.46962197876726,160,126,125.70873097557413,3.22822413805572,1.3489815189531904,False
421,306,147.37384234106162,160,103,103.73709917917108,3.0479541642688908,1.3489815189531904,False
422,307,69.91003365233992,164,68,69.96861503235553,1.6992490769666744,0.4270266129615681,False
423,251,68.17062185973276,160,60,61.7074274327077,2.0713479707582936,1.3489815189531904,False
424,54,189.30500799000592,161,144,143.88254765969518,3.2439929250076345,1.4142294896034924,False
425,113,110.39983869639039,166,82,83.76676225267485,1.9160499449729704,0.6744907594765952,False
426,308,48.12041974526425,160,49,51.406656945399924,1.6858131966919454,1.3489815189531904,False
427,309,165.7037777885335,161,127,128.63843761105625,3.2084663537758713,1.2354192116229992,False
428,11,4.300888511822121,157,19,79.56305668470274,0.9962528794243126,2.3607176581680833,False
429,87,169.80336939464996,161,130,131.26005729822788,3.2187379662861093,1.246733685417984,False
430,158,125.6847386340568,164,102,103.31240958317278,2.5362865465975992,0.4949940051370723,False
431,71,72.9996587486652,164,69,71.69874263099855,1.7532798760138548,0.36751014859610687,False
432,163,37.18864267064049,160,44,46.359000464193336,1.4517421003763693,1.3489815189531904,False
433,310,185.80521293288987,163,162,161.76034235161683,3.3263085209209957,1.8386672350892315,False
434,311,152.52024676113524,160,107,106.51981145296212,3.086489281708642,1.3489815189531904,False
435,75,76.3324648706218,166,65,65.9301185001023,1.487928280898297,0.6744907594765952,False
436,312,26.33647203106727,160,37,42.27984539806007,1.2057232872572565,1.3489815189531904,False
437,80,89.74398238482371,166,71,72.83397686621312,1.6671371446778092,0.6744907594765952,False
438,313,152.13108076926238,164,136,136.21299446242028,3.1735341441986997,1.2321461888368026,False
439,314,111.21058900500259,164,93,94.34945802544165,2.3459694531036197,0.2853543049508566,False
440,315,158.290268268321,164,141,140.84035254890549,3.1896540800784066,1.3420045616186793,False
441,316,117.40266240163496,164,96,98.13974896308662,2.43030552251479,0.3782528879507114,False
442,298,88.49975101004696,164,80,80.77745262478346,2.010195932908763,0.08450979297026233,False
443,317,23.300583098488943,157,40,47.15064893362695,1.3797510451988748,2.3607176581680833,False
444,318,108.33831302157677,166,81,82.66581326649059,1.8927023874025737,0.6744907594765952,False
445,203,191.33969865641936,161,144,145.20208192604818,3.2447548710864926,1.4455566280315402,False
446,319,51.10818125621146,160,51,52.87864012495453,1.747307184451577,1.3489815189531904,False
447,320,33.22191402711881,160,41,44.72418526147312,1.3639284799048466,1.3489815189531904,False
448,321,157.26139736205684,164,141,140.06376673662504,3.187461086381883,1.3235675934679338,False
449,318,108.33831302157677,166,81,82.66581326649059,1.8927023874025737,0.6744907594765952,False
450,166,139.18824245045616,166,99,99.26516352703965,2.2221311908032644,0.6744907594765952,False
451,322,190.32268275576735,161,144,144.54096485610344,3.2444643915912343,1.4298610098915534,False
452,305,187.46962197876726,160,126,125.70873097557413,3.22822413805572,1.3489815189531904,False
453,209,64.48373907536981,164,70,72.3268855086981,1.9719263984470954,0.3961752787431952,False
454,70,143.28211739503664,166,102,101.49772049221723,2.262831465693596,0.6744907594765952,False
455,323,183.38121818351757,160,125,123.4314765464328,3.220981781584219,1.3489815189531904,False
456,324,162.79615235391114,160,113,112.07986748441739,3.14922758856701,1.3489815189531904,False
457,325,15.472955468524184,161,36,43.30268578230703,0.9115123876265997,1.2947410171023577,False
458,90,41.465155774366025,161,50,54.582039675826145,1.4361413257284172,1.011736139214893,False
459,326,153.15710601522485,164,136,136.9858094093721,3.17647700735878,1.2504936326582787,False
460,158,125.6847386340568,164,102,103.31240958317278,2.5362865465975992,0.4949940051370723,False
461,327,150.07547799620122,164,135,134.66086474969353,3.16705488235189,1.1952969886237108,False
462,328,15.016962708384776,160,32,40.400166274586454,0.9551131074597567,1.3489815189531904,False
463,329,108.11723915966309,164,92,92.4725624038313,2.3032362996600972,0.2382825190621393,False
464,82,160.58986268941894,164,125,125.35678462928725,2.8310399842966087,0.9744082907627637,False
465,330,85.39571426505525,164,76,78.9288633253879,1.9608234090673329,0.13889503449288804,False
466,239,174.14641572413592,160,119,118.32263174049076,3.196366861276315,1.3489815189531904,False
467,258,97.79575604403466,164,84,86.29031336023347,2.153287298500503,0.0731094225776964,False
468,229,66.53906132571252,164,72,73.77203098577193,2.01826461668961,0.3684739690222405,False
469,331,145.97126046647406,164,131,131.5761929406773,3.15194756314529,1.1731621536511811,False
470,332,146.34842019708375,166,103,103.17943327668117,2.2921874967771827,0.7071840054671801,False
471,333,108.95309388904909,164,104,104.15791898644518,2.8255998481197953,0.8136808486439382,False
472,334,8.61461203365348,157,29,55.73267930947285,0.9542588093941282,2.3607176581680833,False
473,191,179.28383394297742,160,121,121.16330484369888,3.2113209021987554,1.3489815189531904,False
474,160,45.133654767541884,160,48,49.97189543540399,1.6238556525127366,1.3489815189531904,False
475,149,107.9210532999669,164,104,103.40618864801245,2.8097708040608858,0.7962447056794641,False
476,335,105.85146531914287,164,101,101.88724033268997,2.777558092040508,0.7607614857218701,False
477,162,117.20268860688785,164,111,110.19749321651715,2.93677003454074,0.9361379759732279,False
478,336,84.58209269806598,166,69,70.14587210294235,1.5999552805864117,0.6744907594765952,False
479,84,155.60572533322457,160,109,108.18732231035715,3.1074881825738103,1.3489815189531904,False
480,337,166.48175589410405,164,147,147.01403516958746,3.2042878949921803,1.4885743135384049,False
481,338,179.71333709424977,164,156,157.0629884853454,3.215603902965104,1.7271470884992344,False
482,218,72.71366299248933,164,76,78.11252883049379,2.1532250107927995,0.2852536598243096,False
483,283,100.06842649468375,166,76,78.25502943435848,1.795138197625828,0.6744907594765952,False
484,20,134.69175059218284,164,125,123.1338483581174,3.093868760563964,1.1091866980744138,False
485,168,169.54063199910289,164,149,149.31701918085776,3.2081649900738167,1.5432495885640742,False
486,289,171.85268284869505,161,132,132.5677447590566,3.2233982481039765,1.25186711860123,False
487,339,162.40098236602495,164,144,143.93831328657345,3.1980606621906578,1.4155534245381802,False
488,340,113.0789430353976,164,107,107.17514165667299,2.884111299043187,0.8781328786946616,False
489,341,8.416700092761749,160,29,43.20719999314807,0.8597959216436324,1.351708177667485,False
490,342,30.248561643753572,161,47,48.84375371991,1.3801755793201549,1.011736139214893,False
491,145,165.89389153901655,160,114,113.77421884847318,3.16460372420154,1.3489815189531904,False
492,343,193.6017490147842,160,129,129.12557848979964,3.236292997007184,1.3489815189531904,False
493,100,124.81246607539046,166,91,91.45199513970331,2.0739831885470825,0.6744907594765952,False
494,126,21.440568062058524,157,36,46.86951568654151,1.3166488277118242,2.3607176581680833,False
495,313,152.13108076926238,164,136,136.21299446242028,3.1735341441986997,1.2321461888368026,False
496,306,147.37384234106162,160,103,103.73709917917108,3.0479541642688908,1.3489815189531904,False
497,344,14.241797975429929,157,32,48.16750946461877,1.0847120531589616,2.3607176581680833,False
498,121,174.94121126149878,161,134,134.56928789946988,3.228875506210645,1.2579004744403932,False
499,345,77.36328561055086,166,66,66.44748723521593,1.50223662900786,0.6744907594765952,False
500,346,168.98962523236113,160,116,115.48222705802468,3.1775677624855283,1.3489815189531904,False
501,347,162.63260333111873,164,126,126.67426600292416,2.8406390072400676,1.005686691347517,False
502,96,20.342862175689024,161,38,44.18167039849802,1.056789356884972,1.1347142968527093,False
503,348,136.99317513689638,164,109,110.37090660930225,2.6609474615286492,0.6323115542405184,False
504,125,60.37819969427708,164,67,69.45358562781038,1.8767048301053437,0.4515090921869328,False
505,344,14.241797975429929,157,32,48.16750946461877,1.0847120531589616,2.3607176581680833,False
506,251,68.17062185973276,160,60,61.7074274327077,2.0713479707582936,1.3489815189531904,False
507,299,159.56734218572208,164,123,124.70423514961287,2.825731053440097,0.9589160762730181,False
508,188,109.14841073828256,164,93,93.09695944533182,2.317428736740903,0.25391589281700894,False
509,98,172.87672926740026,161,133,133.22400761373004,3.225423604547523,1.2540981064216106,False
510,211,90.77744977822879,166,71,73.37801408065329,1.6803516615892071,0.6744907594765952,False
511,333,108.95309388904909,164,104,104.15791898644518,2.8255998481197953,0.8136808486439382,False
512,349,36.1991162516392,160,43,45.93304465509356,1.4290038942312746,1.3489815189531904,False
513,47,100.67068026113056,164,97,98.11327636668608,2.6912135574250247,0.6656505210828431,False
514,250,188.85815898077723,163,163,164.12621530921177,3.3243089048459527,1.8948355601836584,False
515,350,75.30161551795237,166,63,65.4110572691208,1.4736282266487446,0.675554407013373,False
516,351,144.19094949028315,164,114,114.91778537238679,2.7252527343193655,0.7265754128223868,False
517,334,8.61461203365348,157,29,55.73267930947285,0.9542588093941282,2.3607176581680833,False
518,190,30.841396528201837,157,45,49.534796718554375,1.6339720216240783,2.3607176581680833,False
519,311,152.52024676113524,160,107,106.51981145296212,3.086489281708642,1.3489815189531904,False
520,225,116.58144284803573,166,86,87.05581823868346,1.9850495692945622,0.6744907594765952,False
521,352,87.46502835261573,164,79,80.16210620845555,1.9936863106092058,0.10269561225494128,False
522,353,29.280061096534595,160,40,43.25944594693931,1.2731924972501383,1.3489815189531904,False
523,354,146.2568186051299,164,115,116.24401179511402,2.7413242542890446,0.7580614301173677,False
524,103,83.55063533642381,166,68,69.61638338461476,1.5861969421850644,0.6744907594765952,False
525,13,145.3263213257126,166,102,102.6195362480951,2.282426956334229,0.6934083177877567,False
526,214,54.56885503098035,161,58,61.50642874852051,1.7453559472308668,1.011736139214893,False
527,355,116.17244089677851,164,111,109.43765591655391,2.924567157860778,0.9226961596779535,False
528,356,129.8011432658217,164,104,105.87919036721225,2.5844437297780285,0.5480405142993049,False
529,111,131.61005380334282,164,121,120.83998043021349,3.0728524860849245,1.08603667302973,False
530,218,72.71366299248933,164,76,78.11252883049379,2.1532250107927995,0.2852536598243096,False
531,279,32.23319671182237,161,47,50.030396035116105,1.4449275481564325,1.011736139214893,False
532,262,183.1864611917974,161,138,139.93174751361838,3.2395700038255133,1.3204333175497163,False
533,357,59.10823405217551,160,55,56.971506705312606,1.9058978506056006,1.3489815189531904,False
534,358,133.04022944079728,166,95,95.9146813214251,2.1594749938841846,0.6744907594765952,False
535,214,54.56885503098035,161,58,61.50642874852051,1.7453559472308668,1.011736139214893,False
536,359,25.364988332037736,160,37,41.98270185377987,1.182319289990643,1.3489815189531904,False
537,360,104.81534398286101,164,101,101.12392769185378,2.7611977519968613,0.7427401050947897,False
538,128,30.266075421143398,160,41,43.611990961283325,1.2955082710833208,1.3489815189531904,False
539,45,57.10344054553571,160,53,55.93805362683675,1.8674247515256461,1.3489815189531904,False
540,97,130.98956559324444,166,94,94.8001507835217,2.1386208618059017,0.6744907594765952,False
541,361,165.46160935219984,164,147,146.24591197954837,3.202785592089505,1.4703382569859251,False
542,268,34.63779685797781,157,46,51.2405386245918,1.760456636861173,2.3607176581680833,False
543,28,24.240068136530592,157,40,47.34846162286666,1.4107098277483805,2.3607176581680833,False
544,177,102.13481576492747,166,76,79.34578415539897,1.820135814251638,0.6744907594765952,False
545,232,125.44054248242084,164,116,116.26374170650837,3.0228579494170535,1.0309662666590445,False
546,362,152.40657983757575,164,119,120.1448277074441,2.78451033216433,0.8506709236211948,False
547,338,179.71333709424977,164,156,157.0629884853454,3.215603902965104,1.7271470884992344,False
548,316,117.40266240163496,164,96,98.13974896308662,2.43030552251479,0.3782528879507114,False
549,363,72.22263078648464,160,62,63.83615054081559,2.1408900788613696,1.3489815189531904,False
550,117,68.59471113038528,164,72,75.20962803386436,2.0645350074216497,0.3407682445755923,False
551,30,119.67028318582142,166,88,88.70073256852513,2.019124574936745,0.6744907594765952,False
552,37,195.63913190096895,160,130,130.25899558955837,3.2383645621501693,1.3715164579806176,False
553,118,94.69797639221322,164,83,84.44603804226625,2.106384552515955,0.021757766434728876,False
554,6,46.13166860909622,161,57,59.41392671329014,1.8875542226421074,1.011736139214893,False
555,313,152.13108076926238,164,136,136.21299446242028,3.1735341441986997,1.2321461888368026,False
556,332,146.34842019708375,166,103,103.17943327668117,2.2921874967771827,0.7071840054671801,False
557,256,98.5983180213225,164,95,96.6102870086507,2.655339313093946,0.626134018976256,False
558,83,185.42780414396887,160,125,124.57444166890632,3.224702137714413,1.3489815189531904,False
559,53,112.0476994608148,164,105,106.41952795952271,2.870068885499713,0.8626647601399934,False
560,53,112.0476994608148,164,105,106.41952795952271,2.870068885499713,0.8626647601399934,False
561,281,95.4819573325756,164,92,94.34349724059385,2.5984342791164003,0.5634515029545595,False
562,364,56.27521935010875,164,64,66.56230447124646,1.7784096838690269,0.5068084153338722,False
563,365,155.4772613505424,164,121,122.0936864269329,2.8034613702572906,0.8969388898566402,False
564,145,165.89389153901655,160,114,113.77421884847318,3.16460372420154,1.3489815189531904,False
565,56,142.89778052792508,164,129,129.27233402847182,3.138520060248461,1.1583713766912034,False
566,32,139.04506462467992,164,111,111.66099152423442,2.680376833619211,0.6537135610970418,False
567,366,149.04711454914354,164,133,133.88857985510768,3.163392195971564,1.1857687427409696,False
568,257,92.6326293423275,164,82,83.22145699888651,2.0747337762089733,0.02592893051830019,False
569,91,124.65169720199064,164,102,102.67098614147298,2.5234198611242658,0.4808209845454916,False
570,130,39.17010808017771,160,45,47.22637405418851,1.4961506019600777,1.3489815189531904,False
571,367,27.2744148405028,161,44,47.211204594390786,1.2829393418890014,1.011736139214893,False
572,221,15.90928745108307,160,32,40.352389226063416,0.9734832110051955,1.3489815189531904,False
573,109,18.686075333227038,157,36,46.809882089039576,1.2236232035948398,2.3607176581680833,False
574,368,119.26318385938684,164,112,111.71443142275568,2.9604393641410898,0.9622104168135615,False
575,20,134.69175059218284,164,125,123.1338483581174,3.093868760563964,1.1091866980744138,False
576,236,149.3352253393489,164,118,118.19148909050085,2.7641900530418333,0.8042965998842605,False
577,369,89.24419233673324,164,88,89.81713366756958,2.483178227692832,0.43649367892784735,False
578,77,2.703350790206454,151,3,62.51059394836926,2.0597894391861957,4.384189936597869,False
579,205,96.97369963130497,166,75,76.6255263564612,1.7577145684604574,0.6744907594765952,False
580,370,73.23975069336593,166,62,64.36758855480821,1.44498050800729,0.7071106852055029,False
581,239,174.14641572413592,160,119,118.32263174049076,3.196366861276315,1.3489815189531904,False
582,174,14.520553589672321,161,36,43.31717189469786,0.8849967801971748,1.3239487140554214,False
583,133,170.55946495487356,164,149,150.0881975616377,3.2091726097082147,1.5615581785745352,False
584,161,92.36159161834775,164,91,92.06626500239383,2.541912330919933,0.5011909668339665,False
585,70,143.28211739503664,166,102,101.49772049221723,2.262831465693596,0.6744907594765952,False
586,23,159.71657465483372,160,109,110.40530247671742,3.1327590173741005,1.3489815189531904,False
587,340,113.0789430353976,164,107,107.17514165667299,2.884111299043187,0.8781328786946616,False
588,371,126.46963127780118,164,116,117.02214281716273,3.032158127047378,1.0412106772598264,False
589,372,18.373309010536495,161,38,43.65120358330958,0.9972423277855357,1.2003070457656209,False
590,260,73.74371737586564,164,77,78.8378928171672,2.175481078148495,0.27137074900651625,False
591,373,81.99677159991116,164,83,84.67381292630348,2.344793566672157,0.28405903254826126,False
592,143,67.85058743552925,164,66,68.81462840327355,1.6635049049876918,0.4663998366668549,False
593,374,35.20811224103583,160,42,45.52016080265379,1.4068853672416661,1.3489815189531904,False
594,210,148.3104239482628,164,115,117.54420739438473,2.756777761472027,0.788929448145022,False
595,375,180.72810070150794,164,156,157.84650013110266,3.215846611320703,1.7457484832583603,False
596,196,11.558621633835386,160,29,41.125729740325006,0.8973577224379602,1.3489815189531904,False
597,142,122.35327709594253,164,115,113.98263130999992,2.993654143213329,0.9987974421754,False
598,376,99.63450071991619,164,97,97.3635934067589,2.6733476679460058,0.6459707348630096,False
599,186,109.98513347447268,164,105,104.90660867409575,2.841205364675976,0.8308707696963646,False
600,377,120.50163702222038,164,99,100.05013964291373,2.471207856625463,0.4233079741884026,False
601,58,7.2152410877539666,157,29,60.102001176772475,0.9389269564072386,2.3607176581680833,False
602,17,5.846769743476025,151,25,47.46702090677712,1.8979298484804543,4.384189936597869,False
603,378,35.59151306013435,157,48,51.708687071043535,1.7914929547428116,2.3607176581680833,False
604,263,5.243768960851287,151,23,48.63774038975223,1.8776666623665388,4.384189936597869,False
605,312,26.33647203106727,160,37,42.27984539806007,1.2057232872572565,1.3489815189531904,False
606,204,44.47629580349733,161,52,56.06499304257495,1.5113030687398221,1.011736139214893,False
607,379,94.91025506587835,166,75,75.54803093754633,1.732242528296775,0.6744907594765952,False
608,4,125.84012150811344,166,92,92.00367983196911,2.0847551915114146,0.6744907594765952,False
609,71,72.9996587486652,164,69,71.69874263099855,1.7532798760138548,0.36751014859610687,False
610,380,62.430598821363674,164,68,70.88975845342823,1.9250386506637602,0.42384717986103704,False
611,143,67.85058743552925,164,66,68.81462840327355,1.6635049049876918,0.4663998366668549,False
612,358,133.04022944079728,166,95,95.9146813214251,2.1594749938841846,0.6744907594765952,False
613,121,174.94121126149878,161,134,134.56928789946988,3.228875506210645,1.2579004744403932,False
614,381,67.15619324751142,160,60,61.17035567291803,2.0542983075343293,1.3489815189531904,False
615,172,160.35533706979433,164,142,142.4068576654325,3.1939057376879156,1.3791950491149387,False
616,382,93.40166066017105,164,92,92.82489171849254,2.560705336350744,0.5218919976861308,False
617,15,40.158718254225185,161,52,55.21246346496801,1.7024803923172382,1.011736139214893,False
618,383,33.68219066006812,157,46,50.788066388328645,1.7299331983357524,2.3607176581680833,False
619,384,103.77920123692091,164,100,100.3672675003552,2.744300389304571,0.7241271787216707,False
620,34,163.6538882367355,164,126,127.3322598348443,2.845278921259143,1.0213081605150707,False
621,233,176.20892331107567,160,119,119.46684923113487,3.202811640367175,1.3489815189531904,False
622,143,67.85058743552925,164,66,68.81462840327355,1.6635049049876918,0.4663998366668549,False
623,385,12.403807843199306,160,29,40.861166000196555,0.9096262338338382,1.3489815189531904,False
624,12,161.61131852087465,164,125,126.0156464334093,2.8359116530410082,0.990050366507967,False
625,256,98.5983180213225,164,95,96.6102870086507,2.655339313093946,0.626134018976256,False
626,3,182.16404320869864,161,138,139.2728873100211,3.238452755753201,1.3047912798026633,False
627,226,186.8196978592468,163,163,162.54553856564883,3.325642012108319,1.8573086232800393,False
628,123,58.32468716056789,164,67,68.00270227538793,1.8282217625344257,0.47918601083200435,False
629,80,89.74398238482371,166,71,72.83397686621312,1.6671371446778092,0.6744907594765952,False
630,386,79.93145854054482,164,82,83.21266036013039,2.303748463458919,0.23884668207692705,False
631,387,49.13470134563658,161,59,61.56412208900472,1.9758299346865218,1.011736139214893,False
632,276,167.75405603848304,161,129,129.9475602761159,3.213904227691305,1.2414091846535509,False
633,161,92.36159161834775,164,91,92.06626500239383,2.541912330919933,0.5011909668339665,False
634,251,68.17062185973276,160,60,61.7074274327077,2.0713479707582936,1.3489815189531904,False
635,209,64.48373907536981,164,70,72.3268855086981,1.9719263984470954,0.3961752787431952,False
636,342,30.248561643753572,161,47,48.84375371991,1.3801755793201549,1.011736139214893,False
637,68,114.52205058227008,166,86,85.95347600807527,1.9624030310746063,0.6744907594765952,False
638,130,39.17010808017771,160,45,47.22637405418851,1.4961506019600777,1.3489815189531904,False
639,276,167.75405603848304,161,129,129.9475602761159,3.213904227691305,1.2414091846535509,False
640,182,32.730549319060884,157,46,50.354373393214814,1.698902097233726,2.3607176581680833,False
641,261,196.65672618306587,160,132,130.82850584264472,3.239088678864786,1.3852314335149598,False
642,334,8.61461203365348,157,29,55.73267930947285,0.9542588093941282,2.3607176581680833,False
643,355,116.17244089677851,164,111,109.43765591655391,2.924567157860778,0.9226961596779535,False
644,388,22.457954391411043,160,36,41.18230346503687,1.115237296728684,1.3489815189531904,False
645,70,143.28211739503664,166,102,101.49772049221723,2.262831465693596,0.6744907594765952,False
646,53,112.0476994608148,164,105,106.41952795952271,2.870068885499713,0.8626647601399934,False
647,389,55.579015112178666,161,58,62.05612244885226,1.7677371719221162,1.011736139214893,False
648,87,169.80336939464996,161,130,131.26005729822788,3.2187379662861093,1.246733685417984,False
649,390,144.94765347415162,164,130,130.80570344069343,3.1479022677660953,1.1687061455497025,False
650,391,134.9390171843394,164,108,109.08768509757002,2.6400779920164577,0.6093232390489582,False
651,316,117.40266240163496,164,96,98.13974896308662,2.43030552251479,0.3782528879507114,False
652,154,56.594733508362104,161,58,62.62478062223882,1.7890083600218643,1.011736139214893,False
653,248,20.520519483812638,157,36,46.79619774002222,1.284633675608115,2.3607176581680833,False
654,175,27.99427883143091,157,43,48.43919905027035,1.5395187682978662,2.3607176581680833,False
655,137,188.4905310082839,160,127,126.27424449831142,3.2299350619843015,1.3489815189531904,False
656,392,17.39638305234985,161,36,43.472362460626385,0.9686519949969313,1.231800111806043,False
657,148,156.6334380217536,160,109,108.74347983184023,3.113929397519968,1.3489815189531904,False
658,269,164.8605237498769,160,113,113.20845876604125,3.1595653287939496,1.3489815189531904,False
659,362,152.40657983757575,164,119,120.1448277074441,2.78451033216433,0.8506709236211948,False
660,302,167.95916902914743,160,114,114.91564632639394,3.173346146954777,1.3489815189531904,False
661,318,108.33831302157677,166,81,82.66581326649059,1.8927023874025737,0.6744907594765952,False
662,294,7.925760487146572,155,29,44.6607148721564,1.3048316699352045,3.0352084176446783,False
663,4,125.84012150811344,166,92,92.00367983196911,2.0847551915114146,0.6744907594765952,False
664,393,187.8365661130523,163,163,163.33351312994247,3.324977986666267,1.8760159724431902,False
665,82,160.58986268941894,164,125,125.35678462928725,2.8310399842966087,0.9744082907627637,False
666,308,48.12041974526425,160,49,51.406656945399924,1.6858131966919454,1.3489815189531904,False
667,394,9.951344857956306,160,29,41.93032884628667,0.8720848885632478,1.3489815189531904,False
668,60,139.8229713767275,164,128,126.96337053010316,3.123709321547474,1.142056926087692,False
669,229,66.53906132571252,164,72,73.77203098577193,2.01826461668961,0.3684739690222405,False
670,290,50.108303095275176,160,51,52.37844652889399,1.727550734435184,1.3489815189531904,False
671,122,190.89096870155407,163,164,165.69690068102554,3.32303373946828,1.9321252913595792,False
672,93,177.23395723032965,160,119,120.02916832449797,3.205959090869888,1.3489815189531904,False
673,262,183.1864611917974,161,138,139.93174751361838,3.2395700038255133,1.3204333175497163,False
674,395,36.54362508988995,157,48,52.18678256610942,1.8227610496954318,2.3607176581680833,False
675,121,174.94121126149878,161,134,134.56928789946988,3.228875506210645,1.2579004744403932,False
676,257,92.6326293423275,164,82,83.22145699888651,2.0747337762089733,0.02592893051830019,False
677,214,54.56885503098035,161,58,61.50642874852051,1.7453559472308668,1.011736139214893,False
678,242,47.13288907750829,161,57,60.129540444041226,1.9168523136508155,1.011736139214893,False
679,233,176.20892331107567,160,119,119.46684923113487,3.202811640367175,1.3489815189531904,False
680,69,158.5448217896913,164,123,124.05187685227317,2.820321824758115,0.943428400654006,False
681,396,51.16183825506593,164,59,62.9823139065152,1.6507751190789368,0.5757257607338147,False
682,397,136.7445597876765,164,126,124.66604651355344,3.1063350179957983,1.122918635770996,False
683,398,173.11434375661057,160,119,117.74924522301434,3.1930524873877935,1.3489815189531904,False
684,399,123.61725782415871,164,102,102.02516738390358,2.5104791619204834,0.466566435721338,False
685,219,10.746674016759693,160,29,41.48692435951013,0.8837458319977615,1.3489815189531904,False
686,400,74.0312495324795,164,70,72.29442509660672,1.7708037678823794,0.3482070824869696,False
687,119,57.298244459640806,164,64,67.27689854145238,1.8039229465076383,0.49302024396233385,False
688,303,122.7555896413525,166,88,90.3539054855643,2.0519461871362883,0.6744907594765952,False
689,134,91.32246208649279,164,91,91.31843472244816,2.522289188976648,0.47957551696460393,False
690,401,67.56685119808691,164,72,74.49210955213566,2.0414550310514787,0.3546215789272294,False
691,291,2.4532116321078687,141,3,116.30192332559994,2.2821937537846795,7.7566437339808445,True
692,394,9.951344857956306,160,29,41.93032884628667,0.8720848885632478,1.3489815189531904,False
693,43,89.53450890113623,164,80,81.39087315824214,2.026717317226454,0.06938892609576394,False
694,402,181.13757928584084,161,138,138.6067883366212,3.23732848373984,1.2889773860080351,False
695,166,139.18824245045616,166,99,99.26516352703965,2.2221311908032644,0.6744907594765952,False
696,403,166.92658447855084,160,114,114.34495294290245,3.169053859233614,1.3489815189531904,False
697,142,122.35327709594253,164,115,113.98263130999992,2.993654143213329,0.9987974421754,False
698,404,34.2099979105164,161,47,51.24799657266672,1.5102333451006869,1.011736139214893,False
699,198,98.00522487393178,166,75,77.16979013911063,1.7701704883312315,0.6744907594765952,False
700,405,13.38212572686157,157,32,48.7396083310662,1.0607488459870453,2.3607176581680833,False
701,381,67.15619324751142,160,60,61.17035567291803,2.0542983075343293,1.3489815189531904,False
702,124,186.24996604596532,161,141,141.91540089594315,3.241981561232443,1.3675273458640436,False
703,231,112.24167349233127,164,93,94.97465892180823,2.3602989279043034,0.3011386296580658,False
704,182,32.730549319060884,157,46,50.354373393214814,1.698902097233726,2.3607176581680833,False
705,406,19.357347738492624,161,38,43.89426742896319,1.0264896393810938,1.1680902988535018,False
706,14,22.31482288824742,161,40,44.90463335474273,1.1217435846642356,1.0631653645551344,False
707,166,139.18824245045616,166,99,99.26516352703965,2.2221311908032644,0.6744907594765952,False
708,7,58.62629131400764,161,60,63.757328691591276,1.8312764290130499,1.011736139214893,False
709,208,3.432455950933298,157,15,92.08024399841419,1.0691380276793223,2.3607176581680833,False
710,407,143.1614125254272,164,113,114.26106679016571,2.7169376736695074,0.7109842194308185,False
711,408,48.508755424167134,161,54,58.197507809905964,1.6075023305097094,1.011736139214893,False
712,409,182.75753355608686,163,158,159.41444813456465,3.327387826142378,1.782973226415803,False
713,154,56.594733508362104,161,58,62.62478062223882,1.7890083600218643,1.011736139214893,False
714,264,4.111300308865549,151,21,52.21383371515551,1.8760841344542727,4.384189936597869,False
715,410,3.84597303715285,157,16,85.42371884953373,1.0278869130291446,2.3607176581680833,False
716,335,105.85146531914287,164,101,101.88724033268997,2.777558092040508,0.7607614857218701,False
717,411,118.43578632862547,164,99,98.77485706989222,2.4440652185833907,0.39340958515282676,False
718,217,27.05375403892895,157,42,48.12853894121223,1.5073360321032847,2.3607176581680833,False
719,77,2.703350790206454,151,3,62.51059394836926,2.0597894391861957,4.384189936597869,False
720,52,129.96133583574837,166,94,94.2451685515446,2.1277784886253395,0.6744907594765952,False
721,111,131.61005380334282,164,121,120.83998043021349,3.0728524860849245,1.08603667302973,False
722,85,91.59998840396362,164,80,82.60860209678937,2.05900702054807,0.04351553286945775,False
723,173,31.251348982524068,160,41,43.96852361542815,1.317900372186622,1.3489815189531904,False
724,306,147.37384234106162,160,103,103.73709917917108,3.0479541642688908,1.3489815189531904,False
725,218,72.71366299248933,164,76,78.11252883049379,2.1532250107927995,0.2852536598243096,False
726,356,129.8011432658217,164,104,105.87919036721225,2.5844437297780285,0.5480405142993049,False
727,412,65.51136104207833,164,70,73.05077995963494,1.9951020553156202,0.3823251516543152,False
728,413,63.12615513134549,160,58,59.06258815322653,1.9810326274164713,1.3489815189531904,False
729,99,27.308435799580256,160,39,42.58637329320546,1.229342444604008,1.3489815189531904,False
730,414,121.53405956167775,164,100,100.69495521099853,2.484311064299826,0.43774153072239835,False
731,181,128.77267417085585,164,104,105.24000073242242,2.572578774237932,0.5349709277661999,False
732,284,12.730358847979556,155,34,43.254081907594994,1.5198136851486104,3.0352084176446783,False
733,316,117.40266240163496,164,96,98.13974896308662,2.43030552251479,0.3782528879507114,False
734,415,123.38236540176062,164,115,114.74431220336973,3.003610706366684,1.009764880128736,False
735,351,144.19094949028315,164,114,114.91778537238679,2.7252527343193655,0.7265754128223868,False
736,360,104.81534398286101,164,101,101.12392769185378,2.7611977519968613,0.7427401050947897,False
737,251,68.17062185973276,160,60,61.7074274327077,2.0713479707582936,1.3489815189531904,False
738,373,81.99677159991116,164,83,84.67381292630348,2.344793566672157,0.28405903254826126,False
739,282,17.773289156233833,157,35,46.91116497954942,1.194939996997273,2.3607176581680833,False
740,416,24.29597385059102,161,41,45.75346199438034,1.1863104731837286,1.011736139214893,False
741,417,18.672842135573813,160,32,40.52346906704577,1.030968635520679,1.3489815189531904,False
742,314,111.21058900500259,164,93,94.34945802544165,2.3459694531036197,0.2853543049508566,False
743,47,100.67068026113056,164,97,98.11327636668608,2.6912135574250247,0.6656505210828431,False
744,418,87.17139344047341,164,87,88.33228045400068,2.444635257218392,0.39403749894838913,False
745,61,6.974128036854599,160,26,45.11171790598726,0.8634139367663816,1.3489815189531904,False
746,66,114.11018614755625,164,107,107.9297836930221,2.897912627783558,0.8933354354707521,False
747,419,126.71573209367975,164,102,103.95865516326523,2.5485316608220465,0.508482347290849,False
748,1,107.08533957473863,164,91,91.85548124662908,2.288426896246039,0.2219695393152197,False
749,289,171.85268284869505,161,132,132.5677447590566,3.2233982481039765,1.25186711860123,False
750,420,37.49420562121005,157,48,52.67160190007611,1.8541035911662993,2.3607176581680833,False
751,404,34.2099979105164,161,47,51.24799657266672,1.5102333451006869,1.011736139214893,False
752,421,68.8802866915482,164,67,69.39271637303679,1.6813885154929638,0.44670053023177175,False
753,422,142.2592981016185,166,100,100.93840417756755,2.252827893809975,0.6744907594765952,False
754,205,96.97369963130497,166,75,76.6255263564612,1.7577145684604574,0.6744907594765952,False
755,423,35.201913674791534,161,48,51.87939061358829,1.541930977095658,1.011736139214893,False
756,310,185.80521293288987,163,162,161.76034235161683,3.3263085209209957,1.8386672350892315,False
757,287,121.32367927221078,164,114,113.22521742995,2.9831209414284943,0.9871948203423616,False
758,424,16.815560518712783,160,32,40.365176075197056,0.9928326183128039,1.3489815189531904,False
759,325,15.472955468524184,161,36,43.30268578230703,0.9115123876265997,1.2947410171023577,False
760,43,89.53450890113623,164,80,81.39087315824214,2.026717317226454,0.06938892609576394,False
761,409,182.75753355608686,163,158,159.41444813456465,3.327387826142378,1.782973226415803,False
762,101,80.22685727850407,164,73,75.88428286708661,1.875462563790042,0.23292243730281648,False
763,364,56.27521935010875,164,64,66.56230447124646,1.7784096838690269,0.5068084153338722,False
764,270,135.96609638235606,164,108,109.72951926742165,2.650584364543776,0.6208963076905376,False
765,425,78.3940948981279,166,67,66.96603713940502,1.516658707663684,0.6744907594765952,False
766,426,127.498720252808,164,117,117.78038941423343,3.0412491672920177,1.0512247170724267,False
767,427,34.215685387158096,160,41,45.11877358329703,1.3853073995290761,1.3489815189531904,False
768,284,12.730358847979556,155,34,43.254081907594994,1.5198136851486104,3.0352084176446783,False
769,384,103.77920123692091,164,100,100.3672675003552,2.744300389304571,0.7241271787216707,False
770,384,103.77920123692091,164,100,100.3672675003552,2.744300389304571,0.7241271787216707,False
771,54,189.30500799000592,161,144,143.88254765969518,3.2439929250076345,1.4142294896034924,False
772,309,165.7037777885335,161,127,128.63843761105625,3.2084663537758713,1.2354192116229992,False
773,428,94.44181084452886,164,92,93.58572888784818,2.5795747721206244,0.5426772187341072,False
774,429,126.86716252508097,166,92,92.55802649190099,2.095363335065388,0.6744907594765952,False
775,313,152.13108076926238,164,136,136.21299446242028,3.1735341441986997,1.2321461888368026,False
776,430,85.10123315596273,164,85,86.86390156121061,2.4048136948676078,0.35017291359295366,False
777,431,23.29993611502457,161,41,45.31256980349362,1.1551394506667405,1.026378866780852,False
778,343,193.6017490147842,160,129,129.12557848979964,3.236292997007184,1.3489815189531904,False
779,175,27.99427883143091,157,43,48.43919905027035,1.5395187682978662,2.3607176581680833,False
780,215,96.522099418275,164,92,95.10402368952032,2.6175032200512844,0.5844564846252375,False
781,318,108.33831302157677,166,81,82.66581326649059,1.8927023874025737,0.6744907594765952,False
782,103,83.55063533642381,166,68,69.61638338461476,1.5861969421850644,0.6744907594765952,False
783,273,80.9632900882941,164,82,83.93937520923865,2.324705316030506,0.2619312521977566,False
784,138,58.10606094631098,160,55,56.45503670773363,1.886617925607917,1.3489815189531904,False
785,358,133.04022944079728,166,95,95.9146813214251,2.1594749938841846,0.6744907594765952,False
786,261,196.65672618306587,160,132,130.82850584264472,3.239088678864786,1.3852314335149598,False
787,377,120.50163702222038,164,99,100.05013964291373,2.471207856625463,0.4233079741884026,False
788,335,105.85146531914287,164,101,101.88724033268997,2.777558092040508,0.7607614857218701,False
789,432,132.8848572209663,164,105,107.80135702051308,2.618632902258801,0.5857008617589022,False
790,95,26.116946592232075,157,40,47.842163459264015,1.474645223167201,2.3607176581680833,False
791,69,158.5448217896913,164,123,124.05187685227317,2.820321824758115,0.943428400654006,False
792,433,53.10535605754746,160,53,53.89075892059666,1.7877367405675644,1.3489815189531904,False
793,268,34.63779685797781,157,46,51.2405386245918,1.760456636861173,2.3607176581680833,False
794,434,4.810898755807535,157,21,74.3661665494069,0.9702407589259786,2.3607176581680833,False
795,435,62.711445346334926,164,63,65.99310315505004,1.5709090907410177,0.5683967639044251,False
796,267,2.7252244847719456,157,3,108.02251474446958,1.1835564424484981,2.3607176581680833,False
797,14,22.31482288824742,161,40,44.90463335474273,1.1217435846642356,1.0631653645551344,False
798,88,74.27071809235947,166,62,64.8897747433167,1.4593059149965166,0.6913308413084963,False
799,383,33.68219066006812,157,46,50.788066388328645,1.7299331983357524,2.3607176581680833,False
800,436,42.15111894807327,161,55,56.596404124774104,1.7636327016747977,1.011736139214893,False
801,302,167.95916902914743,160,114,114.91564632639394,3.173346146954777,1.3489815189531904,False
802,437,121.72715227898294,166,88,89.80413593253722,2.04098919403439,0.6744907594765952,False
803,110,71.9697109210964,164,69,71.1179949097991,1.7350553571768457,0.38758497527030417,False
804,438,69.18498071291457,160,61,62.2440924633598,2.088538659774893,1.3489815189531904,False
805,208,3.432455950933298,157,15,92.08024399841419,1.0691380276793223,2.3607176581680833,False
806,318,108.33831302157677,166,81,82.66581326649059,1.8927023874025737,0.6744907594765952,False
807,439,115.14142893411139,164,108,108.68211784419519,2.9114622778634645,0.9082607610325867,False
808,308,48.12041974526425,160,49,51.406656945399924,1.6858131966919454,1.3489815189531904,False
809,440,66.14719652047935,160,59,60.64329238480093,2.036269187821147,1.3489815189531904,False
810,267,2.7252244847719456,157,3,108.02251474446958,1.1835564424484981,2.3607176581680833,False
811,389,55.579015112178666,161,58,62.05612244885226,1.7677371719221162,1.011736139214893,False
812,95,26.116946592232075,157,40,47.842163459264015,1.474645223167201,2.3607176581680833,False
813,441,101.70685653265124,164,99,98.8631182437882,2.709005136632971,0.685248452422159,False
814,275,172.5971308580513,164,152,151.63319928290855,3.2111390620553357,1.598238152735112,False
815,115,65.79446331639436,164,65,67.67481743538352,1.6264052240149642,0.5072661921441305,False
816,156,138.7973693372071,164,128,126.19545627055187,3.11827265544558,1.1360682834981624,False
817,442,24.39441057155467,160,36,41.700237609016696,1.1594132667079589,1.3489815189531904,False
818,443,118.23293623741881,164,111,110.95679575014312,2.948729289497155,0.9493114359997841,False
819,274,88.20708267969752,164,87,89.07114790575969,2.463784500560953,0.41513093600875717,False
820,347,162.63260333111873,164,126,126.67426600292416,2.8406390072400676,1.005686691347517,False
821,444,132.01498111966077,166,94,95.35737995670752,2.1490489644031596,0.6744907594765952,False
822,445,151.3827948590852,164,118,119.49438802474432,2.7778671708811666,0.835228797941997,False
823,446,161.76984525576313,160,111,111.52203597991598,3.143918452388561,1.3489815189531904,False
824,188,109.14841073828256,164,93,93.09695944533182,2.317428736740903,0.25391589281700894,False
825,350,75.30161551795237,166,63,65.4110572691208,1.4736282266487446,0.675554407013373,False
826,447,150.46221325300718,160,105,105.407032233315,3.071579516742695,1.3489815189531904,False
827,448,186.44871302212619,160,126,125.14212403017667,3.226480185910666,1.3489815189531904,False
828,449,181.7426360382278,164,156,158.63092433653017,3.216035310576999,1.7643715431487694,False
829,142,122.35327709594253,164,115,113.98263130999992,2.993654143213329,0.9987974421754,False
830,450,114.30359998536004,164,95,96.22541364647788,2.388929208182035,0.3326756989957751,False
831,92,170.02000029275612,160,116,116.04736385384565,3.1817138913121696,1.3489815189531904,False
832,208,3.432455950933298,157,15,92.08024399841419,1.0691380276793223,2.3607176581680833,False
833,430,85.10123315596273,164,85,86.86390156121061,2.4048136948676078,0.35017291359295366,False
834,348,136.99317513689638,164,109,110.37090660930225,2.6609474615286492,0.6323115542405184,False
835,451,47.50198485970368,161,53,57.6589430875668,1.5833106149644438,1.011736139214893,False
836,393,187.8365661130523,163,163,163.33351312994247,3.324977986666267,1.8760159724431902,False
837,87,169.80336939464996,161,130,131.26005729822788,3.2187379662861093,1.246733685417984,False
838,138,58.10606094631098,160,55,56.45503670773363,1.886617925607917,1.3489815189531904,False
839,452,181.33252585280562,160,122,122.2965064700784,3.2162451878687164,1.3489815189531904,False
840,221,15.90928745108307,160,32,40.352389226063416,0.9734832110051955,1.3489815189531904,False
841,453,52.10717611380001,160,51,53.3846553081108,1.7674720075464514,1.3489815189531904,False
842,154,56.594733508362104,161,58,62.62478062223882,1.7890083600218643,1.011736139214893,False
843,23,159.71657465483372,160,109,110.40530247671742,3.1327590173741005,1.3489815189531904,False
844,90,41.465155774366025,161,50,54.582039675826145,1.4361413257284172,1.011736139214893,False
845,8,96.7633163465348,164,84,85.67185472797154,2.138110855633886,0.056392138417661296,False
846,293,7.891494538483159,157,29,57.75690546798453,0.9464198732728651,2.3607176581680833,False
847,454,28.2941305320687,160,39,42.91692568587121,1.25106826304113,1.3489815189531904,False
848,194,190.53503578932492,160,128,127.41407411953003,3.2327595803654283,1.3489815189531904,False
849,116,182.35687196799034,160,122,122.86417302376591,3.2186363202882924,1.3489815189531904,False
850,455,177.00365908359169,161,136,135.90663617004205,3.2322138228543493,1.261577725324508,False
851,253,54.1027880509509,160,53,54.400449061135035,1.8082779137996172,1.3489815189531904,False
852,456,157.66115043556536,160,109,109.29778172568564,3.1202903110975253,1.3489815189531904,False
853,390,144.94765347415162,164,130,130.80570344069343,3.1479022677660953,1.1687061455497025,False
854,457,127.74420383048214,164,102,104.59985618510791,2.5606050554279336,0.5217815353928789,False
855,28,24.240068136530592,157,40,47.34846162286666,1.4107098277483805,2.3607176581680833,False
856,322,190.32268275576735,161,144,144.54096485610344,3.2444643915912343,1.4298610098915534,False
857,458,150.35901002949493,164,118,118.84316967190163,2.7710945123988258,0.8197681858104356,False
858,59,137.14085874359705,166,98,98.14352900801744,2.2017150712210154,0.6744907594765952,False
859,2,1.960419751022364,135,2,74.95856872173687,4.965904436869738,9.78011601241063,True
860,459,77.86829667474481,164,80,81.7558320023919,2.2611758436088523,0.21578031854830534,False
861,460,46.130653500050876,160,49,50.44828543079632,1.6442979259391173,1.3489815189531904,False
862,360,104.81534398286101,164,101,101.12392769185378,2.7611977519968613,0.7427401050947897,False
863,18,97.5622378756908,164,95,95.86156273524352,2.636547470615625,0.605434269149389,False
864,212,5.950519901954288,157,21,66.10504852139174,0.9416169412893457,2.3607176581680833,False
865,461,92.84462030468018,166,74,74.46927269414549,1.7062856857101691,0.6744907594765952,False
866,462,5.047573248804104,160,25,49.88416327805758,0.9123112647726936,1.3489815189531904,False
867,80,89.74398238482371,166,71,72.83397686621312,1.6671371446778092,0.6744907594765952,False
868,239,174.14641572413592,160,119,118.32263174049076,3.196366861276315,1.3489815189531904,False
869,463,113.49225742470371,166,85,85.4027407786939,1.9511310370682144,0.6744907594765952,False
870,201,36.19592437460549,161,51,52.534285695186526,1.5736495350291166,1.011736139214893,False
871,250,188.85815898077723,163,163,164.12621530921177,3.3243089048459527,1.8948355601836584,False
872,275,172.5971308580513,164,152,151.63319928290855,3.2111390620553357,1.598238152735112,False
873,283,100.06842649468375,166,76,78.25502943435848,1.795138197625828,0.6744907594765952,False
874,181,128.77267417085585,164,104,105.24000073242242,2.572578774237932,0.5349709277661999,False
875,254,187.26831336681258,161,143,142.57231883996653,3.242662257241605,1.3831232723155538,False
876,368,119.26318385938684,164,112,111.71443142275568,2.9604393641410898,0.9622104168135615,False
877,464,115.33640524853604,164,96,96.86475368247453,2.4027245883095674,0.34787170320536176,False
878,326,153.15710601522485,164,136,136.9858094093721,3.17647700735878,1.2504936326582787,False
879,135,83.3277141514719,164,74,77.70631719291421,1.9267271474683445,0.1764530379693799,False
880,153,15.987991878651753,157,34,47.3536488439481,1.1378236574749712,2.3607176581680833,False
881,67,61.68366667534663,164,62,65.43300329105043,1.5525148740229244,0.5886585176289445,False
882,100,124.81246607539046,166,91,91.45199513970331,2.0739831885470825,0.6744907594765952,False
883,49,151.1036508937477,164,136,135.43417731408482,3.170539272029325,1.2136562464092557,False
884,465,6.305315858852972,160,26,46.41601141389517,0.8713390186005534,1.3489815189531904,False
885,238,3.058596405723839,157,5,99.6129322789578,1.1207235151770303,2.3607176581680833,False
886,466,107.30666189598904,166,81,82.11471405453115,1.8807841494778277,0.6744907594765952,False
887,467,75.06339352119412,164,70,72.89082224740038,1.7882814009134629,0.328954971805083,False
888,262,183.1864611917974,161,138,139.93174751361838,3.2395700038255133,1.3204333175497163,False
889,459,77.86829667474481,164,80,81.7558320023919,2.2611758436088523,0.21578031854830534,False
890,146,151.49123032490198,160,106,105.96416750912597,3.079067964895177,1.3489815189531904,False
891,168,169.54063199910289,164,149,149.31701918085776,3.2081649900738167,1.5432495885640742,False
892,81,76.8367447313626,164,80,81.02718081956613,2.2400474877626895,0.22968341324409752,False
893,7,58.62629131400764,161,60,63.757328691591276,1.8312764290130499,1.011736139214893,False
894,353,29.280061096534595,160,40,43.25944594693931,1.2731924972501383,1.3489815189531904,False
895,287,121.32367927221078,164,114,113.22521742995,2.9831209414284943,0.9871948203423616,False
896,334,8.61461203365348,157,29,55.73267930947285,0.9542588093941282,2.3607176581680833,False
897,242,47.13288907750829,161,57,60.129540444041226,1.9168523136508155,1.011736139214893,False
898,51,178.25922988571827,160,119,120.59546366638133,3.208785990911557,1.3489815189531904,False
899,147,71.68365030093278,164,76,77.38372219923824,2.1309303995673643,0.2991360087263198,False
900,246,95.94218564464283,166,75,76.08227742659467,1.7452273193749537,0.6744907594765952,False
901,422,142.2592981016185,166,100,100.93840417756755,2.252827893809975,0.6744907594765952,False
902,195,154.45415024782542,164,120,121.44297549425995,2.7974187032021516,0.8814903244163274,False
903,247,9.174164288154028,160,29,42.495954992034996,0.8638393192665798,1.3489815189531904,False
904,468,84.06640868602273,164,84,86.13650364056119,2.384801836391511,0.32812928138904657,False
905,70,143.28211739503664,166,102,101.49772049221723,2.262831465693596,0.6744907594765952,False
906,311,152.52024676113524,160,107,106.51981145296212,3.086489281708642,1.3489815189531904,False
907,309,165.7037777885335,161,127,128.63843761105625,3.2084663537758713,1.2354192116229992,False
908,215,96.522099418275,164,92,95.10402368952032,2.6175032200512844,0.5844564846252375,False
909,306,147.37384234106162,160,103,103.73709917917108,3.0479541642688908,1.3489815189531904,False
910,297,112.46143664801393,166,83,84.85815217953792,1.93938493254025,0.6744907594765952,False
911,158,125.6847386340568,164,102,103.31240958317278,2.5362865465975992,0.4949940051370723,False
912,250,188.85815898077723,163,163,164.12621530921177,3.3243089048459527,1.8948355601836584,False
913,178,28.263174709091928,161,44,47.73512502614553,1.3160435286260632,1.011736139214893,False
914,13,145.3263213257126,166,102,102.6195362480951,2.282426956334229,0.6934083177877567,False
915,469,10.278506013250851,155,33,43.3731639934994,1.3975976355974082,3.0352084176446783,False
916,470,179.06430516659205,161,136,137.2433758507319,3.2350800262737964,1.2647349300426673,False
917,240,90.56737575210185,164,80,81.99588563632442,2.043213054307339,0.05502529027752656,False
918,102,93.87830105236762,166,74,75.01184852174045,1.7192710482578772,0.6744907594765952,False
919,322,190.32268275576735,161,144,144.54096485610344,3.2444643915912343,1.4298610098915534,False
920,471,47.12611632583142,160,49,50.927395241729926,1.6650228446432986,1.3489815189531904,False
921,407,143.1614125254272,164,113,114.26106679016571,2.7169376736695074,0.7109842194308185,False
922,63,120.2934315241281,164,112,112.47059308673964,2.9719027929156536,0.974837710175845,False
923,70,143.28211739503664,166,102,101.49772049221723,2.262831465693596,0.6744907594765952,False
924,175,27.99427883143091,157,43,48.43919905027035,1.5395187682978662,2.3607176581680833,False
925,472,138.16455197751839,166,99,98.704927317803,2.211922315183987,0.6744907594765952,False
926,279,32.23319671182237,161,47,50.030396035116105,1.4449275481564325,1.011736139214893,False
927,253,54.1027880509509,160,53,54.400449061135035,1.8082779137996172,1.3489815189531904,False
928,118,94.69797639221322,164,83,84.44603804226625,2.106384552515955,0.021757766434728876,False
929,159,69.62379086111812,164,73,75.93234080049416,2.0869164116901757,0.3268984699726881,False
930,275,172.5971308580513,164,152,151.63319928290855,3.2111390620553357,1.598238152735112,False
931,26,12.533057497549368,157,32,49.450575379384894,1.0392668125386995,2.3607176581680833,False
932,301,184.7894957764388,163,160,160.97846844782217,3.3267030404514837,1.820104722055636,False
933,376,99.63450071991619,164,97,97.3635934067589,2.6733476679460058,0.6459707348630096,False
934,105,145.22388400959466,164,114,115.58103837544724,2.7333633675386886,0.7423217402725407,False
935,379,94.91025506587835,166,75,75.54803093754633,1.732242528296775,0.6744907594765952,False
936,128,30.266075421143398,160,41,43.611990961283325,1.2955082710833208,1.3489815189531904,False
937,320,33.22191402711881,160,41,44.72418526147312,1.3639284799048466,1.3489815189531904,False
938,473,42.15365764443945,160,46,48.57735111240172,1.5599692736962316,1.3489815189531904,False
939,349,36.1991162516392,160,43,45.93304465509356,1.4290038942312746,1.3489815189531904,False
940,350,75.30161551795237,166,63,65.4110572691208,1.4736282266487446,0.675554407013373,False
941,474,149.43319545565137,160,105,104.84887731555878,3.064030161867436,1.3489815189531904,False
942,426,127.498720252808,164,117,117.78038941423343,3.0412491672920177,1.0512247170724267,False
943,475,5.364221977580796,157,21,69.9007287297366,0.9520403085664372,2.3607176581680833,False
944,174,14.520553589672321,161,36,43.31717189469786,0.8849967801971748,1.3239487140554214,False
945,269,164.8605237498769,160,113,113.20845876604125,3.1595653287939496,1.3489815189531904,False
946,250,188.85815898077723,163,163,164.12621530921177,3.3243089048459527,1.8948355601836584,False
947,251,68.17062185973276,160,60,61.7074274327077,2.0713479707582936,1.3489815189531904,False
948,197,22.36148259772997,157,38,46.986484071760955,1.3492682270914673,2.3607176581680833,False
949,183,130.82961123330014,164,104,106.51742803108526,2.596194404318661,0.5609842170558936,False
950,287,121.32367927221078,164,114,113.22521742995,2.9831209414284943,0.9871948203423616,False
951,476,21.32892269046402,161,39,44.5240265955284,1.088797165208755,1.0994567841541563,False
952,116,182.35687196799034,160,122,122.86417302376591,3.2186363202882924,1.3489815189531904,False
953,397,136.7445597876765,164,126,124.66604651355344,3.1063350179957983,1.122918635770996,False
954,254,187.26831336681258,161,143,142.57231883996653,3.242662257241605,1.3831232723155538,False
955,165,170.82802611172121,161,131,131.9143825073874,3.2210890592529244,1.2493234812982401,False
956,394,9.951344857956306,160,29,41.93032884628667,0.8720848885632478,1.3489815189531904,False
957,163,37.18864267064049,160,44,46.359000464193336,1.4517421003763693,1.3489815189531904,False
958,301,184.7894957764388,163,160,160.97846844782217,3.3267030404514837,1.820104722055636,False
959,208,3.432455950933298,157,15,92.08024399841419,1.0691380276793223,2.3607176581680833,False
960,268,34.63779685797781,157,46,51.2405386245918,1.760456636861173,2.3607176581680833,False
961,477,156.49978136401344,164,122,122.74683470363647,2.8091899739633854,0.9124453204208764,False
962,429,126.86716252508097,166,92,92.55802649190099,2.095363335065388,0.6744907594765952,False
963,356,129.8011432658217,164,104,105.87919036721225,2.5844437297780285,0.5480405142993049,False
964,441,101.70685653265124,164,99,98.8631182437882,2.709005136632971,0.685248452422159,False
965,18,97.5622378756908,164,95,95.86156273524352,2.636547470615625,0.605434269149389,False
966,60,139.8229713767275,164,128,126.96337053010316,3.123709321547474,1.142056926087692,False
967,194,190.53503578932492,160,128,127.41407411953003,3.2327595803654283,1.3489815189531904,False
968,290,50.108303095275176,160,51,52.37844652889399,1.727550734435184,1.3489815189531904,False
969,409,182.75753355608686,163,158,159.41444813456465,3.327387826142378,1.782973226415803,False
970,478,45.48587146379173,161,52,56.59021534689537,1.5351019897977256,1.011736139214893,False
971,347,162.63260333111873,164,126,126.67426600292416,2.8406390072400676,1.005686691347517,False
972,174,14.520553589672321,161,36,43.31717189469786,0.8849967801971748,1.3239487140554214,False
973,244,86.43034964962003,164,76,79.54637961940279,1.9772501736860413,0.13054659860837325,False
974,408,48.508755424167134,161,54,58.197507809905964,1.6075023305097094,1.011736139214893,False
975,479,43.1464707701153,161,55,57.29367791424841,1.794428179801749,1.011736139214893,False
976,480,49.51478192096725,161,56,58.73613118127473,1.6316344740462545,1.011736139214893,False
977,281,95.4819573325756,164,92,94.34349724059385,2.5984342791164003,0.5634515029545595,False
978,46,70.19929166746122,160,61,62.78122993240019,2.1059102606513607,1.3489815189531904,False
979,481,143.92271698675697,164,130,130.03901434018255,3.1432581664978168,1.1635905357027756,False
980,208,3.432455950933298,157,15,92.08024399841419,1.0691380276793223,2.3607176581680833,False
981,319,51.10818125621146,160,51,52.87864012495453,1.747307184451577,1.3489815189531904,False
982,140,6.567783531294809,157,25,62.86452936010416,0.9372764236397524,2.3607176581680833,False
983,24,59.64063368389887,161,60,64.32170531866241,1.8526602185063716,1.011736139214893,False
984,119,57.298244459640806,164,64,67.27689854145238,1.8039229465076383,0.49302024396233385,False
985,482,43.1452359012911,160,46,49.040257025274066,1.5819218592847075,1.3489815189531904,False
986,314,111.21058900500259,164,93,94.34945802544165,2.3459694531036197,0.2853543049508566,False
987,460,46.130653500050876,160,49,50.44828543079632,1.6442979259391173,1.3489815189531904,False
988,332,146.34842019708375,166,103,103.17943327668117,2.2921874967771827,0.7071840054671801,False
989,446,161.76984525576313,160,111,111.52203597991598,3.143918452388561,1.3489815189531904,False
990,205,96.97369963130497,166,75,76.6255263564612,1.7577145684604574,0.6744907594765952,False
991,359,25.364988332037736,160,37,41.98270185377987,1.182319289990643,1.3489815189531904,False
992,265,79.42532454537745,166,67,67.49369627015692,1.5304302755224846,0.6744907594765952,False
993,49,151.1036508937477,164,136,135.43417731408482,3.170539272029325,1.2136562464092557,False
994,467,75.06339352119412,164,70,72.89082224740038,1.7882814009134629,0.328954971805083,False
995,436,42.15111894807327,161,55,56.596404124774104,1.7636327016747977,1.011736139214893,False
996,225,116.58144284803573,166,86,87.05581823868346,1.9850495692945622,0.6744907594765952,False
997,483,41.16063348954439,160,46,48.11668159772969,1.5381498146406662,1.3489815189531904,False
998,331,145.97126046647406,164,131,131.5761929406773,3.15194756314529,1.1731621536511811,False
999,112,177.6812687789744,164,156,155.50728933960903,3.2145297132119754,1.6902131461730707,False
1000,152,79.1933706342018,164,73,75.27784508767009,1.8585735177357026,0.25152620266231057,False
1001,88,74.27071809235947,166,62,64.8897747433167,1.4593059149965166,0.6913308413084963,False
1002,20,134.69175059218284,164,125,123.1338483581174,3.093868760563964,1.1091866980744138,False
1003,116,182.35687196799034,160,122,122.86417302376591,3.2186363202882924,1.3489815189531904,False
1004,476,21.32892269046402,161,39,44.5240265955284,1.088797165208755,1.0994567841541563,False
1005,356,129.8011432658217,164,104,105.87919036721225,2.5844437297780285,0.5480405142993049,False
1006,449,181.7426360382278,164,156,158.63092433653017,3.216035310576999,1.7643715431487694,False
1007,238,3.058596405723839,157,5,99.6129322789578,1.1207235151770303,2.3607176581680833,False
1008,484,102.74303026693158,164,99,99.61514777534678,2.72670683113034,0.7047473731921625,False
1009,436,42.15111894807327,161,55,56.596404124774104,1.7636327016747977,1.011736139214893,False
1010,276,167.75405603848304,161,129,129.9475602761159,3.213904227691305,1.2414091846535509,False
1011,239,174.14641572413592,160,119,118.32263174049076,3.196366861276315,1.3489815189531904,False
1012,78,83.03158744615756,164,83,85.40539138080693,2.3647533130107203,0.30604526174811886,False
1013,45,57.10344054553571,160,53,55.93805362683675,1.8674247515256461,1.3489815189531904,False
1014,428,94.44181084452886,164,92,93.58572888784818,2.5795747721206244,0.5426772187341072,False
1015,159,69.62379086111812,164,73,75.93234080049416,2.0869164116901757,0.3268984699726881,False
1016,65,11.710884051628835,157,32,50.31383537619799,1.0179425414818566,2.3607176581680833,False
1017,16,191.55748356308752,160,128,127.98586701347045,3.233959398624494,1.3489815189531904,False
1018,259,141.87284410045982,164,129,128.50392862975087,3.1336850720066116,1.1530454994049506,False
1019,101,80.22685727850407,164,73,75.88428286708661,1.875462563790042,0.23292243730281648,False
1020,402,181.13757928584084,161,138,138.6067883366212,3.23732848373984,1.2889773860080351,False
1021,149,107.9210532999669,164,104,103.40618864801245,2.8097708040608858,0.7962447056794641,False
1022,23,159.71657465483372,160,109,110.40530247671742,3.1327590173741005,1.3489815189531904,False
1023,485,136.1159575827169,166,98,97.58679659011358,2.191181494633238,0.6744907594765952,False
1024,422,142.2592981016185,166,100,100.93840417756755,2.252827893809975,0.6744907594765952,False
1025,223,164.44146280452364,164,146,145.47791914415586,3.201257804380262,1.4521052951905598,False
1026,486,54.22929021422305,164,63,65.1335775426079,1.7275896904247154,0.5343831261369323,False
1027,454,28.2941305320687,160,39,42.91692568587121,1.25106826304113,1.3489815189531904,False
1028,486,54.22929021422305,164,63,65.1335775426079,1.7275896904247154,0.5343831261369323,False
1029,280,106.27223120762964,166,80,81.56346363707996,1.8685742106980698,0.6744907594765952,False
1030,360,104.81534398286101,164,101,101.12392769185378,2.7611977519968613,0.7427401050947897,False
1031,174,14.520553589672321,161,36,43.31717189469786,0.8849967801971748,1.3239487140554214,False
1032,101,80.22685727850407,164,73,75.88428286708661,1.875462563790042,0.23292243730281648,False
1033,487,135.09071771310255,166,98,97.02995782657048,2.1805621160111537,0.6744907594765952,False
1034,165,170.82802611172121,161,131,131.9143825073874,3.2210890592529244,1.2493234812982401,False
1035,472,138.16455197751839,166,99,98.704927317803,2.211922315183987,0.6744907594765952,False
1036,213,60.65777417560313,164,62,64.88010599157178,1.5332827637789315,0.6098432349419297,False
1037,273,80.9632900882941,164,82,83.93937520923865,2.324705316030506,0.2619312521977566,False
1038,109,18.686075333227038,157,36,46.809882089039576,1.2236232035948398,2.3607176581680833,False
1039,436,42.15111894807327,161,55,56.596404124774104,1.7636327016747977,1.011736139214893,False
1040,296,13.581391359676406,155,36,43.37883931963935,1.5597662546295152,3.0352084176446783,False
1041,60,139.8229713767275,164,128,126.96337053010316,3.123709321547474,1.142056926087692,False
1042,63,120.2934315241281,164,112,112.47059308673964,2.9719027929156536,0.974837710175845,False
1043,230,137.77096452734992,164,126,125.4319459869695,3.11236717138885,1.1295632245758196,False
1044,488,140.07067683108718,164,111,112.30520839809843,2.6897397203700435,0.6645500735686607,False
1045,176,184.404687648927,160,125,124.00308409954714,3.22289493081053,1.3489815189531904,False
1046,13,145.3263213257126,166,102,102.6195362480951,2.282426956334229,0.6934083177877567,False
1047,300,141.23561541831617,166,100,100.38139498542711,2.2425943737878646,0.6744907594765952,False
1048,120,38.176657737751995,160,44,46.788997377690755,1.4745938372059137,1.3489815189531904,False
1049,489,5.662615059249831,160,26,47.97081699472071,0.8860374682992356,1.3489815189531904,False
1050,1,107.08533957473863,164,91,91.85548124662908,2.288426896246039,0.2219695393152197,False
1051,97,130.98956559324444,166,94,94.8001507835217,2.1386208618059017,0.6744907594765952,False
1052,46,70.19929166746122,160,61,62.78122993240019,2.1059102606513607,1.3489815189531904,False
1053,428,94.44181084452886,164,92,93.58572888784818,2.5795747721206244,0.5426772187341072,False
1054,133,170.55946495487356,164,149,150.0881975616377,3.2091726097082147,1.5615581785745352,False
1055,458,150.35901002949493,164,118,118.84316967190163,2.7710945123988258,0.8197681858104356,False
1056,449,181.7426360382278,164,156,158.63092433653017,3.216035310576999,1.7643715431487694,False
1057,421,68.8802866915482,164,67,69.39271637303679,1.6813885154929638,0.44670053023177175,False
1058,115,65.79446331639436,164,65,67.67481743538352,1.6264052240149642,0.5072661921441305,False
1059,27,81.26041091609862,164,74,76.49068253250417,1.8924343472590919,0.21422753432401728,False
1060,440,66.14719652047935,160,59,60.64329238480093,2.036269187821147,1.3489815189531904,False
1061,61,6.974128036854599,160,26,45.11171790598726,0.8634139367663816,1.3489815189531904,False
1062,490,123.78402780261578,166,89,90.90367055273222,2.0629608531781742,0.6744907594765952,False
1063,414,121.53405956167775,164,100,100.69495521099853,2.484311064299826,0.43774153072239835,False
1064,341,8.416700092761749,160,29,43.20719999314807,0.8597959216436324,1.351708177667485,False
1065,241,103.98963152708525,164,89,89.99714814785638,2.2441399940229454,0.17318625488302394,False
1066,119,57.298244459640806,164,64,67.27689854145238,1.8039229465076383,0.49302024396233385,False
1067,282,17.773289156233833,157,35,46.91116497954942,1.194939996997273,2.3607176581680833,False
1068,220,11.08532321551454,155,33,43.223963336279034,1.4356271002115757,3.0352084176446783,False
1069,447,150.46221325300718,160,105,105.407032233315,3.071579516742695,1.3489815189531904,False
1070,105,145.22388400959466,164,114,115.58103837544724,2.7333633675386886,0.7423217402725407,False
1071,451,47.50198485970368,161,53,57.6589430875668,1.5833106149644438,1.011736139214893,False
1072,11,4.300888511822121,157,19,79.56305668470274,0.9962528794243126,2.3607176581680833,False
1073,249,78.16083794979805,164,72,74.68022334657117,1.8410904805768946,0.27078426614483697,False
1074,371,126.46963127780118,164,116,117.02214281716273,3.032158127047378,1.0412106772598264,False
1075,122,190.89096870155407,163,164,165.69690068102554,3.32303373946828,1.9321252913595792,False
1076,229,66.53906132571252,164,72,73.77203098577193,2.01826461668961,0.3684739690222405,False
1077,184,120.69871649872941,166,88,89.25351761577643,2.030054962492146,0.6744907594765952,False
1078,15,40.158718254225185,161,52,55.21246346496801,1.7024803923172382,1.011736139214893,False
1079,491,102.95772798267659,164,89,89.37555098573273,2.229465637190641,0.15702203279307717,False
1080,248,20.520519483812638,157,36,46.79619774002222,1.284633675608115,2.3607176581680833,False
1081,474,149.43319545565137,160,105,104.84887731555878,3.064030161867436,1.3489815189531904,False
1082,222,19.602038262476558,157,36,46.77203593672365,1.253473409806463,2.3607176581680833,False
1083,195,154.45415024782542,164,120,121.44297549425995,2.7974187032021516,0.8814903244163274,False
1084,218,72.71366299248933,164,76,78.11252883049379,2.1532250107927995,0.2852536598243096,False
1085,399,123.61725782415871,164,102,102.02516738390358,2.5104791619204834,0.466566435721338,False
1086,11,4.300888511822121,157,19,79.56305668470274,0.9962528794243126,2.3607176581680833,False
1087,124,186.24996604596532,161,141,141.91540089594315,3.241981561232443,1.3675273458640436,False
1088,408,48.508755424167134,161,54,58.197507809905964,1.6075023305097094,1.011736139214893,False
1089,211,90.77744977822879,166,71,73.37801408065329,1.6803516615892071,0.6744907594765952,False
1090,324,162.79615235391114,160,113,112.07986748441739,3.14922758856701,1.3489815189531904,False
1091,326,153.15710601522485,164,136,136.9858094093721,3.17647700735878,1.2504936326582787,False
1092,483,41.16063348954439,160,46,48.11668159772969,1.5381498146406662,1.3489815189531904,False
1093,427,34.215685387158096,160,41,45.11877358329703,1.3853073995290761,1.3489815189531904,False
1094,492,46.494385969769326,161,52,57.12178369973034,1.5591134052664897,1.011736139214893,False
1095,493,61.11144185465346,160,57,58.00919365134484,1.944812338210374,1.3489815189531904,False
1096,0,163.42131625136872,164,145,144.70722932249225,3.199703832135711,1.433808304090001,False
1097,147,71.68365030093278,164,76,77.38372219923824,2.1309303995673643,0.2991360087263198,False
1098,167,138.0194522504365,164,111,111.01510199164395,2.6708606954942358,0.6432312638591771,False
1099,221,15.90928745108307,160,32,40.352389226063416,0.9734832110051955,1.3489815189531904,False
1100,309,165.7037777885335,161,127,128.63843761105625,3.2084663537758713,1.2354192116229992,False
1101,447,150.46221325300718,160,105,105.407032233315,3.071579516742695,1.3489815189531904,False
1102,229,66.53906132571252,164,72,73.77203098577193,2.01826461668961,0.3684739690222405,False
1103,494,133.91193749658626,164,108,108.44452658921246,2.629425845857572,0.597589596599447,False
1104,72,178.03431559484252,161,136,136.5723549632904,3.233842174042013,1.2633714005457537,False
1105,108,175.64920046093283,164,153,153.95651524665217,3.213421115179161,1.653396129806409,False
1106,76,95.73067457261008,164,83,85.05861480566381,2.1223404026514587,0.03902053519305931,False
1107,79,59.35139619938545,164,67,68.72578253758198,1.852364398686392,0.4653481880415167,False
1108,238,3.058596405723839,157,5,99.6129322789578,1.1207235151770303,2.3607176581680833,False
1109,307,69.91003365233992,164,68,69.96861503235553,1.6992490769666744,0.4270266129615681,False
1110,474,149.43319545565137,160,105,104.84887731555878,3.064030161867436,1.3489815189531904,False
1111,183,130.82961123330014,164,104,106.51742803108526,2.596194404318661,0.5609842170558936,False
1112,428,94.44181084452886,164,92,93.58572888784818,2.5795747721206244,0.5426772187341072,False
1113,495,41.15512426868411,161,52,55.90330410967042,1.733052244197572,1.011736139214893,False
1114,67,61.68366667534663,164,62,65.43300329105043,1.5525148740229244,0.5886585176289445,False
1115,195,154.45415024782542,164,120,121.44297549425995,2.7974187032021516,0.8814903244163274,False
1116,448,186.44871302212619,160,126,125.14212403017667,3.226480185910666,1.3489815189531904,False
1117,370,73.23975069336593,166,62,64.36758855480821,1.44498050800729,0.7071106852055029,False
1118,296,13.581391359676406,155,36,43.37883931963935,1.5597662546295152,3.0352084176446783,False
1119,496,101.92558553465373,164,87,88.7566232681908,2.2145081170656353,0.1405458982695397,False
1120,76,95.73067457261008,164,83,85.05861480566381,2.1223404026514587,0.03902053519305931,False
1121,216,189.5125880721388,160,128,126.84138305732642,3.2315360874757593,1.3489815189531904,False
1122,480,49.51478192096725,161,56,58.73613118127473,1.6316344740462545,1.011736139214893,False
1123,497,38.17968410659097,161,51,53.86050528617763,1.6376009676891745,1.011736139214893,False
1124,165,170.82802611172121,161,131,131.9143825073874,3.2210890592529244,1.2493234812982401,False
1125,211,90.77744977822879,166,71,73.37801408065329,1.6803516615892071,0.6744907594765952,False
1126,338,179.71333709424977,164,156,157.0629884853454,3.215603902965104,1.7271470884992344,False
1127,425,78.3940948981279,166,67,66.96603713940502,1.516658707663684,0.6744907594765952,False
1128,292,168.7787127015887,161,129,130.60448306456325,3.216343562111121,1.2440961810080868,False
1129,92,170.02000029275612,160,116,116.04736385384565,3.1817138913121696,1.3489815189531904,False
1130,277,124.4114538503392,164,115,115.50405345439854,3.0133442014734078,1.0204866022740047,False
1131,219,10.746674016759693,160,29,41.48692435951013,0.8837458319977615,1.3489815189531904,False
1132,161,92.36159161834775,164,91,92.06626500239383,2.541912330919933,0.5011909668339665,False
1133,498,7.198195635697378,155,25,45.43929231084064,1.275692157002758,3.0352084176446783,False
1134,279,32.23319671182237,161,47,50.030396035116105,1.4449275481564325,1.011736139214893,False
1135,187,153.5492626455767,160,107,107.0741494430481,3.0938378018397885,1.3489815189531904,False
1136,136,183.77351466616764,163,158,160.19682782247833,3.3270427574486483,1.801547747299073,False
1137,15,40.158718254225185,161,52,55.21246346496801,1.7024803923172382,1.011736139214893,False
1138,119,57.298244459640806,164,64,67.27689854145238,1.8039229465076383,0.49302024396233385,False
1139,499,105.02153517408385,164,89,90.61735410011052,2.258852431984849,0.1893924244220691,False
1140,178,28.263174709091928,161,44,47.73512502614553,1.3160435286260632,1.011736139214893,False
1141,343,193.6017490147842,160,129,129.12557848979964,3.236292997007184,1.3489815189531904,False
1142,377,120.50163702222038,164,99,100.05013964291373,2.471207856625463,0.4233079741884026,False
1143,320,33.22191402711881,160,41,44.72418526147312,1.3639284799048466,1.3489815189531904,False
1144,240,90.56737575210185,164,80,81.99588563632442,2.043213054307339,0.05502529027752656,False
1145,243,25.178981162900858,157,40,47.57915048960116,1.4422954424696852,2.3607176581680833,False
1146,497,38.17968410659097,161,51,53.86050528617763,1.6376009676891745,1.011736139214893,False
1147,500,64.13334252729292,160,58,59.59188230317925,1.999433058026692,1.3489815189531904,False
1148,334,8.61461203365348,157,29,55.73267930947285,0.9542588093941282,2.3607176581680833,False
1149,123,58.32468716056789,164,67,68.00270227538793,1.8282217625344257,0.47918601083200435,False
1150,121,174.94121126149878,161,134,134.56928789946988,3.228875506210645,1.2579004744403932,False
1151,54,189.30500799000592,161,144,143.88254765969518,3.2439929250076345,1.4142294896034924,False
1152,501,39.45258457890707,161,49,53.62864085916124,1.3861543700591603,1.011736139214893,False
1153,502,50.52446589079199,161,56,59.28657097767915,1.6548920477280653,1.011736139214893,False
1154,463,113.49225742470371,166,85,85.4027407786939,1.9511310370682144,0.6744907594765952,False
1155,272,31.786857228179514,157,45,49.93755100861269,1.6663122667133772,2.3607176581680833,False
1156,265,79.42532454537745,166,67,67.49369627015692,1.5304302755224846,0.6744907594765952,False
1157,151,131.85777625061453,164,104,107.15709286220046,2.6077048947620987,0.573663350187122,False
1158,503,45.13556997376109,161,55,58.70295759630233,1.8567706826504988,1.011736139214893,False
1159,158,125.6847386340568,164,102,103.31240958317278,2.5362865465975992,0.4949940051370723,False
1160,184,120.69871649872941,166,88,89.25351761577643,2.030054962492146,0.6744907594765952,False
1161,441,101.70685653265124,164,99,98.8631182437882,2.709005136632971,0.685248452422159,False
1162,252,11.901113501533786,155,33,43.20139417744575,1.4780660411795168,3.0352084176446783,False
1163,245,63.456212938626976,164,70,71.60279837157643,1.9488373804324146,0.4100241142508842,False
1164,139,105.23782844813343,166,80,81.01048626528934,1.8563851002640297,0.6744907594765952,False
1165,504,52.18336316253245,164,61,63.697528652125435,1.6767265480507032,0.5619578088495389,False
1166,414,121.53405956167775,164,100,100.69495521099853,2.484311064299826,0.43774153072239835,False
1167,242,47.13288907750829,161,57,60.129540444041226,1.9168523136508155,1.011736139214893,False
1168,17,5.846769743476025,151,25,47.46702090677712,1.8979298484804543,4.384189936597869,False
1169,375,180.72810070150794,164,156,157.84650013110266,3.215846611320703,1.7457484832583603,False
1170,40,155.20239488802042,164,137,138.5153568170747,3.1822200330720487,1.286806705077227,False
1171,106,132.6378518099938,164,121,121.60290893476136,3.0802950164992375,1.0942348323019173,False
1172,418,87.17139344047341,164,87,88.33228045400068,2.444635257218392,0.39403749894838913,False
1173,172,160.35533706979433,164,142,142.4068576654325,3.1939057376879156,1.3791950491149387,False
1174,505,10.909343390619856,157,32,51.341691050576365,0.9976788287234323,2.3607176581680833,False
1175,338,179.71333709424977,164,156,157.0629884853454,3.215603902965104,1.7271470884992344,False
1176,145,165.89389153901655,160,114,113.77421884847318,3.16460372420154,1.3489815189531904,False
1177,506,159.3228977548275,164,141,141.6253207357689,3.19179855136372,1.3606405362034462,False
1178,314,111.21058900500259,164,93,94.34945802544165,2.3459694531036197,0.2853543049508566,False
1179,366,149.04711454914354,164,133,133.88857985510768,3.163392195971564,1.1857687427409696,False
1180,495,41.15512426868411,161,52,55.90330410967042,1.733052244197572,1.011736139214893,False
1181,271,166.72939941280575,161,128,129.290017509936,3.21141817694376,1.23867072893318,False
1182,275,172.5971308580513,164,152,151.63319928290855,3.2111390620553357,1.598238152735112,False
1183,39,63.739153352205335,164,63,66.5527135225891,1.5893277671883839,0.5481080670913093,False
1184,255,14.134440669299766,160,32,40.50482576300447,0.9386396455926813,1.3489815189531904,False
1185,165,170.82802611172121,161,131,131.9143825073874,3.2210890592529244,1.2493234812982401,False
1186,507,144.30422043419506,166,102,102.05861694030622,2.2726396929142614,0.6796326028811185,False
1187,415,123.38236540176062,164,115,114.74431220336973,3.003610706366684,1.009764880128736,False
1188,508,173.9083111227945,161,133,133.89607238006334,3.227166848488845,1.2560183392840452,False
1189,273,80.9632900882941,164,82,83.93937520923865,2.324705316030506,0.2619312521977566,False
1190,406,19.357347738492624,161,38,43.89426742896319,1.0264896393810938,1.1680902988535018,False
1191,156,138.7973693372071,164,128,126.19545627055187,3.11827265544558,1.1360682834981624,False
1192,147,71.68365030093278,164,76,77.38372219923824,2.1309303995673643,0.2991360087263198,False
1193,145,165.89389153901655,160,114,113.77421884847318,3.16460372420154,1.3489815189531904,False
1194,236,149.3352253393489,164,118,118.19148909050085,2.7641900530418333,0.8042965998842605,False
1195,26,12.533057497549368,157,32,49.450575379384894,1.0392668125386995,2.3607176581680833,False
1196,305,187.46962197876726,160,126,125.70873097557413,3.22822413805572,1.3489815189531904,False
1197,211,90.77744977822879,166,71,73.37801408065329,1.6803516615892071,0.6744907594765952,False
1198,459,77.86829667474481,164,80,81.7558320023919,2.2611758436088523,0.21578031854830534,False
1199,221,15.90928745108307,160,32,40.352389226063416,0.9734832110051955,1.3489815189531904,False
1200,13,145.3263213257126,166,102,102.6195362480951,2.282426956334229,0.6934083177877567,False
1201,8,96.7633163465348,164,84,85.67185472797154,2.138110855633886,0.056392138417661296,False
1202,124,186.24996604596532,161,141,141.91540089594315,3.241981561232443,1.3675273458640436,False
1203,509,117.61115043595731,166,86,87.60548224177612,1.9964401388040147,0.6744907594765952,False
1204,51,178.25922988571827,160,119,120.59546366638133,3.208785990911557,1.3489815189531904,False
1205,510,184.20871721601,161,139,140.59064058753754,3.2406004001655297,1.3360761356729598,False
1206,350,75.30161551795237,166,63,65.4110572691208,1.4736282266487446,0.675554407013373,False
1207,171,62.11874720961757,160,58,58.53505664594792,1.9628625917505769,1.3489815189531904,False
1208,304,147.28536191240258,164,115,116.89718234833025,2.7491274468310287,0.7735683895495643,False
1209,98,172.87672926740026,161,133,133.22400761373004,3.225423604547523,1.2540981064216106,False
1210,196,11.558621633835386,160,29,41.125729740325006,0.8973577224379602,1.3489815189531904,False
1211,511,135.71815514290142,164,126,123.90031082525554,3.100170108481246,1.1161278123164189,False
1212,280,106.27223120762964,166,80,81.56346363707996,1.8685742106980698,0.6744907594765952,False
1213,195,154.45415024782542,164,120,121.44297549425995,2.7974187032021516,0.8814903244163274,False
1214,96,20.342862175689024,161,38,44.18167039849802,1.056789356884972,1.1347142968527093,False
1215,180,57.61059239371625,161,59,63.19040127347121,1.810083481761588,1.011736139214893,False
1216,262,183.1864611917974,161,138,139.93174751361838,3.2395700038255133,1.3204333175497163,False
1217,512,90.28332889712772,164,91,90.5672490429416,2.502652198381673,0.4579448124108889,False
1218,435,62.711445346334926,164,63,65.99310315505004,1.5709090907410177,0.5683967639044251,False
1219,68,114.52205058227008,166,86,85.95347600807527,1.9624030310746063,0.6744907594765952,False
1220,513,16.432364931898583,161,36,43.360731803950685,0.9396799289511173,1.2637136679039973,False
1221,5,29.894178516459473,157,43,49.14817512909617,1.6019740827024767,2.3607176581680833,False
1222,267,2.7252244847719456,157,3,108.02251474446958,1.1835564424484981,2.3607176581680833,False
1223,252,11.901113501533786,155,33,43.20139417744575,1.4780660411795168,3.0352084176446783,False
1224,284,12.730358847979556,155,34,43.254081907594994,1.5198136851486104,3.0352084176446783,False
1225,355,116.17244089677851,164,111,109.43765591655391,2.924567157860778,0.9226961596779535,False
1226,490,123.78402780261578,166,89,90.90367055273222,2.0629608531781742,0.6744907594765952,False
1227,299,159.56734218572208,164,123,124.70423514961287,2.825731053440097,0.9589160762730181,False
1228,486,54.22929021422305,164,63,65.1335775426079,1.7275896904247154,0.5343831261369323,False
1229,343,193.6017490147842,160,129,129.12557848979964,3.236292997007184,1.3489815189531904,False
1230,19,50.1430920870544,164,59,62.274681269730095,1.6239185128314937,0.5894562612051727,False
1231,217,27.05375403892895,157,42,48.12853894121223,1.5073360321032847,2.3607176581680833,False
1232,267,2.7252244847719456,157,3,108.02251474446958,1.1835564424484981,2.3607176581680833,False
1233,218,72.71366299248933,164,76,78.11252883049379,2.1532250107927995,0.2852536598243096,False
1234,99,27.308435799580256,160,39,42.58637329320546,1.229342444604008,1.3489815189531904,False
1235,252,11.901113501533786,155,33,43.20139417744575,1.4780660411795168,3.0352084176446783,False
1236,83,185.42780414396887,160,125,124.57444166890632,3.224702137714413,1.3489815189531904,False
1237,102,93.87830105236762,166,74,75.01184852174045,1.7192710482578772,0.6744907594765952,False
1238,388,22.457954391411043,160,36,41.18230346503687,1.115237296728684,1.3489815189531904,False
1239,353,29.280061096534595,160,40,43.25944594693931,1.2731924972501383,1.3489815189531904,False
1240,258,97.79575604403466,164,84,86.29031336023347,2.153287298500503,0.0731094225776964,False
1241,350,75.30161551795237,166,63,65.4110572691208,1.4736282266487446,0.675554407013373,False
1242,185,158.68886262992103,160,109,109.8510583142722,3.126567745024279,1.3489815189531904,False
1243,514,140.21193023476542,166,99,99.82384265613547,2.2323521255496064,0.6744907594765952,False
1244,216,189.5125880721388,160,128,126.84138305732642,3.2315360874757593,1.3489815189531904,False
1245,515,134.0654749911986,166,97,96.47245638464945,2.1699883198637373,0.6744907594765952,False
1246,306,147.37384234106162,160,103,103.73709917917108,3.0479541642688908,1.3489815189531904,False
1247,402,181.13757928584084,161,138,138.6067883366212,3.23732848373984,1.2889773860080351,False
1248,240,90.56737575210185,164,80,81.99588563632442,2.043213054307339,0.05502529027752656,False
1249,235,148.40403113730397,160,105,104.29043020411459,3.056336251963403,1.3489815189531904,False
1250,496,101.92558553465373,164,87,88.7566232681908,2.2145081170656353,0.1405458982695397,False
1251,501,39.45258457890707,161,49,53.62864085916124,1.3861543700591603,1.011736139214893,False
1252,87,169.80336939464996,161,130,131.26005729822788,3.2187379662861093,1.246733685417984,False
1253,516,122.57497268038927,164,101,101.35890169440279,2.49742135490756,0.4521828893092794,False
1254,515,134.0654749911986,166,97,96.47245638464945,2.1699883198637373,0.6744907594765952,False
1255,99,27.308435799580256,160,39,42.58637329320546,1.229342444604008,1.3489815189531904,False
1256,216,189.5125880721388,160,128,126.84138305732642,3.2315360874757593,1.3489815189531904,False
1257,65,11.710884051628835,157,32,50.31383537619799,1.0179425414818566,2.3607176581680833,False
1258,157,25.290609264196753,161,43,46.22207681429027,1.2181965148127034,1.011736139214893,False
1259,145,165.89389153901655,160,114,113.77421884847318,3.16460372420154,1.3489815189531904,False
1260,67,61.68366667534663,164,62,65.43300329105043,1.5525148740229244,0.5886585176289445,False
1261,517,9.360087225651881,157,29,54.01395809068056,0.965598196937587,2.3607176581680833,False
1262,473,42.15365764443945,160,46,48.57735111240172,1.5599692736962316,1.3489815189531904,False
1263,376,99.63450071991619,164,97,97.3635934067589,2.6733476679460058,0.6459707348630096,False
1264,384,103.77920123692091,164,100,100.3672675003552,2.744300389304571,0.7241271787216707,False
1265,269,164.8605237498769,160,113,113.20845876604125,3.1595653287939496,1.3489815189531904,False
1266,97,130.98956559324444,166,94,94.8001507835217,2.1386208618059017,0.6744907594765952,False
1267,509,117.61115043595731,166,86,87.60548224177612,1.9964401388040147,0.6744907594765952,False
1268,275,172.5971308580513,164,152,151.63319928290855,3.2111390620553357,1.598238152735112,False
1269,509,117.61115043595731,166,86,87.60548224177612,1.9964401388040147,0.6744907594765952,False
1270,492,46.494385969769326,161,52,57.12178369973034,1.5591134052664897,1.011736139214893,False
1271,164,104.20345637652946,166,80,80.45547403723344,1.8442093777494688,0.6744907594765952,False
1272,359,25.364988332037736,160,37,41.98270185377987,1.182319289990643,1.3489815189531904,False
1273,518,142.126212753801,164,112,113.59993320723892,2.7080144866818934,0.6952882092551811,False
1274,100,124.81246607539046,166,91,91.45199513970331,2.0739831885470825,0.6744907594765952,False
1275,59,137.14085874359705,166,98,98.14352900801744,2.2017150712210154,0.6744907594765952,False
1276,274,88.20708267969752,164,87,89.07114790575969,2.463784500560953,0.41513093600875717,False
1277,185,158.68886262992103,160,109,109.8510583142722,3.126567745024279,1.3489815189531904,False
1278,211,90.77744977822879,166,71,73.37801408065329,1.6803516615892071,0.6744907594765952,False
1279,106,132.6378518099938,164,121,121.60290893476136,3.0802950164992375,1.0942348323019173,False
1280,242,47.13288907750829,161,57,60.129540444041226,1.9168523136508155,1.011736139214893,False
1281,16,191.55748356308752,160,128,127.98586701347045,3.233959398624494,1.3489815189531904,False
1282,519,44.141230448257495,161,55,57.99791720822442,1.8255739176714796,1.011736139214893,False
1283,308,48.12041974526425,160,49,51.406656945399924,1.6858131966919454,1.3489815189531904,False
1284,292,168.7787127015887,161,129,130.60448306456325,3.216343562111121,1.2440961810080868,False
1285,359,25.364988332037736,160,37,41.98270185377987,1.182319289990643,1.3489815189531904,False
1286,520,55.2522411279185,164,63,65.84821610193059,1.7529793535536977,0.520595954765199,False
1287,237,3.1397472717548105,151,9,58.088278236425595,1.9491843214324942,4.384189936597869,False
1288,521,154.17904072970535,164,137,137.75021809419133,3.1793764755129135,1.2686415029300517,False
1289,522,86.13605908639285,164,86,87.59408408377362,2.425004265672348,0.37241340251797084,False
1290,523,70.65369276994525,164,73,76.65796832635921,2.1088657869573746,0.3130176141828646,False
1291,335,105.85146531914287,164,101,101.88724033268997,2.777558092040508,0.7607614857218701,False
1292,244,86.43034964962003,164,76,79.54637961940279,1.9772501736860413,0.13054659860837325,False
1293,324,162.79615235391114,160,113,112.07986748441739,3.14922758856701,1.3489815189531904,False
1294,149,107.9210532999669,164,104,103.40618864801245,2.8097708040608858,0.7962447056794641,False
1295,485,136.1159575827169,166,98,97.58679659011358,2.191181494633238,0.6744907594765952,False
1296,524,99.03680146368356,166,76,77.7125091597659,1.7826180060338628,0.6744907594765952,False
1297,517,9.360087225651881,157,29,54.01395809068056,0.965598196937587,2.3607176581680833,False
1298,251,68.17062185973276,160,60,61.7074274327077,2.0713479707582936,1.3489815189531904,False
1299,230,137.77096452734992,164,126,125.4319459869695,3.11236717138885,1.1295632245758196,False
1300,138,58.10606094631098,160,55,56.45503670773363,1.886617925607917,1.3489815189531904,False
1301,91,124.65169720199064,164,102,102.67098614147298,2.5234198611242658,0.4808209845454916,False
1302,350,75.30161551795237,166,63,65.4110572691208,1.4736282266487446,0.675554407013373,False
1303,496,101.92558553465373,164,87,88.7566232681908,2.2145081170656353,0.1405458982695397,False
1304,188,109.14841073828256,164,93,93.09695944533182,2.317428736740903,0.25391589281700894,False
1305,287,121.32367927221078,164,114,113.22521742995,2.9831209414284943,0.9871948203423616,False
1306,312,26.33647203106727,160,37,42.27984539806007,1.2057232872572565,1.3489815189531904,False
1307,283,100.06842649468375,166,76,78.25502943435848,1.795138197625828,0.6744907594765952,False
1308,239,174.14641572413592,160,119,118.32263174049076,3.196366861276315,1.3489815189531904,False
1309,305,187.46962197876726,160,126,125.70873097557413,3.22822413805572,1.3489815189531904,False
1310,453,52.10717611380001,160,51,53.3846553081108,1.7674720075464514,1.3489815189531904,False
1311,39,63.739153352205335,164,63,66.5527135225891,1.5893277671883839,0.5481080670913093,False
1312,470,179.06430516659205,161,136,137.2433758507319,3.2350800262737964,1.2647349300426673,False
1313,106,132.6378518099938,164,121,121.60290893476136,3.0802950164992375,1.0942348323019173,False
1314,494,133.91193749658626,164,108,108.44452658921246,2.629425845857572,0.597589596599447,False
1315,325,15.472955468524184,161,36,43.30268578230703,0.9115123876265997,1.2947410171023577,False
1316,340,113.0789430353976,164,107,107.17514165667299,2.884111299043187,0.8781328786946616,False
1317,503,45.13556997376109,161,55,58.70295759630233,1.8567706826504988,1.011736139214893,False
1318,375,180.72810070150794,164,156,157.84650013110266,3.215846611320703,1.7457484832583603,False
1319,271,166.72939941280575,161,128,129.290017509936,3.21141817694376,1.23867072893318,False
1320,264,4.111300308865549,151,21,52.21383371515551,1.8760841344542727,4.384189936597869,False
1321,171,62.11874720961757,160,58,58.53505664594792,1.9628625917505769,1.3489815189531904,False
1322,312,26.33647203106727,160,37,42.27984539806007,1.2057232872572565,1.3489815189531904,False
1323,16,191.55748356308752,160,128,127.98586701347045,3.233959398624494,1.3489815189531904,False
1324,323,183.38121818351757,160,125,123.4314765464328,3.220981781584219,1.3489815189531904,False
1325,82,160.58986268941894,164,125,125.35678462928725,2.8310399842966087,0.9744082907627637,False
1326,427,34.215685387158096,160,41,45.11877358329703,1.3853073995290761,1.3489815189531904,False
1327,338,179.71333709424977,164,156,157.0629884853454,3.215603902965104,1.7271470884992344,False
1328,131,56.10031815426071,160,53,55.42030380854203,1.8483171442257083,1.3489815189531904,False
1329,311,152.52024676113524,160,107,106.51981145296212,3.086489281708642,1.3489815189531904,False
1330,339,162.40098236602495,164,144,143.93831328657345,3.1980606621906578,1.4155534245381802,False
1331,510,184.20871721601,161,139,140.59064058753754,3.2406004001655297,1.3360761356729598,False
1332,237,3.1397472717548105,151,9,58.088278236425595,1.9491843214324942,4.384189936597869,False
1333,505,10.909343390619856,157,32,51.341691050576365,0.9976788287234323,2.3607176581680833,False
1334,409,182.75753355608686,163,158,159.41444813456465,3.327387826142378,1.782973226415803,False
1335,239,174.14641572413592,160,119,118.32263174049076,3.196366861276315,1.3489815189531904,False
1336,148,156.6334380217536,160,109,108.74347983184023,3.113929397519968,1.3489815189531904,False
1337,153,15.987991878651753,157,34,47.3536488439481,1.1378236574749712,2.3607176581680833,False
1338,447,150.46221325300718,160,105,105.407032233315,3.071579516742695,1.3489815189531904,False
1339,193,38.444170975413634,161,49,53.170271107629425,1.361570595237485,1.011736139214893,False
1340,24,59.64063368389887,161,60,64.32170531866241,1.8526602185063716,1.011736139214893,False
1341,318,108.33831302157677,166,81,82.66581326649059,1.8927023874025737,0.6744907594765952,False
1342,488,140.07067683108718,164,111,112.30520839809843,2.6897397203700435,0.6645500735686607,False
1343,247,9.174164288154028,160,29,42.495954992034996,0.8638393192665798,1.3489815189531904,False
1344,459,77.86829667474481,164,80,81.7558320023919,2.2611758436088523,0.21578031854830534,False
1345,461,92.84462030468018,166,74,74.46927269414549,1.7062856857101691,0.6744907594765952,False
1346,331,145.97126046647406,164,131,131.5761929406773,3.15194756314529,1.1731621536511811,False
1347,525,77.12868765106437,164,72,74.08462238963178,1.823396062568629,0.29027517165480227,False
1348,177,102.13481576492747,166,76,79.34578415539897,1.820135814251638,0.6744907594765952,False
1349,526,42.46929809372159,161,50,55.06944388642089,1.4613192676054225,1.011736139214893,False
1350,209,64.48373907536981,164,70,72.3268855086981,1.9719263984470954,0.3961752787431952,False
1351,7,58.62629131400764,161,60,63.757328691591276,1.8312764290130499,1.011736139214893,False
1352,25,168.521799039909,164,148,148.54693927867248,3.207140596183897,1.5249670775967072,False
1353,385,12.403807843199306,160,29,40.861166000196555,0.9096262338338382,1.3489815189531904,False
1354,227,128.52666070850637,164,119,118.54549133536824,3.0494847264619835,1.0602964201105571,False
1355,87,169.80336939464996,161,130,131.26005729822788,3.2187379662861093,1.246733685417984,False
1356,245,63.456212938626976,164,70,71.60279837157643,1.9488373804324146,0.4100241142508842,False
1357,135,83.3277141514719,164,74,77.70631719291421,1.9267271474683445,0.1764530379693799,False
1358,373,81.99677159991116,164,83,84.67381292630348,2.344793566672157,0.28405903254826126,False
1359,512,90.28332889712772,164,91,90.5672490429416,2.502652198381673,0.4579448124108889,False
1360,63,120.2934315241281,164,112,112.47059308673964,2.9719027929156536,0.974837710175845,False
1361,527,91.81100273527112,166,74,73.92452581134692,1.6933067169748413,0.6744907594765952,False
1362,455,177.00365908359169,161,136,135.90663617004205,3.2322138228543493,1.261577725324508,False
1363,102,93.87830105236762,166,74,75.01184852174045,1.7192710482578772,0.6744907594765952,False
1364,488,140.07067683108718,164,111,112.30520839809843,2.6897397203700435,0.6645500735686607,False
1365,13,145.3263213257126,166,102,102.6195362480951,2.282426956334229,0.6934083177877567,False
1366,383,33.68219066006812,157,46,50.788066388328645,1.7299331983357524,2.3607176581680833,False
1367,33,61.40508725216782,164,68,70.17581275477202,1.900898263515486,0.43766886334448096,False
1368,501,39.45258457890707,161,49,53.62864085916124,1.3861543700591603,1.011736139214893,False
1369,288,17.74093386968938,160,32,40.43044188918807,1.0115657854104028,1.3489815189531904,False
1370,435,62.711445346334926,164,63,65.99310315505004,1.5709090907410177,0.5683967639044251,False
1371,523,70.65369276994525,164,73,76.65796832635921,2.1088657869573746,0.3130176141828646,False
1372,390,144.94765347415162,164,130,130.80570344069343,3.1479022677660953,1.1687061455497025,False
1373,505,10.909343390619856,157,32,51.341691050576365,0.9976788287234323,2.3607176581680833,False
1374,528,20.55256361349395,160,36,40.79154676126421,1.0719469971248414,1.3489815189531904,False
1375,77,2.703350790206454,151,3,62.51059394836926,2.0597894391861957,4.384189936597869,False
1376,309,165.7037777885335,161,127,128.63843761105625,3.2084663537758713,1.2354192116229992,False
1377,139,105.23782844813343,166,80,81.01048626528934,1.8563851002640297,0.6744907594765952,False
1378,35,116.3695354099528,164,96,97.50309093943316,2.41652260871525,0.36307061575654603,False
1379,147,71.68365030093278,164,76,77.38372219923824,2.1309303995673643,0.2991360087263198,False
1380,505,10.909343390619856,157,32,51.341691050576365,0.9976788287234323,2.3607176581680833,False
1381,49,151.1036508937477,164,136,135.43417731408482,3.170539272029325,1.2136562464092557,False
1382,529,194.62081120345474,160,129,129.6911434852293,3.2374356437630745,1.3577916919336406,False
1383,99,27.308435799580256,160,39,42.58637329320546,1.229342444604008,1.3489815189531904,False
1384,530,13.262954884491142,160,31,40.65721164339877,0.9234616524515776,1.3489815189531904,False
1385,255,14.134440669299766,160,32,40.50482576300447,0.9386396455926813,1.3489815189531904,False
1386,174,14.520553589672321,161,36,43.31717189469786,0.8849967801971748,1.3239487140554214,False
1387,331,145.97126046647406,164,131,131.5761929406773,3.15194756314529,1.1731621536511811,False
1388,125,60.37819969427708,164,67,69.45358562781038,1.8767048301053437,0.4515090921869328,False
1389,499,105.02153517408385,164,89,90.61735410011052,2.258852431984849,0.1893924244220691,False
1390,124,186.24996604596532,161,141,141.91540089594315,3.241981561232443,1.3675273458640436,False
1391,501,39.45258457890707,161,49,53.62864085916124,1.3861543700591603,1.011736139214893,False
1392,448,186.44871302212619,160,126,125.14212403017667,3.226480185910666,1.3489815189531904,False
1393,335,105.85146531914287,164,101,101.88724033268997,2.777558092040508,0.7607614857218701,False
1394,111,131.61005380334282,164,121,120.83998043021349,3.0728524860849245,1.08603667302973,False
1395,531,109.36906569636876,166,82,83.21744418259783,1.9043762955199866,0.6744907594765952,False
1396,176,184.404687648927,160,125,124.00308409954714,3.22289493081053,1.3489815189531904,False
1397,532,66.8217968383089,164,66,68.24068231919361,1.6452417414358012,0.48651723159539445,False
1398,223,164.44146280452364,164,146,145.47791914415586,3.201257804380262,1.4521052951905598,False
1399,464,115.33640524853604,164,96,96.86475368247453,2.4027245883095674,0.34787170320536176,False
1400,168,169.54063199910289,164,149,149.31701918085776,3.2081649900738167,1.5432495885640742,False
1401,184,120.69871649872941,166,88,89.25351761577643,2.030054962492146,0.6744907594765952,False
1402,333,108.95309388904909,164,104,104.15791898644518,2.8255998481197953,0.8136808486439382,False
1403,420,37.49420562121005,157,48,52.67160190007611,1.8541035911662993,2.3607176581680833,False
1404,321,157.26139736205684,164,141,140.06376673662504,3.187461086381883,1.3235675934679338,False
1405,306,147.37384234106162,160,103,103.73709917917108,3.0479541642688908,1.3489815189531904,False
1406,202,154.5780123092776,160,108,107.6291557982193,3.1009703646624907,1.3489815189531904,False
1407,85,91.59998840396362,164,80,82.60860209678937,2.05900702054807,0.04351553286945775,False
1408,58,7.2152410877539666,157,29,60.102001176772475,0.9389269564072386,2.3607176581680833,False
1409,350,75.30161551795237,166,63,65.4110572691208,1.4736282266487446,0.675554407013373,False
1410,96,20.342862175689024,161,38,44.18167039849802,1.056789356884972,1.1347142968527093,False
1411,168,169.54063199910289,164,149,149.31701918085776,3.2081649900738167,1.5432495885640742,False
1412,182,32.730549319060884,157,46,50.354373393214814,1.698902097233726,2.3607176581680833,False
1413,359,25.364988332037736,160,37,41.98270185377987,1.182319289990643,1.3489815189531904,False
1414,533,15.110598475718229,157,32,47.707662286107826,1.1103867461363606,2.3607176581680833,False
1415,311,152.52024676113524,160,107,106.51981145296212,3.086489281708642,1.3489815189531904,False
1416,130,39.17010808017771,160,45,47.22637405418851,1.4961506019600777,1.3489815189531904,False
1417,438,69.18498071291457,160,61,62.2440924633598,2.088538659774893,1.3489815189531904,False
1418,420,37.49420562121005,157,48,52.67160190007611,1.8541035911662993,2.3607176581680833,False
1419,61,6.974128036854599,160,26,45.11171790598726,0.8634139367663816,1.3489815189531904,False
1420,111,131.61005380334282,164,121,120.83998043021349,3.0728524860849245,1.08603667302973,False
1421,197,22.36148259772997,157,38,46.986484071760955,1.3492682270914673,2.3607176581680833,False
1422,337,166.48175589410405,164,147,147.01403516958746,3.2042878949921803,1.4885743135384049,False
1423,75,76.3324648706218,166,65,65.9301185001023,1.487928280898297,0.6744907594765952,False
1424,462,5.047573248804104,160,25,49.88416327805758,0.9123112647726936,1.3489815189531904,False
1425,53,112.0476994608148,164,105,106.41952795952271,2.870068885499713,0.8626647601399934,False
1426,212,5.950519901954288,157,21,66.10504852139174,0.9416169412893457,2.3607176581680833,False
1427,305,187.46962197876726,160,126,125.70873097557413,3.22822413805572,1.3489815189531904,False
1428,43,89.53450890113623,164,80,81.39087315824214,2.026717317226454,0.06938892609576394,False
1429,24,59.64063368389887,161,60,64.32170531866241,1.8526602185063716,1.011736139214893,False
1430,54,189.30500799000592,161,144,143.88254765969518,3.2439929250076345,1.4142294896034924,False
1431,334,8.61461203365348,157,29,55.73267930947285,0.9542588093941282,2.3607176581680833,False
1432,377,120.50163702222038,164,99,100.05013964291373,2.471207856625463,0.4233079741884026,False
1433,41,163.8271559948141,160,113,112.64332303715737,3.154441712462432,1.3489815189531904,False
1434,169,175.17848781447327,160,119,118.8958903017279,3.199618059402678,1.3489815189531904,False
1435,350,75.30161551795237,166,63,65.4110572691208,1.4736282266487446,0.675554407013373,False
1436,185,158.68886262992103,160,109,109.8510583142722,3.126567745024279,1.3489815189531904,False
1437,186,109.98513347447268,164,105,104.90660867409575,2.841205364675976,0.8308707696963646,False
1438,464,115.33640524853604,164,96,96.86475368247453,2.4027245883095674,0.34787170320536176,False
1439,220,11.08532321551454,155,33,43.223963336279034,1.4356271002115757,3.0352084176446783,False
1440,255,14.134440669299766,160,32,40.50482576300447,0.9386396455926813,1.3489815189531904,False
1441,435,62.711445346334926,164,63,65.99310315505004,1.5709090907410177,0.5683967639044251,False
1442,299,159.56734218572208,164,123,124.70423514961287,2.825731053440097,0.9589160762730181,False
1443,435,62.711445346334926,164,63,65.99310315505004,1.5709090907410177,0.5683967639044251,False
1444,151,131.85777625061453,164,104,107.15709286220046,2.6077048947620987,0.573663350187122,False
1445,465,6.305315858852972,160,26,46.41601141389517,0.8713390186005534,1.3489815189531904,False
1446,242,47.13288907750829,161,57,60.129540444041226,1.9168523136508155,1.011736139214893,False
1447,37,195.63913190096895,160,130,130.25899558955837,3.2383645621501693,1.3715164579806176,False
1448,494,133.91193749658626,164,108,108.44452658921246,2.629425845857572,0.597589596599447,False
1449,160,45.133654767541884,160,48,49.97189543540399,1.6238556525127366,1.3489815189531904,False
1450,534,180.30817984293498,160,121,121.72962272530644,3.213807129213611,1.3489815189531904,False
1451,287,121.32367927221078,164,114,113.22521742995,2.9831209414284943,0.9871948203423616,False
1452,340,113.0789430353976,164,107,107.17514165667299,2.884111299043187,0.8781328786946616,False
1453,498,7.198195635697378,155,25,45.43929231084064,1.275692157002758,3.0352084176446783,False
1454,245,63.456212938626976,164,70,71.60279837157643,1.9488373804324146,0.4100241142508842,False
1455,535,21.498706161106597,160,36,40.96584135622628,1.093777655425786,1.3489815189531904,False
1456,530,13.262954884491142,160,31,40.65721164339877,0.9234616524515776,1.3489815189531904,False
1457,532,66.8217968383089,164,66,68.24068231919361,1.6452417414358012,0.48651723159539445,False
1458,479,43.1464707701153,161,55,57.29367791424841,1.794428179801749,1.011736139214893,False
1459,104,2.300075425537707,151,3,68.24882513601042,2.226189436177839,4.384189936597869,False
1460,394,9.951344857956306,160,29,41.93032884628667,0.8720848885632478,1.3489815189531904,False
1461,274,88.20708267969752,164,87,89.07114790575969,2.463784500560953,0.41513093600875717,False
1462,403,166.92658447855084,160,114,114.34495294290245,3.169053859233614,1.3489815189531904,False
1463,417,18.672842135573813,160,32,40.52346906704577,1.030968635520679,1.3489815189531904,False
1464,117,68.59471113038528,164,72,75.20962803386436,2.0645350074216497,0.3407682445755923,False
1465,140,6.567783531294809,157,25,62.86452936010416,0.9372764236397524,2.3607176581680833,False
1466,253,54.1027880509509,160,53,54.400449061135035,1.8082779137996172,1.3489815189531904,False
1467,358,133.04022944079728,166,95,95.9146813214251,2.1594749938841846,0.6744907594765952,False
1468,380,62.430598821363674,164,68,70.88975845342823,1.9250386506637602,0.42384717986103704,False
1469,512,90.28332889712772,164,91,90.5672490429416,2.502652198381673,0.4579448124108889,False
1470,322,190.32268275576735,161,144,144.54096485610344,3.2444643915912343,1.4298610098915534,False
1471,321,157.26139736205684,164,141,140.06376673662504,3.187461086381883,1.3235675934679338,False
1472,482,43.1452359012911,160,46,49.040257025274066,1.5819218592847075,1.3489815189531904,False
1473,159,69.62379086111812,164,73,75.93234080049416,2.0869164116901757,0.3268984699726881,False
1474,183,130.82961123330014,164,104,106.51742803108526,2.596194404318661,0.5609842170558936,False
1475,256,98.5983180213225,164,95,96.6102870086507,2.655339313093946,0.626134018976256,False
1476,511,135.71815514290142,164,126,123.90031082525554,3.100170108481246,1.1161278123164189,False
1477,284,12.730358847979556,155,34,43.254081907594994,1.5198136851486104,3.0352084176446783,False
1478,5,29.894178516459473,157,43,49.14817512909617,1.6019740827024767,2.3607176581680833,False
1479,349,36.1991162516392,160,43,45.93304465509356,1.4290038942312746,1.3489815189531904,False
1480,274,88.20708267969752,164,87,89.07114790575969,2.463784500560953,0.41513093600875717,False
1481,83,185.42780414396887,160,125,124.57444166890632,3.224702137714413,1.3489815189531904,False
1482,536,171.57829790765308,164,151,150.85958632211532,3.2101638462125335,1.5798717632214212,False
1483,537,39.169674213616986,161,51,54.537832279167226,1.6701463742337836,1.011736139214893,False
1484,511,135.71815514290142,164,126,123.90031082525554,3.100170108481246,1.1161278123164189,False
1485,342,30.248561643753572,161,47,48.84375371991,1.3801755793201549,1.011736139214893,False
1486,6,46.13166860909622,161,57,59.41392671329014,1.8875542226421074,1.011736139214893,False
1487,538,86.64529033582701,166,69,71.21696561368805,1.6265396381987465,0.6744907594765952,False
1488,183,130.82961123330014,164,104,106.51742803108526,2.596194404318661,0.5609842170558936,False
1489,444,132.01498111966077,166,94,95.35737995670752,2.1490489644031596,0.6744907594765952,False
1490,137,188.4905310082839,160,127,126.27424449831142,3.2299350619843015,1.3489815189531904,False
1491,93,177.23395723032965,160,119,120.02916832449797,3.205959090869888,1.3489815189531904,False
1492,480,49.51478192096725,161,56,58.73613118127473,1.6316344740462545,1.011736139214893,False
1493,296,13.581391359676406,155,36,43.37883931963935,1.5597662546295152,3.0352084176446783,False
1494,201,36.19592437460549,161,51,52.534285695186526,1.5736495350291166,1.011736139214893,False
1495,378,35.59151306013435,157,48,51.708687071043535,1.7914929547428116,2.3607176581680833,False
1496,96,20.342862175689024,161,38,44.18167039849802,1.056789356884972,1.1347142968527093,False
1497,207,93.66529348814132,164,83,83.83392988616178,2.090523025447669,0.021757766434728876,False
1498,122,190.89096870155407,163,164,165.69690068102554,3.32303373946828,1.9321252913595792,False
1499,295,23.425219590468963,160,36,41.43125999465653,1.1369349228828107,1.3489815189531904,False
1500,244,86.43034964962003,164,76,79.54637961940279,1.9772501736860413,0.13054659860837325,False
1501,434,4.810898755807535,157,21,74.3661665494069,0.9702407589259786,2.3607176581680833,False
1502,372,18.373309010536495,161,38,43.65120358330958,0.9972423277855357,1.2003070457656209,False
1503,121,174.94121126149878,161,134,134.56928789946988,3.228875506210645,1.2579004744403932,False
1504,215,96.522099418275,164,92,95.10402368952032,2.6175032200512844,0.5844564846252375,False
1505,417,18.672842135573813,160,32,40.52346906704577,1.030968635520679,1.3489815189531904,False
1506,25,168.521799039909,164,148,148.54693927867248,3.207140596183897,1.5249670775967072,False
1507,470,179.06430516659205,161,136,137.2433758507319,3.2350800262737964,1.2647349300426673,False
1508,164,104.20345637652946,166,80,80.45547403723344,1.8442093777494688,0.6744907594765952,False
1509,43,89.53450890113623,164,80,81.39087315824214,2.026717317226454,0.06938892609576394,False
1510,362,152.40657983757575,164,119,120.1448277074441,2.78451033216433,0.8506709236211948,False
1511,84,155.60572533322457,160,109,108.18732231035715,3.1074881825738103,1.3489815189531904,False
1512,309,165.7037777885335,161,127,128.63843761105625,3.2084663537758713,1.2354192116229992,False
1513,120,38.176657737751995,160,44,46.788997377690755,1.4745938372059137,1.3489815189531904,False
1514,513,16.432364931898583,161,36,43.360731803950685,0.9396799289511173,1.2637136679039973,False
1515,305,187.46962197876726,160,126,125.70873097557413,3.22822413805572,1.3489815189531904,False
1516,39,63.739153352205335,164,63,66.5527135225891,1.5893277671883839,0.5481080670913093,False
1517,445,151.3827948590852,164,118,119.49438802474432,2.7778671708811666,0.835228797941997,False
1518,170,173.6159638061221,164,152,152.4058317930808,3.2120986508426186,1.616581265314578,False
1519,51,178.25922988571827,160,119,120.59546366638133,3.208785990911557,1.3489815189531904,False
1520,51,178.25922988571827,160,119,120.59546366638133,3.208785990911557,1.3489815189531904,False
1521,49,151.1036508937477,164,136,135.43417731408482,3.170539272029325,1.2136562464092557,False
1522,19,50.1430920870544,164,59,62.274681269730095,1.6239185128314937,0.5894562612051727,False
1523,267,2.7252244847719456,157,3,108.02251474446958,1.1835564424484981,2.3607176581680833,False
1524,147,71.68365030093278,164,76,77.38372219923824,2.1309303995673643,0.2991360087263198,False
1525,70,143.28211739503664,166,102,101.49772049221723,2.262831465693596,0.6744907594765952,False
1526,443,118.23293623741881,164,111,110.95679575014312,2.948729289497155,0.9493114359997841,False
1527,79,59.35139619938545,164,67,68.72578253758198,1.852364398686392,0.4653481880415167,False
1528,539,178.69730293683963,164,156,156.28496773073533,3.215071016591905,1.7086760533006358,False
1529,540,16.87168522815142,157,35,47.08768708375828,1.1665625688519616,2.3607176581680833,False
1530,271,166.72939941280575,161,128,129.290017509936,3.21141817694376,1.23867072893318,False
1531,68,114.52205058227008,166,86,85.95347600807527,1.9624030310746063,0.6744907594765952,False
1532,47,100.67068026113056,164,97,98.11327636668608,2.6912135574250247,0.6656505210828431,False
1533,241,103.98963152708525,164,89,89.99714814785638,2.2441399940229454,0.17318625488302394,False
1534,407,143.1614125254272,164,113,114.26106679016571,2.7169376736695074,0.7109842194308185,False
1535,53,112.0476994608148,164,105,106.41952795952271,2.870068885499713,0.8626647601399934,False
1536,390,144.94765347415162,164,130,130.80570344069343,3.1479022677660953,1.1687061455497025,False
1537,454,28.2941305320687,160,39,42.91692568587121,1.25106826304113,1.3489815189531904,False
1538,487,135.09071771310255,166,98,97.02995782657048,2.1805621160111537,0.6744907594765952,False
1539,321,157.26139736205684,164,141,140.06376673662504,3.187461086381883,1.3235675934679338,False
1540,535,21.498706161106597,160,36,40.96584135622628,1.093777655425786,1.3489815189531904,False
1541,255,14.134440669299766,160,32,40.50482576300447,0.9386396455926813,1.3489815189531904,False
1542,231,112.24167349233127,164,93,94.97465892180823,2.3602989279043034,0.3011386296580658,False
1543,472,138.16455197751839,166,99,98.704927317803,2.211922315183987,0.6744907594765952,False
1544,538,86.64529033582701,166,69,71.21696561368805,1.6265396381987465,0.6744907594765952,False
1545,541,110.17950136588505,164,93,93.72299816937524,2.3316591393594486,0.26959108669325105,False
1546,29,48.1338765665661,161,57,60.84662003278921,1.9462953923336521,1.011736139214893,False
1547,401,67.56685119808691,164,72,74.49210955213566,2.0414550310514787,0.3546215789272294,False
1548,185,158.68886262992103,160,109,109.8510583142722,3.126567745024279,1.3489815189531904,False
1549,296,13.581391359676406,155,36,43.37883931963935,1.5597662546295152,3.0352084176446783,False
1550,205,96.97369963130497,166,75,76.6255263564612,1.7577145684604574,0.6744907594765952,False
1551,542,8.696002226919903,155,30,44.0689797767026,1.3317144232734641,3.0352084176446783,False
1552,465,6.305315858852972,160,26,46.41601141389517,0.8713390186005534,1.3489815189531904,False
1553,19,50.1430920870544,164,59,62.274681269730095,1.6239185128314937,0.5894562612051727,False
1554,262,183.1864611917974,161,138,139.93174751361838,3.2395700038255133,1.3204333175497163,False
1555,475,5.364221977580796,157,21,69.9007287297366,0.9520403085664372,2.3607176581680833,False
1556,426,127.498720252808,164,117,117.78038941423343,3.0412491672920177,1.0512247170724267,False
1557,197,22.36148259772997,157,38,46.986484071760955,1.3492682270914673,2.3607176581680833,False
1558,317,23.300583098488943,157,40,47.15064893362695,1.3797510451988748,2.3607176581680833,False
1559,515,134.0654749911986,166,97,96.47245638464945,2.1699883198637373,0.6744907594765952,False
1560,144,172.08227191025495,160,118,117.1778888110854,3.1896739137260735,1.3489815189531904,False
1561,275,172.5971308580513,164,152,151.63319928290855,3.2111390620553357,1.598238152735112,False
1562,194,190.53503578932492,160,128,127.41407411953003,3.2327595803654283,1.3489815189531904,False
1563,543,3.610858662489748,151,21,54.762783523789246,1.896733915618958,4.384189936597869,False
1564,57,130.5822559534306,164,120,120.07599232076922,3.0652395816363693,1.0776508419052553,False
1565,200,53.558375141560184,161,56,60.9545518330902,1.7228733558172706,1.011736139214893,False
1566,88,74.27071809235947,166,62,64.8897747433167,1.4593059149965166,0.6913308413084963,False
1567,349,36.1991162516392,160,43,45.93304465509356,1.4290038942312746,1.3489815189531904,False
1568,358,133.04022944079728,166,95,95.9146813214251,2.1594749938841846,0.6744907594765952,False
1569,383,33.68219066006812,157,46,50.788066388328645,1.7299331983357524,2.3607176581680833,False
1570,151,131.85777625061453,164,104,107.15709286220046,2.6077048947620987,0.573663350187122,False
1571,141,84.36145425343982,164,75,78.31494049495457,1.9440188572858026,0.15740572700383262,False
1572,67,61.68366667534663,164,62,65.43300329105043,1.5525148740229244,0.5886585176289445,False
1573,133,170.55946495487356,164,149,150.0881975616377,3.2091726097082147,1.5615581785745352,False
1574,2,1.960419751022364,135,2,74.95856872173687,4.965904436869738,9.78011601241063,True
1575,319,51.10818125621146,160,51,52.87864012495453,1.747307184451577,1.3489815189531904,False
1576,86,185.23021717650153,161,141,141.25482565930642,3.2412940366071528,1.3518445914195878,False
1577,544,82.29402922600363,164,74,77.09743116975315,1.9095006241099899,0.19542854419321018,False
1578,319,51.10818125621146,160,51,52.87864012495453,1.747307184451577,1.3489815189531904,False
1579,340,113.0789430353976,164,107,107.17514165667299,2.884111299043187,0.8781328786946616,False
1580,2,1.960419751022364,135,2,74.95856872173687,4.965904436869738,9.78011601241063,True
1581,70,143.28211739503664,166,102,101.49772049221723,2.262831465693596,0.6744907594765952,False
1582,261,196.65672618306587,160,132,130.82850584264472,3.239088678864786,1.3852314335149598,False
1583,392,17.39638305234985,161,36,43.472362460626385,0.9686519949969313,1.231800111806043,False
1584,434,4.810898755807535,157,21,74.3661665494069,0.9702407589259786,2.3607176581680833,False
1585,305,187.46962197876726,160,126,125.70873097557413,3.22822413805572,1.3489815189531904,False
1586,365,155.4772613505424,164,121,122.0936864269329,2.8034613702572906,0.8969388898566402,False
1587,185,158.68886262992103,160,109,109.8510583142722,3.126567745024279,1.3489815189531904,False
1588,73,106.053438069795,164,90,91.2368153243815,2.273621438497083,0.20566090583081326,False
1589,513,16.432364931898583,161,36,43.360731803950685,0.9396799289511173,1.2637136679039973,False
1590,539,178.69730293683963,164,156,156.28496773073533,3.215071016591905,1.7086760533006358,False
1591,545,192.5799313883038,160,129,128.5564652652669,3.235136376692343,1.3489815189531904,False
1592,373,81.99677159991116,164,83,84.67381292630348,2.344793566672157,0.28405903254826126,False
1593,206,82.51924852535427,166,68,69.08767736054644,1.5722547224607273,0.6744907594765952,False
1594,198,98.00522487393178,166,75,77.16979013911063,1.7701704883312315,0.6744907594765952,False
1595,151,131.85777625061453,164,104,107.15709286220046,2.6077048947620987,0.573663350187122,False
1596,117,68.59471113038528,164,72,75.20962803386436,2.0645350074216497,0.3407682445755923,False
1597,360,104.81534398286101,164,101,101.12392769185378,2.7611977519968613,0.7427401050947897,False
1598,419,126.71573209367975,164,102,103.95865516326523,2.5485316608220465,0.508482347290849,False
1599,317,23.300583098488943,157,40,47.15064893362695,1.3797510451988748,2.3607176581680833,False
1600,412,65.51136104207833,164,70,73.05077995963494,1.9951020553156202,0.3823251516543152,False
1601,218,72.71366299248933,164,76,78.11252883049379,2.1532250107927995,0.2852536598243096,False
1602,149,107.9210532999669,164,104,103.40618864801245,2.8097708040608858,0.7962447056794641,False
1603,453,52.10717611380001,160,51,53.3846553081108,1.7674720075464514,1.3489815189531904,False
1604,87,169.80336939464996,161,130,131.26005729822788,3.2187379662861093,1.246733685417984,False
1605,172,160.35533706979433,164,142,142.4068576654325,3.1939057376879156,1.3791950491149387,False
1606,210,148.3104239482628,164,115,117.54420739438473,2.756777761472027,0.788929448145022,False
1607,60,139.8229713767275,164,128,126.96337053010316,3.123709321547474,1.142056926087692,False
1608,41,163.8271559948141,160,113,112.64332303715737,3.154441712462432,1.3489815189531904,False
1609,546,74.77381592992036,164,78,79.56300697921297,2.1977605860665608,0.2574872428632731,False
1610,176,184.404687648927,160,125,124.00308409954714,3.22289493081053,1.3489815189531904,False
1611,312,26.33647203106727,160,37,42.27984539806007,1.2057232872572565,1.3489815189531904,False
1612,79,59.35139619938545,164,67,68.72578253758198,1.852364398686392,0.4653481880415167,False
1613,359,25.364988332037736,160,37,41.98270185377987,1.182319289990643,1.3489815189531904,False
1614,201,36.19592437460549,161,51,52.534285695186526,1.5736495350291166,1.011736139214893,False
1615,27,81.26041091609862,164,74,76.49068253250417,1.8924343472590919,0.21422753432401728,False
1616,246,95.94218564464283,166,75,76.08227742659467,1.7452273193749537,0.6744907594765952,False
1617,461,92.84462030468018,166,74,74.46927269414549,1.7062856857101691,0.6744907594765952,False
1618,547,160.74353810909687,160,111,110.96261652431487,3.1385270247697528,1.3489815189531904,False
1619,533,15.110598475718229,157,32,47.707662286107826,1.1103867461363606,2.3607176581680833,False
1620,369,89.24419233673324,164,88,89.81713366756958,2.483178227692832,0.43649367892784735,False
1621,131,56.10031815426071,160,53,55.42030380854203,1.8483171442257083,1.3489815189531904,False
1622,302,167.95916902914743,160,114,114.91564632639394,3.173346146954777,1.3489815189531904,False
1623,239,174.14641572413592,160,119,118.32263174049076,3.196366861276315,1.3489815189531904,False
1624,106,132.6378518099938,164,121,121.60290893476136,3.0802950164992375,1.0942348323019173,False
1625,304,147.28536191240258,164,115,116.89718234833025,2.7491274468310287,0.7735683895495643,False
1626,206,82.51924852535427,166,68,69.08767736054644,1.5722547224607273,0.6744907594765952,False
1627,542,8.696002226919903,155,30,44.0689797767026,1.3317144232734641,3.0352084176446783,False
1628,468,84.06640868602273,164,84,86.13650364056119,2.384801836391511,0.32812928138904657,False
1629,261,196.65672618306587,160,132,130.82850584264472,3.239088678864786,1.3852314335149598,False
1630,545,192.5799313883038,160,129,128.5564652652669,3.235136376692343,1.3489815189531904,False
1631,108,175.64920046093283,164,153,153.95651524665217,3.213421115179161,1.653396129806409,False
1632,167,138.0194522504365,164,111,111.01510199164395,2.6708606954942358,0.6432312638591771,False
1633,433,53.10535605754746,160,53,53.89075892059666,1.7877367405675644,1.3489815189531904,False
1634,175,27.99427883143091,157,43,48.43919905027035,1.5395187682978662,2.3607176581680833,False
1635,548,32.23554345534983,160,41,44.34199159713458,1.3411169054724776,1.3489815189531904,False
1636,549,141.09628892530543,164,111,112.94814490759897,2.6989479882843086,0.679814065984134,False
1637,494,133.91193749658626,164,108,108.44452658921246,2.629425845857572,0.597589596599447,False
1638,505,10.909343390619856,157,32,51.341691050576365,0.9976788287234323,2.3607176581680833,False
1639,131,56.10031815426071,160,53,55.42030380854203,1.8483171442257083,1.3489815189531904,False
1640,523,70.65369276994525,164,73,76.65796832635921,2.1088657869573746,0.3130176141828646,False
1641,51,178.25922988571827,160,119,120.59546366638133,3.208785990911557,1.3489815189531904,False
1642,361,165.46160935219984,164,147,146.24591197954837,3.202785592089505,1.4703382569859251,False
1643,66,114.11018614755625,164,107,107.9297836930221,2.897912627783558,0.8933354354707521,False
1644,124,186.24996604596532,161,141,141.91540089594315,3.241981561232443,1.3675273458640436,False
1645,492,46.494385969769326,161,52,57.12178369973034,1.5591134052664897,1.011736139214893,False
1646,333,108.95309388904909,164,104,104.15791898644518,2.8255998481197953,0.8136808486439382,False
1647,550,33.22256116984342,161,47,50.63097495308918,1.4772850614666622,1.011736139214893,False
1648,438,69.18498071291457,160,61,62.2440924633598,2.088538659774893,1.3489815189531904,False
1649,184,120.69871649872941,166,88,89.25351761577643,2.030054962492146,0.6744907594765952,False
1650,348,136.99317513689638,164,109,110.37090660930225,2.6609474615286492,0.6323115542405184,False
1651,400,74.0312495324795,164,70,72.29442509660672,1.7708037678823794,0.3482070824869696,False
1652,414,121.53405956167775,164,100,100.69495521099853,2.484311064299826,0.43774153072239835,False
1653,466,107.30666189598904,166,81,82.11471405453115,1.8807841494778277,0.6744907594765952,False
1654,122,190.89096870155407,163,164,165.69690068102554,3.32303373946828,1.9321252913595792,False
1655,522,86.13605908639285,164,86,87.59408408377362,2.425004265672348,0.37241340251797084,False
1656,538,86.64529033582701,166,69,71.21696561368805,1.6265396381987465,0.6744907594765952,False
1657,307,69.91003365233992,164,68,69.96861503235553,1.6992490769666744,0.4270266129615681,False
1658,133,170.55946495487356,164,149,150.0881975616377,3.2091726097082147,1.5615581785745352,False
1659,379,94.91025506587835,166,75,75.54803093754633,1.732242528296775,0.6744907594765952,False
1660,551,4.4614243364518265,160,17,52.17646333374569,0.9509812201595104,1.414254818257377,False
1661,211,90.77744977822879,166,71,73.37801408065329,1.6803516615892071,0.6744907594765952,False
1662,415,123.38236540176062,164,115,114.74431220336973,3.003610706366684,1.009764880128736,False
1663,93,177.23395723032965,160,119,120.02916832449797,3.205959090869888,1.3489815189531904,False
1664,261,196.65672618306587,160,132,130.82850584264472,3.239088678864786,1.3852314335149598,False
1665,387,49.13470134563658,161,59,61.56412208900472,1.9758299346865218,1.011736139214893,False
1666,270,135.96609638235606,164,108,109.72951926742165,2.650584364543776,0.6208963076905376,False
1667,116,182.35687196799034,160,122,122.86417302376591,3.2186363202882924,1.3489815189531904,False
1668,204,44.47629580349733,161,52,56.06499304257495,1.5113030687398221,1.011736139214893,False
1669,146,151.49123032490198,160,106,105.96416750912597,3.079067964895177,1.3489815189531904,False
1670,122,190.89096870155407,163,164,165.69690068102554,3.32303373946828,1.9321252913595792,False
1671,250,188.85815898077723,163,163,164.12621530921177,3.3243089048459527,1.8948355601836584,False
1672,213,60.65777417560313,164,62,64.88010599157178,1.5332827637789315,0.6098432349419297,False
1673,247,9.174164288154028,160,29,42.495954992034996,0.8638393192665798,1.3489815189531904,False
1674,544,82.29402922600363,164,74,77.09743116975315,1.9095006241099899,0.19542854419321018,False
1675,120,38.176657737751995,160,44,46.788997377690755,1.4745938372059137,1.3489815189531904,False
1676,489,5.662615059249831,160,26,47.97081699472071,0.8860374682992356,1.3489815189531904,False
1677,263,5.243768960851287,151,23,48.63774038975223,1.8776666623665388,4.384189936597869,False
1678,552,164.67792945506582,161,126,127.98667566953445,3.2053591712626015,1.231996561568046,False
1679,420,37.49420562121005,157,48,52.67160190007611,1.8541035911662993,2.3607176581680833,False
1680,550,33.22256116984342,161,47,50.63097495308918,1.4772850614666622,1.011736139214893,False
1681,321,157.26139736205684,164,141,140.06376673662504,3.187461086381883,1.3235675934679338,False
1682,516,122.57497268038927,164,101,101.35890169440279,2.49742135490756,0.4521828893092794,False
1683,43,89.53450890113623,164,80,81.39087315824214,2.026717317226454,0.06938892609576394,False
1684,26,12.533057497549368,157,32,49.450575379384894,1.0392668125386995,2.3607176581680833,False
1685,59,137.14085874359705,166,98,98.14352900801744,2.2017150712210154,0.6744907594765952,False
1686,397,136.7445597876765,164,126,124.66604651355344,3.1063350179957983,1.122918635770996,False
1687,390,144.94765347415162,164,130,130.80570344069343,3.1479022677660953,1.1687061455497025,False
1688,514,140.21193023476542,166,99,99.82384265613547,2.2323521255496064,0.6744907594765952,False
1689,226,186.8196978592468,163,163,162.54553856564883,3.325642012108319,1.8573086232800393,False
1690,402,181.13757928584084,161,138,138.6067883366212,3.23732848373984,1.2889773860080351,False
1691,422,142.2592981016185,166,100,100.93840417756755,2.252827893809975,0.6744907594765952,False
1692,363,72.22263078648464,160,62,63.83615054081559,2.1408900788613696,1.3489815189531904,False
1693,436,42.15111894807327,161,55,56.596404124774104,1.7636327016747977,1.011736139214893,False
1694,78,83.03158744615756,164,83,85.40539138080693,2.3647533130107203,0.30604526174811886,False
1695,243,25.178981162900858,157,40,47.57915048960116,1.4422954424696852,2.3607176581680833,False
1696,20,134.69175059218284,164,125,123.1338483581174,3.093868760563964,1.1091866980744138,False
1697,100,124.81246607539046,166,91,91.45199513970331,2.0739831885470825,0.6744907594765952,False
1698,220,11.08532321551454,155,33,43.223963336279034,1.4356271002115757,3.0352084176446783,False
1699,372,18.373309010536495,161,38,43.65120358330958,0.9972423277855357,1.2003070457656209,False
1700,317,23.300583098488943,157,40,47.15064893362695,1.3797510451988748,2.3607176581680833,False
1701,515,134.0654749911986,166,97,96.47245638464945,2.1699883198637373,0.6744907594765952,False
1702,438,69.18498071291457,160,61,62.2440924633598,2.088538659774893,1.3489815189531904,False
1703,478,45.48587146379173,161,52,56.59021534689537,1.5351019897977256,1.011736139214893,False
1704,476,21.32892269046402,161,39,44.5240265955284,1.088797165208755,1.0994567841541563,False
1705,166,139.18824245045616,166,99,99.26516352703965,2.2221311908032644,0.6744907594765952,False
1706,103,83.55063533642381,166,68,69.61638338461476,1.5861969421850644,0.6744907594765952,False
1707,553,44.13541420966291,160,48,49.50182761361225,1.6038122579106073,1.3489815189531904,False
1708,554,140.84790771388543,164,128,127.7345579690191,3.128749412202462,1.1476087295249198,False
1709,497,38.17968410659097,161,51,53.86050528617763,1.6376009676891745,1.011736139214893,False
1710,51,178.25922988571827,160,119,120.59546366638133,3.208785990911557,1.3489815189531904,False
1711,383,33.68219066006812,157,46,50.788066388328645,1.7299331983357524,2.3607176581680833,False
1712,12,161.61131852087465,164,125,126.0156464334093,2.8359116530410082,0.990050366507967,False
1713,495,41.15512426868411,161,52,55.90330410967042,1.733052244197572,1.011736139214893,False
1714,365,155.4772613505424,164,121,122.0936864269329,2.8034613702572906,0.8969388898566402,False
1715,34,163.6538882367355,164,126,127.3322598348443,2.845278921259143,1.0213081605150707,False
1716,385,12.403807843199306,160,29,40.861166000196555,0.9096262338338382,1.3489815189531904,False
1717,459,77.86829667474481,164,80,81.7558320023919,2.2611758436088523,0.21578031854830534,False
1718,454,28.2941305320687,160,39,42.91692568587121,1.25106826304113,1.3489815189531904,False
1719,512,90.28332889712772,164,91,90.5672490429416,2.502652198381673,0.4579448124108889,False
1720,258,97.79575604403466,164,84,86.29031336023347,2.153287298500503,0.0731094225776964,False
1721,402,181.13757928584084,161,138,138.6067883366212,3.23732848373984,1.2889773860080351,False
1722,459,77.86829667474481,164,80,81.7558320023919,2.2611758436088523,0.21578031854830534,False
1723,110,71.9697109210964,164,69,71.1179949097991,1.7350553571768457,0.38758497527030417,False
1724,279,32.23319671182237,161,47,50.030396035116105,1.4449275481564325,1.011736139214893,False
1725,452,181.33252585280562,160,122,122.2965064700784,3.2162451878687164,1.3489815189531904,False
1726,525,77.12868765106437,164,72,74.08462238963178,1.823396062568629,0.29027517165480227,False
1727,246,95.94218564464283,166,75,76.08227742659467,1.7452273193749537,0.6744907594765952,False
1728,374,35.20811224103583,160,42,45.52016080265379,1.4068853672416661,1.3489815189531904,False
1729,555,10.12555542220306,157,29,52.5624016498387,0.9802489834616548,2.3607176581680833,False
1730,209,64.48373907536981,164,70,72.3268855086981,1.9719263984470954,0.3961752787431952,False
1731,51,178.25922988571827,160,119,120.59546366638133,3.208785990911557,1.3489815189531904,False
1732,174,14.520553589672321,161,36,43.31717189469786,0.8849967801971748,1.3239487140554214,False
1733,395,36.54362508988995,157,48,52.18678256610942,1.8227610496954318,2.3607176581680833,False
1734,159,69.62379086111812,164,73,75.93234080049416,2.0869164116901757,0.3268984699726881,False
1735,400,74.0312495324795,164,70,72.29442509660672,1.7708037678823794,0.3482070824869696,False
1736,36,175.97300257447884,161,134,135.2396501580554,3.230557502096659,1.259753240825088,False
1737,275,172.5971308580513,164,152,151.63319928290855,3.2111390620553357,1.598238152735112,False
1738,435,62.711445346334926,164,63,65.99310315505004,1.5709090907410177,0.5683967639044251,False
1739,549,141.09628892530543,164,111,112.94814490759897,2.6989479882843086,0.679814065984134,False
1740,137,188.4905310082839,160,127,126.27424449831142,3.2299350619843015,1.3489815189531904,False
1741,534,180.30817984293498,160,121,121.72962272530644,3.213807129213611,1.3489815189531904,False
1742,486,54.22929021422305,164,63,65.1335775426079,1.7275896904247154,0.5343831261369323,False
1743,160,45.133654767541884,160,48,49.97189543540399,1.6238556525127366,1.3489815189531904,False
1744,531,109.36906569636876,166,82,83.21744418259783,1.9043762955199866,0.6744907594765952,False
1745,309,165.7037777885335,161,127,128.63843761105625,3.2084663537758713,1.2354192116229992,False
1746,256,98.5983180213225,164,95,96.6102870086507,2.655339313093946,0.626134018976256,False
1747,85,91.59998840396362,164,80,82.60860209678937,2.05900702054807,0.04351553286945775,False
1748,194,190.53503578932492,160,128,127.41407411953003,3.2327595803654283,1.3489815189531904,False
1749,246,95.94218564464283,166,75,76.08227742659467,1.7452273193749537,0.6744907594765952,False
1750,57,130.5822559534306,164,120,120.07599232076922,3.0652395816363693,1.0776508419052553,False
1751,35,116.3695354099528,164,96,97.50309093943316,2.41652260871525,0.36307061575654603,False
1752,18,97.5622378756908,164,95,95.86156273524352,2.636547470615625,0.605434269149389,False
1753,401,67.56685119808691,164,72,74.49210955213566,2.0414550310514787,0.3546215789272294,False
1754,165,170.82802611172121,161,131,131.9143825073874,3.2210890592529244,1.2493234812982401,False
1755,161,92.36159161834775,164,91,92.06626500239383,2.541912330919933,0.5011909668339665,False
1756,232,125.44054248242084,164,116,116.26374170650837,3.0228579494170535,1.0309662666590445,False
1757,290,50.108303095275176,160,51,52.37844652889399,1.727550734435184,1.3489815189531904,False
1758,357,59.10823405217551,160,55,56.971506705312606,1.9058978506056006,1.3489815189531904,False
1759,206,82.51924852535427,166,68,69.08767736054644,1.5722547224607273,0.6744907594765952,False
1760,298,88.49975101004696,164,80,80.77745262478346,2.010195932908763,0.08450979297026233,False
1761,338,179.71333709424977,164,156,157.0629884853454,3.215603902965104,1.7271470884992344,False
1762,523,70.65369276994525,164,73,76.65796832635921,2.1088657869573746,0.3130176141828646,False
1763,536,171.57829790765308,164,151,150.85958632211532,3.2101638462125335,1.5798717632214212,False
1764,48,3.9055961430336703,160,16,54.99782018484379,1.0088909689491707,1.436012584692106,False
1765,391,134.9390171843394,164,108,109.08768509757002,2.6400779920164577,0.6093232390489582,False
1766,109,18.686075333227038,157,36,46.809882089039576,1.2236232035948398,2.3607176581680833,False
1767,230,137.77096452734992,164,126,125.4319459869695,3.11236717138885,1.1295632245758196,False
1768,211,90.77744977822879,166,71,73.37801408065329,1.6803516615892071,0.6744907594765952,False
1769,348,136.99317513689638,164,109,110.37090660930225,2.6609474615286492,0.6323115542405184,False
1770,456,157.66115043556536,160,109,109.29778172568564,3.1202903110975253,1.3489815189531904,False
1771,150,189.87616541976854,163,164,164.91439679741873,3.3236614068758836,1.9135478219392608,False
1772,416,24.29597385059102,161,41,45.75346199438034,1.1863104731837286,1.011736139214893,False
1773,42,55.099537195617415,160,53,54.908297466849426,1.828807651264546,1.3489815189531904,False
1774,412,65.51136104207833,164,70,73.05077995963494,1.9951020553156202,0.3823251516543152,False
1775,34,163.6538882367355,164,126,127.3322598348443,2.845278921259143,1.0213081605150707,False
1776,556,148.0187511056315,164,133,133.11534747197595,3.1596587856831104,1.1816562849518415,False
1777,206,82.51924852535427,166,68,69.08767736054644,1.5722547224607273,0.6744907594765952,False
1778,225,116.58144284803573,166,86,87.05581823868346,1.9850495692945622,0.6744907594765952,False
1779,105,145.22388400959466,164,114,115.58103837544724,2.7333633675386886,0.7423217402725407,False
1780,365,155.4772613505424,164,121,122.0936864269329,2.8034613702572906,0.8969388898566402,False
1781,505,10.909343390619856,157,32,51.341691050576365,0.9976788287234323,2.3607176581680833,False
1782,457,127.74420383048214,164,102,104.59985618510791,2.5606050554279336,0.5217815353928789,False
1783,32,139.04506462467992,164,111,111.66099152423442,2.680376833619211,0.6537135610970418,False
1784,267,2.7252244847719456,157,3,108.02251474446958,1.1835564424484981,2.3607176581680833,False
1785,266,153.43036497207413,164,120,120.79469439540794,2.791026345184098,0.8660994457996208,False
1786,175,27.99427883143091,157,43,48.43919905027035,1.5395187682978662,2.3607176581680833,False
1787,113,110.39983869639039,166,82,83.76676225267485,1.9160499449729704,0.6744907594765952,False
1788,267,2.7252244847719456,157,3,108.02251474446958,1.1835564424484981,2.3607176581680833,False
1789,270,135.96609638235606,164,108,109.72951926742165,2.650584364543776,0.6208963076905376,False
1790,347,162.63260333111873,164,126,126.67426600292416,2.8406390072400676,1.005686691347517,False
1791,557,76.09661895304475,164,72,73.49045757655543,1.8058253830233968,0.30962977572270783,False
1792,150,189.87616541976854,163,164,164.91439679741873,3.3236614068758836,1.9135478219392608,False
1793,510,184.20871721601,161,139,140.59064058753754,3.2406004001655297,1.3360761356729598,False
1794,336,84.58209269806598,166,69,70.14587210294235,1.5999552805864117,0.6744907594765952,False
1795,533,15.110598475718229,157,32,47.707662286107826,1.1103867461363606,2.3607176581680833,False
1796,362,152.40657983757575,164,119,120.1448277074441,2.78451033216433,0.8506709236211948,False
1797,308,48.12041974526425,160,49,51.406656945399924,1.6858131966919454,1.3489815189531904,False
1798,137,188.4905310082839,160,127,126.27424449831142,3.2299350619843015,1.3489815189531904,False
1799,534,180.30817984293498,160,121,121.72962272530644,3.213807129213611,1.3489815189531904,False
1800,193,38.444170975413634,161,49,53.170271107629425,1.361570595237485,1.011736139214893,False
1801,386,79.93145854054482,164,82,83.21266036013039,2.303748463458919,0.23884668207692705,False
1802,462,5.047573248804104,160,25,49.88416327805758,0.9123112647726936,1.3489815189531904,False
1803,260,73.74371737586564,164,77,78.8378928171672,2.175481078148495,0.27137074900651625,False
1804,128,30.266075421143398,160,41,43.611990961283325,1.2955082710833208,1.3489815189531904,False
1805,34,163.6538882367355,164,126,127.3322598348443,2.845278921259143,1.0213081605150707,False
1806,455,177.00365908359169,161,136,135.90663617004205,3.2322138228543493,1.261577725324508,False
1807,77,2.703350790206454,151,3,62.51059394836926,2.0597894391861957,4.384189936597869,False
1808,487,135.09071771310255,166,98,97.02995782657048,2.1805621160111537,0.6744907594765952,False
1809,246,95.94218564464283,166,75,76.08227742659467,1.7452273193749537,0.6744907594765952,False
1810,245,63.456212938626976,164,70,71.60279837157643,1.9488373804324146,0.4100241142508842,False
1811,424,16.815560518712783,160,32,40.365176075197056,0.9928326183128039,1.3489815189531904,False
1812,59,137.14085874359705,166,98,98.14352900801744,2.2017150712210154,0.6744907594765952,False
1813,558,115.55174240393508,166,86,86.50494444963262,1.9736960983675307,0.6744907594765952,False
1814,553,44.13541420966291,160,48,49.50182761361225,1.6038122579106073,1.3489815189531904,False
1815,461,92.84462030468018,166,74,74.46927269414549,1.7062856857101691,0.6744907594765952,False
1816,203,191.33969865641936,161,144,145.20208192604818,3.2447548710864926,1.4455566280315402,False
1817,320,33.22191402711881,160,41,44.72418526147312,1.3639284799048466,1.3489815189531904,False
1818,415,123.38236540176062,164,115,114.74431220336973,3.003610706366684,1.009764880128736,False
1819,348,136.99317513689638,164,109,110.37090660930225,2.6609474615286492,0.6323115542405184,False
1820,246,95.94218564464283,166,75,76.08227742659467,1.7452273193749537,0.6744907594765952,False
1821,140,6.567783531294809,157,25,62.86452936010416,0.9372764236397524,2.3607176581680833,False
1822,179,26.283560087529942,161,43,46.70800339052596,1.2503936397153885,1.011736139214893,False
1823,407,143.1614125254272,164,113,114.26106679016571,2.7169376736695074,0.7109842194308185,False
1824,537,39.169674213616986,161,51,54.537832279167226,1.6701463742337836,1.011736139214893,False
1825,51,178.25922988571827,160,119,120.59546366638133,3.208785990911557,1.3489815189531904,False
1826,244,86.43034964962003,164,76,79.54637961940279,1.9772501736860413,0.13054659860837325,False
1827,41,163.8271559948141,160,113,112.64332303715737,3.154441712462432,1.3489815189531904,False
1828,133,170.55946495487356,164,149,150.0881975616377,3.2091726097082147,1.5615581785745352,False
1829,220,11.08532321551454,155,33,43.223963336279034,1.4356271002115757,3.0352084176446783,False
1830,113,110.39983869639039,166,82,83.76676225267485,1.9160499449729704,0.6744907594765952,False
1831,426,127.498720252808,164,117,117.78038941423343,3.0412491672920177,1.0512247170724267,False
1832,349,36.1991162516392,160,43,45.93304465509356,1.4290038942312746,1.3489815189531904,False
1833,532,66.8217968383089,164,66,68.24068231919361,1.6452417414358012,0.48651723159539445,False
1834,444,132.01498111966077,166,94,95.35737995670752,2.1490489644031596,0.6744907594765952,False
1835,5,29.894178516459473,157,43,49.14817512909617,1.6019740827024767,2.3607176581680833,False
1836,234,113.27275472567949,164,95,95.59903305282235,2.374665087837257,0.31696336408354636,False
1837,527,91.81100273527112,166,74,73.92452581134692,1.6933067169748413,0.6744907594765952,False
1838,337,166.48175589410405,164,147,147.01403516958746,3.2042878949921803,1.4885743135384049,False
1839,132,7.6805466046893915,160,27,44.070735814005126,0.8599854633887403,1.3514993920356342,False
1840,481,143.92271698675697,164,130,130.03901434018255,3.1432581664978168,1.1635905357027756,False
1841,501,39.45258457890707,161,49,53.62864085916124,1.3861543700591603,1.011736139214893,False
1842,81,76.8367447313626,164,80,81.02718081956613,2.2400474877626895,0.22968341324409752,False
1843,175,27.99427883143091,157,43,48.43919905027035,1.5395187682978662,2.3607176581680833,False
1844,559,133.66534615286966,164,121,122.3662731428622,3.0874253981234054,1.102089150789348,False
1845,210,148.3104239482628,164,115,117.54420739438473,2.756777761472027,0.788929448145022,False
1846,439,115.14142893411139,164,108,108.68211784419519,2.9114622778634645,0.9082607610325867,False
1847,539,178.69730293683963,164,156,156.28496773073533,3.215071016591905,1.7086760533006358,False
1848,95,26.116946592232075,157,40,47.842163459264015,1.474645223167201,2.3607176581680833,False
1849,317,23.300583098488943,157,40,47.15064893362695,1.3797510451988748,2.3607176581680833,False
1850,537,39.169674213616986,161,51,54.537832279167226,1.6701463742337836,1.011736139214893,False
1851,527,91.81100273527112,166,74,73.92452581134692,1.6933067169748413,0.6744907594765952,False
1852,308,48.12041974526425,160,49,51.406656945399924,1.6858131966919454,1.3489815189531904,False
1853,63,120.2934315241281,164,112,112.47059308673964,2.9719027929156536,0.974837710175845,False
1854,109,18.686075333227038,157,36,46.809882089039576,1.2236232035948398,2.3607176581680833,False
1855,180,57.61059239371625,161,59,63.19040127347121,1.810083481761588,1.011736139214893,False
1856,290,50.108303095275176,160,51,52.37844652889399,1.727550734435184,1.3489815189531904,False
1857,560,49.113631759594234,160,51,51.88949995951781,1.7068450629260825,1.3489815189531904,False
1858,41,163.8271559948141,160,113,112.64332303715737,3.154441712462432,1.3489815189531904,False
1859,395,36.54362508988995,157,48,52.18678256610942,1.8227610496954318,2.3607176581680833,False
1860,89,127.89683237782839,166,93,93.11868450957526,2.1061236876711886,0.6744907594765952,False
1861,561,156.2321250394754,164,139,139.28929993677434,3.184996343574008,1.3051809329123834,False
1862,434,4.810898755807535,157,21,74.3661665494069,0.9702407589259786,2.3607176581680833,False
1863,371,126.46963127780118,164,116,117.02214281716273,3.032158127047378,1.0412106772598264,False
1864,204,44.47629580349733,161,52,56.06499304257495,1.5113030687398221,1.011736139214893,False
1865,554,140.84790771388543,164,128,127.7345579690191,3.128749412202462,1.1476087295249198,False
1866,337,166.48175589410405,164,147,147.01403516958746,3.2042878949921803,1.4885743135384049,False
1867,150,189.87616541976854,163,164,164.91439679741873,3.3236614068758836,1.9135478219392608,False
1868,145,165.89389153901655,160,114,113.77421884847318,3.16460372420154,1.3489815189531904,False
1869,551,4.4614243364518265,160,17,52.17646333374569,0.9509812201595104,1.414254818257377,False
1870,375,180.72810070150794,164,156,157.84650013110266,3.215846611320703,1.7457484832583603,False
1871,290,50.108303095275176,160,51,52.37844652889399,1.727550734435184,1.3489815189531904,False
1872,446,161.76984525576313,160,111,111.52203597991598,3.143918452388561,1.3489815189531904,False
1873,562,4.659495958622579,151,23,50.19346692836814,1.86951760033504,4.384189936597869,False
1874,465,6.305315858852972,160,26,46.41601141389517,0.8713390186005534,1.3489815189531904,False
1875,294,7.925760487146572,155,29,44.6607148721564,1.3048316699352045,3.0352084176446783,False
1876,249,78.16083794979805,164,72,74.68022334657117,1.8410904805768946,0.27078426614483697,False
1877,265,79.42532454537745,166,67,67.49369627015692,1.5304302755224846,0.6744907594765952,False
1878,412,65.51136104207833,164,70,73.05077995963494,1.9951020553156202,0.3823251516543152,False
1879,192,176.66523462041326,164,156,154.73169033661924,3.213979810268971,1.6717996059180904,False
1880,21,64.76681805561192,164,65,67.11168931283123,1.6077638729060075,0.5278001714404845,False
1881,372,18.373309010536495,161,38,43.65120358330958,0.9972423277855357,1.2003070457656209,False
1882,0,163.42131625136872,164,145,144.70722932249225,3.199703832135711,1.433808304090001,False
1883,519,44.141230448257495,161,55,57.99791720822442,1.8255739176714796,1.011736139214893,False
1884,98,172.87672926740026,161,133,133.22400761373004,3.225423604547523,1.2540981064216106,False
1885,4,125.84012150811344,166,92,92.00367983196911,2.0847551915114146,0.6744907594765952,False
1886,309,165.7037777885335,161,127,128.63843761105625,3.2084663537758713,1.2354192116229992,False
1887,434,4.810898755807535,157,21,74.3661665494069,0.9702407589259786,2.3607176581680833,False
1888,320,33.22191402711881,160,41,44.72418526147312,1.3639284799048466,1.3489815189531904,False
1889,348,136.99317513689638,164,109,110.37090660930225,2.6609474615286492,0.6323115542405184,False
1890,65,11.710884051628835,157,32,50.31383537619799,1.0179425414818566,2.3607176581680833,False
1891,158,125.6847386340568,164,102,103.31240958317278,2.5362865465975992,0.4949940051370723,False
1892,398,173.11434375661057,160,119,117.74924522301434,3.1930524873877935,1.3489815189531904,False
1893,465,6.305315858852972,160,26,46.41601141389517,0.8713390186005534,1.3489815189531904,False
1894,133,170.55946495487356,164,149,150.0881975616377,3.2091726097082147,1.5615581785745352,False
1895,185,158.68886262992103,160,109,109.8510583142722,3.126567745024279,1.3489815189531904,False
1896,276,167.75405603848304,161,129,129.9475602761159,3.213904227691305,1.2414091846535509,False
1897,60,139.8229713767275,164,128,126.96337053010316,3.123709321547474,1.142056926087692,False
1898,436,42.15111894807327,161,55,56.596404124774104,1.7636327016747977,1.011736139214893,False
1899,551,4.4614243364518265,160,17,52.17646333374569,0.9509812201595104,1.414254818257377,False
1900,187,153.5492626455767,160,107,107.0741494430481,3.0938378018397885,1.3489815189531904,False
1901,48,3.9055961430336703,160,16,54.99782018484379,1.0088909689491707,1.436012584692106,False
1902,270,135.96609638235606,164,108,109.72951926742165,2.650584364543776,0.6208963076905376,False
1903,71,72.9996587486652,164,69,71.69874263099855,1.7532798760138548,0.36751014859610687,False
1904,471,47.12611632583142,160,49,50.927395241729926,1.6650228446432986,1.3489815189531904,False
1905,315,158.290268268321,164,141,140.84035254890549,3.1896540800784066,1.3420045616186793,False
1906,400,74.0312495324795,164,70,72.29442509660672,1.7708037678823794,0.3482070824869696,False
1907,235,148.40403113730397,160,105,104.29043020411459,3.056336251963403,1.3489815189531904,False
1908,331,145.97126046647406,164,131,131.5761929406773,3.15194756314529,1.1731621536511811,False
1909,77,2.703350790206454,151,3,62.51059394836926,2.0597894391861957,4.384189936597869,False
1910,447,150.46221325300718,160,105,105.407032233315,3.071579516742695,1.3489815189531904,False
1911,502,50.52446589079199,161,56,59.28657097767915,1.6548920477280653,1.011736139214893,False
1912,308,48.12041974526425,160,49,51.406656945399924,1.6858131966919454,1.3489815189531904,False
1913,482,43.1452359012911,160,46,49.040257025274066,1.5819218592847075,1.3489815189531904,False
1914,248,20.520519483812638,157,36,46.79619774002222,1.284633675608115,2.3607176581680833,False
1915,447,150.46221325300718,160,105,105.407032233315,3.071579516742695,1.3489815189531904,False
1916,271,166.72939941280575,161,128,129.290017509936,3.21141817694376,1.23867072893318,False
1917,103,83.55063533642381,166,68,69.61638338461476,1.5861969421850644,0.6744907594765952,False
1918,69,158.5448217896913,164,123,124.05187685227317,2.820321824758115,0.943428400654006,False
1919,223,164.44146280452364,164,146,145.47791914415586,3.201257804380262,1.4521052951905598,False
1920,424,16.815560518712783,160,32,40.365176075197056,0.9928326183128039,1.3489815189531904,False
1921,148,156.6334380217536,160,109,108.74347983184023,3.113929397519968,1.3489815189531904,False
1922,30,119.67028318582142,166,88,88.70073256852513,2.019124574936745,0.6744907594765952,False
1923,17,5.846769743476025,151,25,47.46702090677712,1.8979298484804543,4.384189936597869,False
1924,497,38.17968410659097,161,51,53.86050528617763,1.6376009676891745,1.011736139214893,False
1925,194,190.53503578932492,160,128,127.41407411953003,3.2327595803654283,1.3489815189531904,False
1926,563,171.050375459291,160,116,116.61160838942067,3.1857849385202703,1.3489815189531904,False
1927,556,148.0187511056315,164,133,133.11534747197595,3.1596587856831104,1.1816562849518415,False
1928,304,147.28536191240258,164,115,116.89718234833025,2.7491274468310287,0.7735683895495643,False
1929,111,131.61005380334282,164,121,120.83998043021349,3.0728524860849245,1.08603667302973,False
1930,212,5.950519901954288,157,21,66.10504852139174,0.9416169412893457,2.3607176581680833,False
1931,101,80.22685727850407,164,73,75.88428286708661,1.875462563790042,0.23292243730281648,False
1932,0,163.42131625136872,164,145,144.70722932249225,3.199703832135711,1.433808304090001,False
1933,204,44.47629580349733,161,52,56.06499304257495,1.5113030687398221,1.011736139214893,False
1934,216,189.5125880721388,160,128,126.84138305732642,3.2315360874757593,1.3489815189531904,False
1935,485,136.1159575827169,166,98,97.58679659011358,2.191181494633238,0.6744907594765952,False
1936,69,158.5448217896913,164,123,124.05187685227317,2.820321824758115,0.943428400654006,False
1937,159,69.62379086111812,164,73,75.93234080049416,2.0869164116901757,0.3268984699726881,False
1938,545,192.5799313883038,160,129,128.5564652652669,3.235136376692343,1.3489815189531904,False
1939,524,99.03680146368356,166,76,77.7125091597659,1.7826180060338628,0.6744907594765952,False
1940,96,20.342862175689024,161,38,44.18167039849802,1.056789356884972,1.1347142968527093,False
1941,130,39.17010808017771,160,45,47.22637405418851,1.4961506019600777,1.3489815189531904,False
1942,344,14.241797975429929,157,32,48.16750946461877,1.0847120531589616,2.3607176581680833,False
1943,224,87.67730238037592,166,70,71.75468648263612,1.640011746080063,0.6744907594765952,False
1944,123,58.32468716056789,164,67,68.00270227538793,1.8282217625344257,0.47918601083200435,False
1945,255,14.134440669299766,160,32,40.50482576300447,0.9386396455926813,1.3489815189531904,False
1946,137,188.4905310082839,160,127,126.27424449831142,3.2299350619843015,1.3489815189531904,False
1947,536,171.57829790765308,164,151,150.85958632211532,3.2101638462125335,1.5798717632214212,False
1948,203,191.33969865641936,161,144,145.20208192604818,3.2447548710864926,1.4455566280315402,False
1949,164,104.20345637652946,166,80,80.45547403723344,1.8442093777494688,0.6744907594765952,False
1950,418,87.17139344047341,164,87,88.33228045400068,2.444635257218392,0.39403749894838913,False
1951,444,132.01498111966077,166,94,95.35737995670752,2.1490489644031596,0.6744907594765952,False
1952,116,182.35687196799034,160,122,122.86417302376591,3.2186363202882924,1.3489815189531904,False
1953,430,85.10123315596273,164,85,86.86390156121061,2.4048136948676078,0.35017291359295366,False
1954,116,182.35687196799034,160,122,122.86417302376591,3.2186363202882924,1.3489815189531904,False
1955,25,168.521799039909,164,148,148.54693927867248,3.207140596183897,1.5249670775967072,False
1956,476,21.32892269046402,161,39,44.5240265955284,1.088797165208755,1.0994567841541563,False
1957,375,180.72810070150794,164,156,157.84650013110266,3.215846611320703,1.7457484832583603,False
1958,564,71.21113906077807,160,62,63.30980622043638,2.1233633968256096,1.3489815189531904,False
1959,223,164.44146280452364,164,146,145.47791914415586,3.201257804380262,1.4521052951905598,False
1960,307,69.91003365233992,164,68,69.96861503235553,1.6992490769666744,0.4270266129615681,False
1961,25,168.521799039909,164,148,148.54693927867248,3.207140596183897,1.5249670775967072,False
1962,503,45.13556997376109,161,55,58.70295759630233,1.8567706826504988,1.011736139214893,False
1963,66,114.11018614755625,164,107,107.9297836930221,2.897912627783558,0.8933354354707521,False
1964,84,155.60572533322457,160,109,108.18732231035715,3.1074881825738103,1.3489815189531904,False
1965,310,185.80521293288987,163,162,161.76034235161683,3.3263085209209957,1.8386672350892315,False
1966,384,103.77920123692091,164,100,100.3672675003552,2.744300389304571,0.7241271787216707,False
1967,453,52.10717611380001,160,51,53.3846553081108,1.7674720075464514,1.3489815189531904,False
1968,326,153.15710601522485,164,136,136.9858094093721,3.17647700735878,1.2504936326582787,False
1969,527,91.81100273527112,166,74,73.92452581134692,1.6933067169748413,0.6744907594765952,False
1970,510,184.20871721601,161,139,140.59064058753754,3.2406004001655297,1.3360761356729598,False
1971,492,46.494385969769326,161,52,57.12178369973034,1.5591134052664897,1.011736139214893,False
1972,64,161.37948282303975,164,142,143.17472761885304,3.1959976826462224,1.3974250935623849,False
1973,557,76.09661895304475,164,72,73.49045757655543,1.8058253830233968,0.30962977572270783,False
1974,485,136.1159575827169,166,98,97.58679659011358,2.191181494633238,0.6744907594765952,False
1975,115,65.79446331639436,164,65,67.67481743538352,1.6264052240149642,0.5072661921441305,False
1976,382,93.40166066017105,164,92,92.82489171849254,2.560705336350744,0.5218919976861308,False
1977,159,69.62379086111812,164,73,75.93234080049416,2.0869164116901757,0.3268984699726881,False
1978,306,147.37384234106162,160,103,103.73709917917108,3.0479541642688908,1.3489815189531904,False
1979,104,2.300075425537707,151,3,68.24882513601042,2.226189436177839,4.384189936597869,False
1980,327,150.07547799620122,164,135,134.66086474969353,3.16705488235189,1.1952969886237108,False
1981,243,25.178981162900858,157,40,47.57915048960116,1.4422954424696852,2.3607176581680833,False
1982,385,12.403807843199306,160,29,40.861166000196555,0.9096262338338382,1.3489815189531904,False
1983,189,75.80521776199956,164,78,80.29479246999999,2.218886568215521,0.243586171343991,False
1984,483,41.16063348954439,160,46,48.11668159772969,1.5381498146406662,1.3489815189531904,False
1985,125,60.37819969427708,164,67,69.45358562781038,1.8767048301053437,0.4515090921869328,False
1986,211,90.77744977822879,166,71,73.37801408065329,1.6803516615892071,0.6744907594765952,False
1987,7,58.62629131400764,161,60,63.757328691591276,1.8312764290130499,1.011736139214893,False
1988,550,33.22256116984342,161,47,50.63097495308918,1.4772850614666622,1.011736139214893,False
1989,538,86.64529033582701,166,69,71.21696561368805,1.6265396381987465,0.6744907594765952,False
1990,477,156.49978136401344,164,122,122.74683470363647,2.8091899739633854,0.9124453204208764,False
1991,531,109.36906569636876,166,82,83.21744418259783,1.9043762955199866,0.6744907594765952,False
1992,142,122.35327709594253,164,115,113.98263130999992,2.993654143213329,0.9987974421754,False
1993,229,66.53906132571252,164,72,73.77203098577193,2.01826461668961,0.3684739690222405,False
1994,298,88.49975101004696,164,80,80.77745262478346,2.010195932908763,0.08450979297026233,False
1995,299,159.56734218572208,164,123,124.70423514961287,2.825731053440097,0.9589160762730181,False
1996,87,169.80336939464996,161,130,131.26005729822788,3.2187379662861093,1.246733685417984,False
1997,144,172.08227191025495,160,118,117.1778888110854,3.1896739137260735,1.3489815189531904,False
1998,49,151.1036508937477,164,136,135.43417731408482,3.170539272029325,1.2136562464092557,False
1999,345,77.36328561055086,166,66,66.44748723521593,1.50223662900786,0.6744907594765952,False
2000,256,98.5983180213225,164,95,96.6102870086507,2.655339313093946,0.626134018976256,False
2001,268,34.63779685797781,157,46,51.2405386245918,1.760456636861173,2.3607176581680833,False
2002,503,45.13556997376109,161,55,58.70295759630233,1.8567706826504988,1.011736139214893,False
2003,407,143.1614125254272,164,113,114.26106679016571,2.7169376736695074,0.7109842194308185,False
2004,418,87.17139344047341,164,87,88.33228045400068,2.444635257218392,0.39403749894838913,False
2005,98,172.87672926740026,161,133,133.22400761373004,3.225423604547523,1.2540981064216106,False
2006,227,128.52666070850637,164,119,118.54549133536824,3.0494847264619835,1.0602964201105571,False
2007,449,181.7426360382278,164,156,158.63092433653017,3.216035310576999,1.7643715431487694,False
2008,449,181.7426360382278,164,156,158.63092433653017,3.216035310576999,1.7643715431487694,False
2009,433,53.10535605754746,160,53,53.89075892059666,1.7877367405675644,1.3489815189531904,False
2010,90,41.465155774366025,161,50,54.582039675826145,1.4361413257284172,1.011736139214893,False
2011,565,118.64086381751596,166,86,88.15289435161415,2.007830184808253,0.6744907594765952,False
2012,344,14.241797975429929,157,32,48.16750946461877,1.0847120531589616,2.3607176581680833,False
2013,191,179.28383394297742,160,121,121.16330484369888,3.2113209021987554,1.3489815189531904,False
2014,289,171.85268284869505,161,132,132.5677447590566,3.2233982481039765,1.25186711860123,False
2015,189,75.80521776199956,164,78,80.29479246999999,2.218886568215521,0.243586171343991,False
2016,136,183.77351466616764,163,158,160.19682782247833,3.3270427574486483,1.801547747299073,False
2017,191,179.28383394297742,160,121,121.16330484369888,3.2113209021987554,1.3489815189531904,False
2018,39,63.739153352205335,164,63,66.5527135225891,1.5893277671883839,0.5481080670913093,False
2019,188,109.14841073828256,164,93,93.09695944533182,2.317428736740903,0.25391589281700894,False
2020,64,161.37948282303975,164,142,143.17472761885304,3.1959976826462224,1.3974250935623849,False
2021,1,107.08533957473863,164,91,91.85548124662908,2.288426896246039,0.2219695393152197,False
2022,105,145.22388400959466,164,114,115.58103837544724,2.7333633675386886,0.7423217402725407,False
2023,173,31.251348982524068,160,41,43.96852361542815,1.317900372186622,1.3489815189531904,False
2024,57,130.5822559534306,164,120,120.07599232076922,3.0652395816363693,1.0776508419052553,False
2025,83,185.42780414396887,160,125,124.57444166890632,3.224702137714413,1.3489815189531904,False
2026,124,186.24996604596532,161,141,141.91540089594315,3.241981561232443,1.3675273458640436,False
2027,414,121.53405956167775,164,100,100.69495521099853,2.484311064299826,0.43774153072239835,False
2028,143,67.85058743552925,164,66,68.81462840327355,1.6635049049876918,0.4663998366668549,False
2029,35,116.3695354099528,164,96,97.50309093943316,2.41652260871525,0.36307061575654603,False
2030,536,171.57829790765308,164,151,150.85958632211532,3.2101638462125335,1.5798717632214212,False
2031,563,171.050375459291,160,116,116.61160838942067,3.1857849385202703,1.3489815189531904,False
2032,536,171.57829790765308,164,151,150.85958632211532,3.2101638462125335,1.5798717632214212,False
2033,199,6.491486182916153,155,25,46.46767094148479,1.2523147082850556,3.0352084176446783,False
2034,462,5.047573248804104,160,25,49.88416327805758,0.9123112647726936,1.3489815189531904,False
2035,367,27.2744148405028,161,44,47.211204594390786,1.2829393418890014,1.011736139214893,False
2036,15,40.158718254225185,161,52,55.21246346496801,1.7024803923172382,1.011736139214893,False
2037,524,99.03680146368356,166,76,77.7125091597659,1.7826180060338628,0.6744907594765952,False
2038,402,181.13757928584084,161,138,138.6067883366212,3.23732848373984,1.2889773860080351,False
2039,410,3.84597303715285,157,16,85.42371884953373,1.0278869130291446,2.3607176581680833,False
2040,356,129.8011432658217,164,104,105.87919036721225,2.5844437297780285,0.5480405142993049,False
2041,260,73.74371737586564,164,77,78.8378928171672,2.175481078148495,0.27137074900651625,False
2042,518,142.126212753801,164,112,113.59993320723892,2.7080144866818934,0.6952882092551811,False
2043,410,3.84597303715285,157,16,85.42371884953373,1.0278869130291446,2.3607176581680833,False
2044,113,110.39983869639039,166,82,83.76676225267485,1.9160499449729704,0.6744907594765952,False
2045,71,72.9996587486652,164,69,71.69874263099855,1.7532798760138548,0.36751014859610687,False
2046,194,190.53503578932492,160,128,127.41407411953003,3.2327595803654283,1.3489815189531904,False
2047,184,120.69871649872941,166,88,89.25351761577643,2.030054962492146,0.6744907594765952,False
2048,57,130.5822559534306,164,120,120.07599232076922,3.0652395816363693,1.0776508419052553,False
2049,221,15.90928745108307,160,32,40.352389226063416,0.9734832110051955,1.3489815189531904,False
2050,499,105.02153517408385,164,89,90.61735410011052,2.258852431984849,0.1893924244220691,False
2051,390,144.94765347415162,164,130,130.80570344069343,3.1479022677660953,1.1687061455497025,False
2052,486,54.22929021422305,164,63,65.1335775426079,1.7275896904247154,0.5343831261369323,False
2053,167,138.0194522504365,164,111,111.01510199164395,2.6708606954942358,0.6432312638591771,False
2054,305,187.46962197876726,160,126,125.70873097557413,3.22822413805572,1.3489815189531904,False
2055,381,67.15619324751142,160,60,61.17035567291803,2.0542983075343293,1.3489815189531904,False
2056,391,134.9390171843394,164,108,109.08768509757002,2.6400779920164577,0.6093232390489582,False
2057,519,44.141230448257495,161,55,57.99791720822442,1.8255739176714796,1.011736139214893,False
2058,471,47.12611632583142,160,49,50.927395241729926,1.6650228446432986,1.3489815189531904,False
2059,416,24.29597385059102,161,41,45.75346199438034,1.1863104731837286,1.011736139214893,False
2060,463,113.49225742470371,166,85,85.4027407786939,1.9511310370682144,0.6744907594765952,False
2061,131,56.10031815426071,160,53,55.42030380854203,1.8483171442257083,1.3489815189531904,False
2062,113,110.39983869639039,166,82,83.76676225267485,1.9160499449729704,0.6744907594765952,False
2063,566,146.99467822328185,164,132,132.34642957663578,3.1558416338504403,1.177451583466152,False
2064,558,115.55174240393508,166,86,86.50494444963262,1.9736960983675307,0.6744907594765952,False
2065,7,58.62629131400764,161,60,63.757328691591276,1.8312764290130499,1.011736139214893,False
2066,322,190.32268275576735,161,144,144.54096485610344,3.2444643915912343,1.4298610098915534,False
2067,507,144.30422043419506,166,102,102.05861694030622,2.2726396929142614,0.6796326028811185,False
2068,297,112.46143664801393,166,83,84.85815217953792,1.93938493254025,0.6744907594765952,False
2069,466,107.30666189598904,166,81,82.11471405453115,1.8807841494778277,0.6744907594765952,False
2070,307,69.91003365233992,164,68,69.96861503235553,1.6992490769666744,0.4270266129615681,False
2071,33,61.40508725216782,164,68,70.17581275477202,1.900898263515486,0.43766886334448096,False
2072,79,59.35139619938545,164,67,68.72578253758198,1.852364398686392,0.4653481880415167,False
2073,45,57.10344054553571,160,53,55.93805362683675,1.8674247515256461,1.3489815189531904,False
2074,370,73.23975069336593,166,62,64.36758855480821,1.44498050800729,0.7071106852055029,False
2075,367,27.2744148405028,161,44,47.211204594390786,1.2829393418890014,1.011736139214893,False
2076,512,90.28332889712772,164,91,90.5672490429416,2.502652198381673,0.4579448124108889,False
2077,447,150.46221325300718,160,105,105.407032233315,3.071579516742695,1.3489815189531904,False
2078,355,116.17244089677851,164,111,109.43765591655391,2.924567157860778,0.9226961596779535,False
2079,2,1.960419751022364,135,2,74.95856872173687,4.965904436869738,9.78011601241063,True
2080,567,52.54752560843794,161,56,60.40000925739204,1.70027386806671,1.011736139214893,False
2081,299,159.56734218572208,164,123,124.70423514961287,2.825731053440097,0.9589160762730181,False
2082,417,18.672842135573813,160,32,40.52346906704577,1.030968635520679,1.3489815189531904,False
2083,295,23.425219590468963,160,36,41.43125999465653,1.1369349228828107,1.3489815189531904,False
2084,131,56.10031815426071,160,53,55.42030380854203,1.8483171442257083,1.3489815189531904,False
2085,188,109.14841073828256,164,93,93.09695944533182,2.317428736740903,0.25391589281700894,False
2086,30,119.67028318582142,166,88,88.70073256852513,2.019124574936745,0.6744907594765952,False
2087,496,101.92558553465373,164,87,88.7566232681908,2.2145081170656353,0.1405458982695397,False
2088,247,9.174164288154028,160,29,42.495954992034996,0.8638393192665798,1.3489815189531904,False
2089,134,91.32246208649279,164,91,91.31843472244816,2.522289188976648,0.47957551696460393,False
2090,463,113.49225742470371,166,85,85.4027407786939,1.9511310370682144,0.6744907594765952,False
2091,305,187.46962197876726,160,126,125.70873097557413,3.22822413805572,1.3489815189531904,False
2092,170,173.6159638061221,164,152,152.4058317930808,3.2120986508426186,1.616581265314578,False
2093,562,4.659495958622579,151,23,50.19346692836814,1.86951760033504,4.384189936597869,False
2094,369,89.24419233673324,164,88,89.81713366756958,2.483178227692832,0.43649367892784735,False
2095,485,136.1159575827169,166,98,97.58679659011358,2.191181494633238,0.6744907594765952,False
2096,304,147.28536191240258,164,115,116.89718234833025,2.7491274468310287,0.7735683895495643,False
2097,524,99.03680146368356,166,76,77.7125091597659,1.7826180060338628,0.6744907594765952,False
2098,157,25.290609264196753,161,43,46.22207681429027,1.2181965148127034,1.011736139214893,False
2099,382,93.40166066017105,164,92,92.82489171849254,2.560705336350744,0.5218919976861308,False
2100,336,84.58209269806598,166,69,70.14587210294235,1.5999552805864117,0.6744907594765952,False
2101,189,75.80521776199956,164,78,80.29479246999999,2.218886568215521,0.243586171343991,False
2102,502,50.52446589079199,161,56,59.28657097767915,1.6548920477280653,1.011736139214893,False
2103,18,97.5622378756908,164,95,95.86156273524352,2.636547470615625,0.605434269149389,False
2104,358,133.04022944079728,166,95,95.9146813214251,2.1594749938841846,0.6744907594765952,False
2105,320,33.22191402711881,160,41,44.72418526147312,1.3639284799048466,1.3489815189531904,False
2106,401,67.56685119808691,164,72,74.49210955213566,2.0414550310514787,0.3546215789272294,False
2107,173,31.251348982524068,160,41,43.96852361542815,1.317900372186622,1.3489815189531904,False
2108,114,81.48790659711531,166,68,68.556953760359,1.5583138021819154,0.6744907594765952,False
2109,396,51.16183825506593,164,59,62.9823139065152,1.6507751190789368,0.5757257607338147,False
2110,80,89.74398238482371,166,71,72.83397686621312,1.6671371446778092,0.6744907594765952,False
2111,165,170.82802611172121,161,131,131.9143825073874,3.2210890592529244,1.2493234812982401,False
2112,379,94.91025506587835,166,75,75.54803093754633,1.732242528296775,0.6744907594765952,False
2113,270,135.96609638235606,164,108,109.72951926742165,2.650584364543776,0.6208963076905376,False
2114,413,63.12615513134549,160,58,59.06258815322653,1.9810326274164713,1.3489815189531904,False
2115,251,68.17062185973276,160,60,61.7074274327077,2.0713479707582936,1.3489815189531904,False
2116,285,99.86066068251684,164,86,87.52666045538238,2.1838527115731403,0.10677809581654131,False
2117,4,125.84012150811344,166,92,92.00367983196911,2.0847551915114146,0.6744907594765952,False
2118,45,57.10344054553571,160,53,55.93805362683675,1.8674247515256461,1.3489815189531904,False
2119,332,146.34842019708375,166,103,103.17943327668117,2.2921874967771827,0.7071840054671801,False
2120,273,80.9632900882941,164,82,83.93937520923865,2.324705316030506,0.2619312521977566,False
2121,395,36.54362508988995,157,48,52.18678256610942,1.8227610496954318,2.3607176581680833,False
2122,10,103.16911784159632,166,79,79.90124546808049,1.8321489666933095,0.6744907594765952,False
2123,43,89.53450890113623,164,80,81.39087315824214,2.026717317226454,0.06938892609576394,False
2124,474,149.43319545565137,160,105,104.84887731555878,3.064030161867436,1.3489815189531904,False
2125,261,196.65672618306587,160,132,130.82850584264472,3.239088678864786,1.3852314335149598,False
2126,458,150.35901002949493,164,118,118.84316967190163,2.7710945123988258,0.8197681858104356,False
2127,264,4.111300308865549,151,21,52.21383371515551,1.8760841344542727,4.384189936597869,False
2128,465,6.305315858852972,160,26,46.41601141389517,0.8713390186005534,1.3489815189531904,False
2129,82,160.58986268941894,164,125,125.35678462928725,2.8310399842966087,0.9744082907627637,False
2130,302,167.95916902914743,160,114,114.91564632639394,3.173346146954777,1.3489815189531904,False
2131,135,83.3277141514719,164,74,77.70631719291421,1.9267271474683445,0.1764530379693799,False
2132,499,105.02153517408385,164,89,90.61735410011052,2.258852431984849,0.1893924244220691,False
2133,444,132.01498111966077,166,94,95.35737995670752,2.1490489644031596,0.6744907594765952,False
2134,290,50.108303095275176,160,51,52.37844652889399,1.727550734435184,1.3489815189531904,False
2135,399,123.61725782415871,164,102,102.02516738390358,2.5104791619204834,0.466566435721338,False
2136,85,91.59998840396362,164,80,82.60860209678937,2.05900702054807,0.04351553286945775,False
2137,268,34.63779685797781,157,46,51.2405386245918,1.760456636861173,2.3607176581680833,False
2138,157,25.290609264196753,161,43,46.22207681429027,1.2181965148127034,1.011736139214893,False
2139,394,9.951344857956306,160,29,41.93032884628667,0.8720848885632478,1.3489815189531904,False
2140,474,149.43319545565137,160,105,104.84887731555878,3.064030161867436,1.3489815189531904,False
2141,566,146.99467822328185,164,132,132.34642957663578,3.1558416338504403,1.177451583466152,False
2142,182,32.730549319060884,157,46,50.354373393214814,1.698902097233726,2.3607176581680833,False
2143,263,5.243768960851287,151,23,48.63774038975223,1.8776666623665388,4.384189936597869,False
2144,568,111.01645527766905,164,105,105.66272264442537,2.855796168379036,0.8469429556342091,False
2145,51,178.25922988571827,160,119,120.59546366638133,3.208785990911557,1.3489815189531904,False
2146,202,154.5780123092776,160,108,107.6291557982193,3.1009703646624907,1.3489815189531904,False
2147,426,127.498720252808,164,117,117.78038941423343,3.0412491672920177,1.0512247170724267,False
2148,449,181.7426360382278,164,156,158.63092433653017,3.216035310576999,1.7643715431487694,False
2149,464,115.33640524853604,164,96,96.86475368247453,2.4027245883095674,0.34787170320536176,False
2150,188,109.14841073828256,164,93,93.09695944533182,2.317428736740903,0.25391589281700894,False
2151,211,90.77744977822879,166,71,73.37801408065329,1.6803516615892071,0.6744907594765952,False
2152,547,160.74353810909687,160,111,110.96261652431487,3.1385270247697528,1.3489815189531904,False
2153,119,57.298244459640806,164,64,67.27689854145238,1.8039229465076383,0.49302024396233385,False
2154,479,43.1464707701153,161,55,57.29367791424841,1.794428179801749,1.011736139214893,False
2155,210,148.3104239482628,164,115,117.54420739438473,2.756777761472027,0.788929448145022,False
2156,184,120.69871649872941,166,88,89.25351761577643,2.030054962492146,0.6744907594765952,False
2157,258,97.79575604403466,164,84,86.29031336023347,2.153287298500503,0.0731094225776964,False
2158,421,68.8802866915482,164,67,69.39271637303679,1.6813885154929638,0.44670053023177175,False
2159,416,24.29597385059102,161,41,45.75346199438034,1.1863104731837286,1.011736139214893,False
2160,23,159.71657465483372,160,109,110.40530247671742,3.1327590173741005,1.3489815189531904,False
2161,271,166.72939941280575,161,128,129.290017509936,3.21141817694376,1.23867072893318,False
2162,105,145.22388400959466,164,114,115.58103837544724,2.7333633675386886,0.7423217402725407,False
2163,13,145.3263213257126,166,102,102.6195362480951,2.282426956334229,0.6934083177877567,False
2164,1,107.08533957473863,164,91,91.85548124662908,2.288426896246039,0.2219695393152197,False
2165,324,162.79615235391114,160,113,112.07986748441739,3.14922758856701,1.3489815189531904,False
2166,278,51.53624466584389,161,56,59.844021525893744,1.6776142249771953,1.011736139214893,False
2167,382,93.40166066017105,164,92,92.82489171849254,2.560705336350744,0.5218919976861308,False
2168,62,37.188399695504785,161,51,53.19636326840883,1.6056192175608157,1.011736139214893,False
2169,62,37.188399695504785,161,51,53.19636326840883,1.6056192175608157,1.011736139214893,False
2170,204,44.47629580349733,161,52,56.06499304257495,1.5113030687398221,1.011736139214893,False
2171,274,88.20708267969752,164,87,89.07114790575969,2.463784500560953,0.41513093600875717,False
2172,377,120.50163702222038,164,99,100.05013964291373,2.471207856625463,0.4233079741884026,False
2173,433,53.10535605754746,160,53,53.89075892059666,1.7877367405675644,1.3489815189531904,False
2174,223,164.44146280452364,164,146,145.47791914415586,3.201257804380262,1.4521052951905598,False
2175,249,78.16083794979805,164,72,74.68022334657117,1.8410904805768946,0.27078426614483697,False
2176,275,172.5971308580513,164,152,151.63319928290855,3.2111390620553357,1.598238152735112,False
2177,278,51.53624466584389,161,56,59.844021525893744,1.6776142249771953,1.011736139214893,False
2178,257,92.6326293423275,164,82,83.22145699888651,2.0747337762089733,0.02592893051830019,False
2179,233,176.20892331107567,160,119,119.46684923113487,3.202811640367175,1.3489815189531904,False
2180,34,163.6538882367355,164,126,127.3322598348443,2.845278921259143,1.0213081605150707,False
2181,392,17.39638305234985,161,36,43.472362460626385,0.9686519949969313,1.231800111806043,False
2182,393,187.8365661130523,163,163,163.33351312994247,3.324977986666267,1.8760159724431902,False
2183,89,127.89683237782839,166,93,93.11868450957526,2.1061236876711886,0.6744907594765952,False
2184,36,175.97300257447884,161,134,135.2396501580554,3.230557502096659,1.259753240825088,False
2185,390,144.94765347415162,164,130,130.80570344069343,3.1479022677660953,1.1687061455497025,False
2186,86,185.23021717650153,161,141,141.25482565930642,3.2412940366071528,1.3518445914195878,False
2187,416,24.29597385059102,161,41,45.75346199438034,1.1863104731837286,1.011736139214893,False
2188,426,127.498720252808,164,117,117.78038941423343,3.0412491672920177,1.0512247170724267,False
2189,206,82.51924852535427,166,68,69.08767736054644,1.5722547224607273,0.6744907594765952,False
2190,174,14.520553589672321,161,36,43.31717189469786,0.8849967801971748,1.3239487140554214,False
2191,347,162.63260333111873,164,126,126.67426600292416,2.8406390072400676,1.005686691347517,False
2192,255,14.134440669299766,160,32,40.50482576300447,0.9386396455926813,1.3489815189531904,False
2193,153,15.987991878651753,157,34,47.3536488439481,1.1378236574749712,2.3607176581680833,False
2194,105,145.22388400959466,164,114,115.58103837544724,2.7333633675386886,0.7423217402725407,False
2195,30,119.67028318582142,166,88,88.70073256852513,2.019124574936745,0.6744907594765952,False
2196,62,37.188399695504785,161,51,53.19636326840883,1.6056192175608157,1.011736139214893,False
2197,132,7.6805466046893915,160,27,44.070735814005126,0.8599854633887403,1.3514993920356342,False
2198,569,180.1034962984816,161,136,137.9292090968116,3.236206655270172,1.272890938552484,False
2199,24,59.64063368389887,161,60,64.32170531866241,1.8526602185063716,1.011736139214893,False
2200,296,13.581391359676406,155,36,43.37883931963935,1.5597662546295152,3.0352084176446783,False
2201,313,152.13108076926238,164,136,136.21299446242028,3.1735341441986997,1.2321461888368026,False
2202,36,175.97300257447884,161,134,135.2396501580554,3.230557502096659,1.259753240825088,False
2203,17,5.846769743476025,151,25,47.46702090677712,1.8979298484804543,4.384189936597869,False
2204,48,3.9055961430336703,160,16,54.99782018484379,1.0088909689491707,1.436012584692106,False
2205,156,138.7973693372071,164,128,126.19545627055187,3.11827265544558,1.1360682834981624,False
2206,383,33.68219066006812,157,46,50.788066388328645,1.7299331983357524,2.3607176581680833,False
2207,132,7.6805466046893915,160,27,44.070735814005126,0.8599854633887403,1.3514993920356342,False
2208,225,116.58144284803573,166,86,87.05581823868346,1.9850495692945622,0.6744907594765952,False
2209,258,97.79575604403466,164,84,86.29031336023347,2.153287298500503,0.0731094225776964,False
2210,423,35.201913674791534,161,48,51.87939061358829,1.541930977095658,1.011736139214893,False
2211,291,2.4532116321078687,141,3,116.30192332559994,2.2821937537846795,7.7566437339808445,True
2212,78,83.03158744615756,164,83,85.40539138080693,2.3647533130107203,0.30604526174811886,False
2213,56,142.89778052792508,164,129,129.27233402847182,3.138520060248461,1.1583713766912034,False
2214,333,108.95309388904909,164,104,104.15791898644518,2.8255998481197953,0.8136808486439382,False
2215,323,183.38121818351757,160,125,123.4314765464328,3.220981781584219,1.3489815189531904,False
2216,570,88.71060952057302,166,70,72.29481627565188,1.6535526180640372,0.6744907594765952,False
2217,108,175.64920046093283,164,153,153.95651524665217,3.213421115179161,1.653396129806409,False
2218,186,109.98513347447268,164,105,104.90660867409575,2.841205364675976,0.8308707696963646,False
2219,65,11.710884051628835,157,32,50.31383537619799,1.0179425414818566,2.3607176581680833,False
2220,58,7.2152410877539666,157,29,60.102001176772475,0.9389269564072386,2.3607176581680833,False
2221,81,76.8367447313626,164,80,81.02718081956613,2.2400474877626895,0.22968341324409752,False
2222,47,100.67068026113056,164,97,98.11327636668608,2.6912135574250247,0.6656505210828431,False
2223,197,22.36148259772997,157,38,46.986484071760955,1.3492682270914673,2.3607176581680833,False
2224,227,128.52666070850637,164,119,118.54549133536824,3.0494847264619835,1.0602964201105571,False
2225,68,114.52205058227008,166,86,85.95347600807527,1.9624030310746063,0.6744907594765952,False
2226,34,163.6538882367355,164,126,127.3322598348443,2.845278921259143,1.0213081605150707,False
2227,36,175.97300257447884,161,134,135.2396501580554,3.230557502096659,1.259753240825088,False
2228,251,68.17062185973276,160,60,61.7074274327077,2.0713479707582936,1.3489815189531904,False
2229,264,4.111300308865549,151,21,52.21383371515551,1.8760841344542727,4.384189936597869,False
2230,119,57.298244459640806,164,64,67.27689854145238,1.8039229465076383,0.49302024396233385,False
2231,564,71.21113906077807,160,62,63.30980622043638,2.1233633968256096,1.3489815189531904,False
2232,310,185.80521293288987,163,162,161.76034235161683,3.3263085209209957,1.8386672350892315,False
2233,498,7.198195635697378,155,25,45.43929231084064,1.275692157002758,3.0352084176446783,False
2234,257,92.6326293423275,164,82,83.22145699888651,2.0747337762089733,0.02592893051830019,False
2235,315,158.290268268321,164,141,140.84035254890549,3.1896540800784066,1.3420045616186793,False
2236,49,151.1036508937477,164,136,135.43417731408482,3.170539272029325,1.2136562464092557,False
2237,127,60.11001151326698,160,56,57.4914361696602,1.925356005896788,1.3489815189531904,False
2238,238,3.058596405723839,157,5,99.6129322789578,1.1207235151770303,2.3607176581680833,False
2239,236,149.3352253393489,164,118,118.19148909050085,2.7641900530418333,0.8042965998842605,False
2240,146,151.49123032490198,160,106,105.96416750912597,3.079067964895177,1.3489815189531904,False
2241,519,44.141230448257495,161,55,57.99791720822442,1.8255739176714796,1.011736139214893,False
2242,155,98.82820484938112,164,84,86.90879456174167,2.168542016569833,0.08991292910340282,False
2243,350,75.30161551795237,166,63,65.4110572691208,1.4736282266487446,0.675554407013373,False
2244,571,28.945075991066783,157,43,48.78363664956406,1.5705815855780563,2.3607176581680833,False
2245,94,70.9398375296969,164,69,70.54158524696132,1.7170557675636138,0.40741203599678705,False
2246,278,51.53624466584389,161,56,59.844021525893744,1.6776142249771953,1.011736139214893,False
2247,128,30.266075421143398,160,41,43.611990961283325,1.2955082710833208,1.3489815189531904,False
2248,162,117.20268860688785,164,111,110.19749321651715,2.93677003454074,0.9361379759732279,False
2249,112,177.6812687789744,164,156,155.50728933960903,3.2145297132119754,1.6902131461730707,False
2250,543,3.610858662489748,151,21,54.762783523789246,1.896733915618958,4.384189936597869,False
2251,74,29.25315298489843,161,45,48.27331729187312,1.3485196422811934,1.011736139214893,False
2252,482,43.1452359012911,160,46,49.040257025274066,1.5819218592847075,1.3489815189531904,False
2253,272,31.786857228179514,157,45,49.93755100861269,1.6663122667133772,2.3607176581680833,False
2254,144,172.08227191025495,160,118,117.1778888110854,3.1896739137260735,1.3489815189531904,False
2255,294,7.925760487146572,155,29,44.6607148721564,1.3048316699352045,3.0352084176446783,False
2256,208,3.432455950933298,157,15,92.08024399841419,1.0691380276793223,2.3607176581680833,False
2257,544,82.29402922600363,164,74,77.09743116975315,1.9095006241099899,0.19542854419321018,False
2258,97,130.98956559324444,166,94,94.8001507835217,2.1386208618059017,0.6744907594765952,False
2259,482,43.1452359012911,160,46,49.040257025274066,1.5819218592847075,1.3489815189531904,False
2260,569,180.1034962984816,161,136,137.9292090968116,3.236206655270172,1.272890938552484,False
2261,452,181.33252585280562,160,122,122.2965064700784,3.2162451878687164,1.3489815189531904,False
2262,323,183.38121818351757,160,125,123.4314765464328,3.220981781584219,1.3489815189531904,False
2263,450,114.30359998536004,164,95,96.22541364647788,2.388929208182035,0.3326756989957751,False
2264,572,78.89986858032805,164,82,82.48369013665624,2.282385049400238,0.21531427289604824,False
2265,279,32.23319671182237,161,47,50.030396035116105,1.4449275481564325,1.011736139214893,False
2266,400,74.0312495324795,164,70,72.29442509660672,1.7708037678823794,0.3482070824869696,False
2267,319,51.10818125621146,160,51,52.87864012495453,1.747307184451577,1.3489815189531904,False
2268,243,25.178981162900858,157,40,47.57915048960116,1.4422954424696852,2.3607176581680833,False
2269,191,179.28383394297742,160,121,121.16330484369888,3.2113209021987554,1.3489815189531904,False
2270,315,158.290268268321,164,141,140.84035254890549,3.1896540800784066,1.3420045616186793,False
2271,497,38.17968410659097,161,51,53.86050528617763,1.6376009676891745,1.011736139214893,False
2272,124,186.24996604596532,161,141,141.91540089594315,3.241981561232443,1.3675273458640436,False
2273,57,130.5822559534306,164,120,120.07599232076922,3.0652395816363693,1.0776508419052553,False
2274,163,37.18864267064049,160,44,46.359000464193336,1.4517421003763693,1.3489815189531904,False
2275,374,35.20811224103583,160,42,45.52016080265379,1.4068853672416661,1.3489815189531904,False
2276,201,36.19592437460549,161,51,52.534285695186526,1.5736495350291166,1.011736139214893,False
2277,282,17.773289156233833,157,35,46.91116497954942,1.194939996997273,2.3607176581680833,False
2278,527,91.81100273527112,166,74,73.92452581134692,1.6933067169748413,0.6744907594765952,False
2279,212,5.950519901954288,157,21,66.10504852139174,0.9416169412893457,2.3607176581680833,False
2280,294,7.925760487146572,155,29,44.6607148721564,1.3048316699352045,3.0352084176446783,False
2281,441,101.70685653265124,164,99,98.8631182437882,2.709005136632971,0.685248452422159,False
2282,204,44.47629580349733,161,52,56.06499304257495,1.5113030687398221,1.011736139214893,False
2283,437,121.72715227898294,166,88,89.80413593253722,2.04098919403439,0.6744907594765952,False
2284,83,185.42780414396887,160,125,124.57444166890632,3.224702137714413,1.3489815189531904,False
2285,391,134.9390171843394,164,108,109.08768509757002,2.6400779920164577,0.6093232390489582,False
2286,79,59.35139619938545,164,67,68.72578253758198,1.852364398686392,0.4653481880415167,False
2287,150,189.87616541976854,163,164,164.91439679741873,3.3236614068758836,1.9135478219392608,False
2288,425,78.3940948981279,166,67,66.96603713940502,1.516658707663684,0.6744907594765952,False
2289,512,90.28332889712772,164,91,90.5672490429416,2.502652198381673,0.4579448124108889,False
2290,445,151.3827948590852,164,118,119.49438802474432,2.7778671708811666,0.835228797941997,False
2291,99,27.308435799580256,160,39,42.58637329320546,1.229342444604008,1.3489815189531904,False
2292,413,63.12615513134549,160,58,59.06258815322653,1.9810326274164713,1.3489815189531904,False
2293,71,72.9996587486652,164,69,71.69874263099855,1.7532798760138548,0.36751014859610687,False
2294,464,115.33640524853604,164,96,96.86475368247453,2.4027245883095674,0.34787170320536176,False
2295,109,18.686075333227038,157,36,46.809882089039576,1.2236232035948398,2.3607176581680833,False
2296,311,152.52024676113524,160,107,106.51981145296212,3.086489281708642,1.3489815189531904,False
2297,377,120.50163702222038,164,99,100.05013964291373,2.471207856625463,0.4233079741884026,False
2298,305,187.46962197876726,160,126,125.70873097557413,3.22822413805572,1.3489815189531904,False
2299,415,123.38236540176062,164,115,114.74431220336973,3.003610706366684,1.009764880128736,False
2300,69,158.5448217896913,164,123,124.05187685227317,2.820321824758115,0.943428400654006,False
2301,38,119.46890731672892,164,99,99.40881185888217,2.4577950727450872,0.40853341064435883,False
2302,387,49.13470134563658,161,59,61.56412208900472,1.9758299346865218,1.011736139214893,False
2303,116,182.35687196799034,160,122,122.86417302376591,3.2186363202882924,1.3489815189531904,False
2304,396,51.16183825506593,164,59,62.9823139065152,1.6507751190789368,0.5757257607338147,False
2305,332,146.34842019708375,166,103,103.17943327668117,2.2921874967771827,0.7071840054671801,False
2306,90,41.465155774366025,161,50,54.582039675826145,1.4361413257284172,1.011736139214893,False
2307,385,12.403807843199306,160,29,40.861166000196555,0.9096262338338382,1.3489815189531904,False
2308,81,76.8367447313626,164,80,81.02718081956613,2.2400474877626895,0.22968341324409752,False
2309,573,9.48082737006563,155,33,43.64763849098041,1.3626558774966457,3.0352084176446783,False
2310,361,165.46160935219984,164,147,146.24591197954837,3.202785592089505,1.4703382569859251,False
2311,471,47.12611632583142,160,49,50.927395241729926,1.6650228446432986,1.3489815189531904,False
2312,410,3.84597303715285,157,16,85.42371884953373,1.0278869130291446,2.3607176581680833,False
2313,422,142.2592981016185,166,100,100.93840417756755,2.252827893809975,0.6744907594765952,False
2314,376,99.63450071991619,164,97,97.3635934067589,2.6733476679460058,0.6459707348630096,False
2315,536,171.57829790765308,164,151,150.85958632211532,3.2101638462125335,1.5798717632214212,False
2316,392,17.39638305234985,161,36,43.472362460626385,0.9686519949969313,1.231800111806043,False
2317,228,85.61366143896942,166,69,70.68196718353163,1.613224462209842,0.6744907594765952,False
2318,127,60.11001151326698,160,56,57.4914361696602,1.925356005896788,1.3489815189531904,False
2319,536,171.57829790765308,164,151,150.85958632211532,3.2101638462125335,1.5798717632214212,False
2320,128,30.266075421143398,160,41,43.611990961283325,1.2955082710833208,1.3489815189531904,False
2321,407,143.1614125254272,164,113,114.26106679016571,2.7169376736695074,0.7109842194308185,False
2322,17,5.846769743476025,151,25,47.46702090677712,1.8979298484804543,4.384189936597869,False
2323,211,90.77744977822879,166,71,73.37801408065329,1.6803516615892071,0.6744907594765952,False
2324,420,37.49420562121005,157,48,52.67160190007611,1.8541035911662993,2.3607176581680833,False
2325,61,6.974128036854599,160,26,45.11171790598726,0.8634139367663816,1.3489815189531904,False
2326,574,80.456601737025,166,67,68.02500826748847,1.5443429794422565,0.6744907594765952,False
2327,117,68.59471113038528,164,72,75.20962803386436,2.0645350074216497,0.3407682445755923,False
2328,249,78.16083794979805,164,72,74.68022334657117,1.8410904805768946,0.27078426614483697,False
2329,396,51.16183825506593,164,59,62.9823139065152,1.6507751190789368,0.5757257607338147,False
2330,575,100.89312137747231,164,87,88.14247624125831,2.1991710173915204,0.12365164605929739,False
2331,458,150.35901002949493,164,118,118.84316967190163,2.7710945123988258,0.8197681858104356,False
2332,54,189.30500799000592,161,144,143.88254765969518,3.2439929250076345,1.4142294896034924,False
2333,536,171.57829790765308,164,151,150.85958632211532,3.2101638462125335,1.5798717632214212,False
2334,477,156.49978136401344,164,122,122.74683470363647,2.8091899739633854,0.9124453204208764,False
2335,66,114.11018614755625,164,107,107.9297836930221,2.897912627783558,0.8933354354707521,False
2336,25,168.521799039909,164,148,148.54693927867248,3.207140596183897,1.5249670775967072,False
2337,164,104.20345637652946,166,80,80.45547403723344,1.8442093777494688,0.6744907594765952,False
2338,263,5.243768960851287,151,23,48.63774038975223,1.8776666623665388,4.384189936597869,False
2339,1,107.08533957473863,164,91,91.85548124662908,2.288426896246039,0.2219695393152197,False
2340,318,108.33831302157677,166,81,82.66581326649059,1.8927023874025737,0.6744907594765952,False
2341,21,64.76681805561192,164,65,67.11168931283123,1.6077638729060075,0.5278001714404845,False
2342,240,90.56737575210185,164,80,81.99588563632442,2.043213054307339,0.05502529027752656,False
2343,335,105.85146531914287,164,101,101.88724033268997,2.777558092040508,0.7607614857218701,False
2344,283,100.06842649468375,166,76,78.25502943435848,1.795138197625828,0.6744907594765952,False
2345,70,143.28211739503664,166,102,101.49772049221723,2.262831465693596,0.6744907594765952,False
2346,167,138.0194522504365,164,111,111.01510199164395,2.6708606954942358,0.6432312638591771,False
2347,346,168.98962523236113,160,116,115.48222705802468,3.1775677624855283,1.3489815189531904,False
2348,25,168.521799039909,164,148,148.54693927867248,3.207140596183897,1.5249670775967072,False
2349,459,77.86829667474481,164,80,81.7558320023919,2.2611758436088523,0.21578031854830534,False
2350,571,28.945075991066783,157,43,48.78363664956406,1.5705815855780563,2.3607176581680833,False
2351,4,125.84012150811344,166,92,92.00367983196911,2.0847551915114146,0.6744907594765952,False
2352,576,53.2063406933529,164,61,64.41787994549021,1.7022217385480016,0.5481702787363854,False
2353,12,161.61131852087465,164,125,126.0156464334093,2.8359116530410082,0.990050366507967,False
2354,534,180.30817984293498,160,121,121.72962272530644,3.213807129213611,1.3489815189531904,False
2355,107,40.45962353073204,161,49,54.10159347861187,1.4110818189875125,1.011736139214893,False
2356,420,37.49420562121005,157,48,52.67160190007611,1.8541035911662993,2.3607176581680833,False
2357,232,125.44054248242084,164,116,116.26374170650837,3.0228579494170535,1.0309662666590445,False
2358,201,36.19592437460549,161,51,52.534285695186526,1.5736495350291166,1.011736139214893,False
2359,160,45.133654767541884,160,48,49.97189543540399,1.6238556525127366,1.3489815189531904,False
2360,277,124.4114538503392,164,115,115.50405345439854,3.0133442014734078,1.0204866022740047,False
2361,510,184.20871721601,161,139,140.59064058753754,3.2406004001655297,1.3360761356729598,False
2362,136,183.77351466616764,163,158,160.19682782247833,3.3270427574486483,1.801547747299073,False
2363,318,108.33831302157677,166,81,82.66581326649059,1.8927023874025737,0.6744907594765952,False
2364,220,11.08532321551454,155,33,43.223963336279034,1.4356271002115757,3.0352084176446783,False
2365,133,170.55946495487356,164,149,150.0881975616377,3.2091726097082147,1.5615581785745352,False
2366,267,2.7252244847719456,157,3,108.02251474446958,1.1835564424484981,2.3607176581680833,False
2367,44,43.4721387791423,161,52,55.562502092158844,1.4865418464827858,1.011736139214893,False
2368,194,190.53503578932492,160,128,127.41407411953003,3.2327595803654283,1.3489815189531904,False
2369,271,166.72939941280575,161,128,129.290017509936,3.21141817694376,1.23867072893318,False
2370,43,89.53450890113623,164,80,81.39087315824214,2.026717317226454,0.06938892609576394,False
2371,140,6.567783531294809,157,25,62.86452936010416,0.9372764236397524,2.3607176581680833,False
2372,278,51.53624466584389,161,56,59.844021525893744,1.6776142249771953,1.011736139214893,False
2373,70,143.28211739503664,166,102,101.49772049221723,2.262831465693596,0.6744907594765952,False
2374,420,37.49420562121005,157,48,52.67160190007611,1.8541035911662993,2.3607176581680833,False
2375,560,49.113631759594234,160,51,51.88949995951781,1.7068450629260825,1.3489815189531904,False
2376,577,191.90503167681223,163,164,166.48129196106558,3.322261300233626,1.9507475695664829,False
2377,525,77.12868765106437,164,72,74.08462238963178,1.823396062568629,0.29027517165480227,False
2378,70,143.28211739503664,166,102,101.49772049221723,2.262831465693596,0.6744907594765952,False
2379,252,11.901113501533786,155,33,43.20139417744575,1.4780660411795168,3.0352084176446783,False
2380,93,177.23395723032965,160,119,120.02916832449797,3.205959090869888,1.3489815189531904,False
2381,130,39.17010808017771,160,45,47.22637405418851,1.4961506019600777,1.3489815189531904,False
2382,313,152.13108076926238,164,136,136.21299446242028,3.1735341441986997,1.2321461888368026,False
2383,210,148.3104239482628,164,115,117.54420739438473,2.756777761472027,0.788929448145022,False
2384,40,155.20239488802042,164,137,138.5153568170747,3.1822200330720487,1.286806705077227,False
2385,36,175.97300257447884,161,134,135.2396501580554,3.230557502096659,1.259753240825088,False
2386,225,116.58144284803573,166,86,87.05581823868346,1.9850495692945622,0.6744907594765952,False
2387,266,153.43036497207413,164,120,120.79469439540794,2.791026345184098,0.8660994457996208,False
2388,176,184.404687648927,160,125,124.00308409954714,3.22289493081053,1.3489815189531904,False
2389,336,84.58209269806598,166,69,70.14587210294235,1.5999552805864117,0.6744907594765952,False
2390,442,24.39441057155467,160,36,41.700237609016696,1.1594132667079589,1.3489815189531904,False
2391,396,51.16183825506593,164,59,62.9823139065152,1.6507751190789368,0.5757257607338147,False
2392,241,103.98963152708525,164,89,89.99714814785638,2.2441399940229454,0.17318625488302394,False
2393,263,5.243768960851287,151,23,48.63774038975223,1.8776666623665388,4.384189936597869,False
2394,549,141.09628892530543,164,111,112.94814490759897,2.6989479882843086,0.679814065984134,False
2395,242,47.13288907750829,161,57,60.129540444041226,1.9168523136508155,1.011736139214893,False
2396,169,175.17848781447327,160,119,118.8958903017279,3.199618059402678,1.3489815189531904,False
2397,384,103.77920123692091,164,100,100.3672675003552,2.744300389304571,0.7241271787216707,False
2398,195,154.45415024782542,164,120,121.44297549425995,2.7974187032021516,0.8814903244163274,False
2399,162,117.20268860688785,164,111,110.19749321651715,2.93677003454074,0.9361379759732279,False
2400,229,66.53906132571252,164,72,73.77203098577193,2.01826461668961,0.3684739690222405,False
2401,472,138.16455197751839,166,99,98.704927317803,2.211922315183987,0.6744907594765952,False
2402,171,62.11874720961757,160,58,58.53505664594792,1.9628625917505769,1.3489815189531904,False
2403,209,64.48373907536981,164,70,72.3268855086981,1.9719263984470954,0.3961752787431952,False
2404,282,17.773289156233833,157,35,46.91116497954942,1.194939996997273,2.3607176581680833,False
2405,389,55.579015112178666,161,58,62.05612244885226,1.7677371719221162,1.011736139214893,False
2406,380,62.430598821363674,164,68,70.88975845342823,1.9250386506637602,0.42384717986103704,False
2407,184,120.69871649872941,166,88,89.25351761577643,2.030054962492146,0.6744907594765952,False
2408,432,132.8848572209663,164,105,107.80135702051308,2.618632902258801,0.5857008617589022,False
2409,255,14.134440669299766,160,32,40.50482576300447,0.9386396455926813,1.3489815189531904,False
2410,186,109.98513347447268,164,105,104.90660867409575,2.841205364675976,0.8308707696963646,False
2411,458,150.35901002949493,164,118,118.84316967190163,2.7710945123988258,0.8197681858104356,False
2412,567,52.54752560843794,161,56,60.40000925739204,1.70027386806671,1.011736139214893,False
2413,241,103.98963152708525,164,89,89.99714814785638,2.2441399940229454,0.17318625488302394,False
2414,103,83.55063533642381,166,68,69.61638338461476,1.5861969421850644,0.6744907594765952,False
2415,155,98.82820484938112,164,84,86.90879456174167,2.168542016569833,0.08991292910340282,False
2416,457,127.74420383048214,164,102,104.59985618510791,2.5606050554279336,0.5217815353928789,False
2417,461,92.84462030468018,166,74,74.46927269414549,1.7062856857101691,0.6744907594765952,False
2418,411,118.43578632862547,164,99,98.77485706989222,2.4440652185833907,0.39340958515282676,False
2419,554,140.84790771388543,164,128,127.7345579690191,3.128749412202462,1.1476087295249198,False
2420,171,62.11874720961757,160,58,58.53505664594792,1.9628625917505769,1.3489815189531904,False
2421,514,140.21193023476542,166,99,99.82384265613547,2.2323521255496064,0.6744907594765952,False
2422,531,109.36906569636876,166,82,83.21744418259783,1.9043762955199866,0.6744907594765952,False
2423,218,72.71366299248933,164,76,78.11252883049379,2.1532250107927995,0.2852536598243096,False
2424,309,165.7037777885335,161,127,128.63843761105625,3.2084663537758713,1.2354192116229992,False
2425,150,189.87616541976854,163,164,164.91439679741873,3.3236614068758836,1.9135478219392608,False
2426,197,22.36148259772997,157,38,46.986484071760955,1.3492682270914673,2.3607176581680833,False
2427,216,189.5125880721388,160,128,126.84138305732642,3.2315360874757593,1.3489815189531904,False
2428,58,7.2152410877539666,157,29,60.102001176772475,0.9389269564072386,2.3607176581680833,False
2429,578,106.8875848913421,164,102,102.65071741380065,2.7937609487332424,0.7786093939515767,False
2430,312,26.33647203106727,160,37,42.27984539806007,1.2057232872572565,1.3489815189531904,False
2431,407,143.1614125254272,164,113,114.26106679016571,2.7169376736695074,0.7109842194308185,False
2432,411,118.43578632862547,164,99,98.77485706989222,2.4440652185833907,0.39340958515282676,False
2433,12,161.61131852087465,164,125,126.0156464334093,2.8359116530410082,0.990050366507967,False
2434,540,16.87168522815142,157,35,47.08768708375828,1.1665625688519616,2.3607176581680833,False
2435,181,128.77267417085585,164,104,105.24000073242242,2.572578774237932,0.5349709277661999,False
2436,555,10.12555542220306,157,29,52.5624016498387,0.9802489834616548,2.3607176581680833,False
2437,175,27.99427883143091,157,43,48.43919905027035,1.5395187682978662,2.3607176581680833,False
2438,158,125.6847386340568,164,102,103.31240958317278,2.5362865465975992,0.4949940051370723,False
2439,165,170.82802611172121,161,131,131.9143825073874,3.2210890592529244,1.2493234812982401,False
2440,21,64.76681805561192,164,65,67.11168931283123,1.6077638729060075,0.5278001714404845,False
2441,190,30.841396528201837,157,45,49.534796718554375,1.6339720216240783,2.3607176581680833,False
2442,136,183.77351466616764,163,158,160.19682782247833,3.3270427574486483,1.801547747299073,False
2443,32,139.04506462467992,164,111,111.66099152423442,2.680376833619211,0.6537135610970418,False
2444,528,20.55256361349395,160,36,40.79154676126421,1.0719469971248414,1.3489815189531904,False
2445,367,27.2744148405028,161,44,47.211204594390786,1.2829393418890014,1.011736139214893,False
2446,93,177.23395723032965,160,119,120.02916832449797,3.205959090869888,1.3489815189531904,False
2447,259,141.87284410045982,164,129,128.50392862975087,3.1336850720066116,1.1530454994049506,False
2448,189,75.80521776199956,164,78,80.29479246999999,2.218886568215521,0.243586171343991,False
2449,504,52.18336316253245,164,61,63.697528652125435,1.6767265480507032,0.5619578088495389,False
2450,46,70.19929166746122,160,61,62.78122993240019,2.1059102606513607,1.3489815189531904,False
2451,41,163.8271559948141,160,113,112.64332303715737,3.154441712462432,1.3489815189531904,False
2452,487,135.09071771310255,166,98,97.02995782657048,2.1805621160111537,0.6744907594765952,False
2453,562,4.659495958622579,151,23,50.19346692836814,1.86951760033504,4.384189936597869,False
2454,539,178.69730293683963,164,156,156.28496773073533,3.215071016591905,1.7086760533006358,False
2455,19,50.1430920870544,164,59,62.274681269730095,1.6239185128314937,0.5894562612051727,False
2456,10,103.16911784159632,166,79,79.90124546808049,1.8321489666933095,0.6744907594765952,False
2457,38,119.46890731672892,164,99,99.40881185888217,2.4577950727450872,0.40853341064435883,False
2458,492,46.494385969769326,161,52,57.12178369973034,1.5591134052664897,1.011736139214893,False
2459,456,157.66115043556536,160,109,109.29778172568564,3.1202903110975253,1.3489815189531904,False
2460,216,189.5125880721388,160,128,126.84138305732642,3.2315360874757593,1.3489815189531904,False
2461,256,98.5983180213225,164,95,96.6102870086507,2.655339313093946,0.626134018976256,False
2462,360,104.81534398286101,164,101,101.12392769185378,2.7611977519968613,0.7427401050947897,False
2463,435,62.711445346334926,164,63,65.99310315505004,1.5709090907410177,0.5683967639044251,False
2464,295,23.425219590468963,160,36,41.43125999465653,1.1369349228828107,1.3489815189531904,False
2465,91,124.65169720199064,164,102,102.67098614147298,2.5234198611242658,0.4808209845454916,False
2466,534,180.30817984293498,160,121,121.72962272530644,3.213807129213611,1.3489815189531904,False
2467,97,130.98956559324444,166,94,94.8001507835217,2.1386208618059017,0.6744907594765952,False
2468,479,43.1464707701153,161,55,57.29367791424841,1.794428179801749,1.011736139214893,False
2469,333,108.95309388904909,164,104,104.15791898644518,2.8255998481197953,0.8136808486439382,False
2470,440,66.14719652047935,160,59,60.64329238480093,2.036269187821147,1.3489815189531904,False
2471,535,21.498706161106597,160,36,40.96584135622628,1.093777655425786,1.3489815189531904,False
2472,513,16.432364931898583,161,36,43.360731803950685,0.9396799289511173,1.2637136679039973,False
2473,307,69.91003365233992,164,68,69.96861503235553,1.6992490769666744,0.4270266129615681,False
2474,79,59.35139619938545,164,67,68.72578253758198,1.852364398686392,0.4653481880415167,False
2475,556,148.0187511056315,164,133,133.11534747197595,3.1596587856831104,1.1816562849518415,False
2476,224,87.67730238037592,166,70,71.75468648263612,1.640011746080063,0.6744907594765952,False
2477,112,177.6812687789744,164,156,155.50728933960903,3.2145297132119754,1.6902131461730707,False
2478,351,144.19094949028315,164,114,114.91778537238679,2.7252527343193655,0.7265754128223868,False
2479,545,192.5799313883038,160,129,128.5564652652669,3.235136376692343,1.3489815189531904,False
2480,130,39.17010808017771,160,45,47.22637405418851,1.4961506019600777,1.3489815189531904,False
2481,300,141.23561541831617,166,100,100.38139498542711,2.2425943737878646,0.6744907594765952,False
2482,15,40.158718254225185,161,52,55.21246346496801,1.7024803923172382,1.011736139214893,False
2483,217,27.05375403892895,157,42,48.12853894121223,1.5073360321032847,2.3607176581680833,False
2484,485,136.1159575827169,166,98,97.58679659011358,2.191181494633238,0.6744907594765952,False
2485,308,48.12041974526425,160,49,51.406656945399924,1.6858131966919454,1.3489815189531904,False
2486,266,153.43036497207413,164,120,120.79469439540794,2.791026345184098,0.8660994457996208,False
2487,257,92.6326293423275,164,82,83.22145699888651,2.0747337762089733,0.02592893051830019,False
2488,117,68.59471113038528,164,72,75.20962803386436,2.0645350074216497,0.3407682445755923,False
2489,55,40.16612602586194,160,46,47.66855144477936,1.5170200747978047,1.3489815189531904,False
2490,45,57.10344054553571,160,53,55.93805362683675,1.8674247515256461,1.3489815189531904,False
2491,123,58.32468716056789,164,67,68.00270227538793,1.8282217625344257,0.47918601083200435,False
2492,235,148.40403113730397,160,105,104.29043020411459,3.056336251963403,1.3489815189531904,False
2493,473,42.15365764443945,160,46,48.57735111240172,1.5599692736962316,1.3489815189531904,False
2494,16,191.55748356308752,160,128,127.98586701347045,3.233959398624494,1.3489815189531904,False
2495,148,156.6334380217536,160,109,108.74347983184023,3.113929397519968,1.3489815189531904,False
2496,250,188.85815898077723,163,163,164.12621530921177,3.3243089048459527,1.8948355601836584,False
2497,283,100.06842649468375,166,76,78.25502943435848,1.795138197625828,0.6744907594765952,False
2498,525,77.12868765106437,164,72,74.08462238963178,1.823396062568629,0.29027517165480227,False
2499,300,141.23561541831617,166,100,100.38139498542711,2.2425943737878646,0.6744907594765952,False
2500,515,134.0654749911986,166,97,96.47245638464945,2.1699883198637373,0.6744907594765952,False
2501,29,48.1338765665661,161,57,60.84662003278921,1.9462953923336521,1.011736139214893,False
2502,280,106.27223120762964,166,80,81.56346363707996,1.8685742106980698,0.6744907594765952,False
2503,380,62.430598821363674,164,68,70.88975845342823,1.9250386506637602,0.42384717986103704,False
2504,115,65.79446331639436,164,65,67.67481743538352,1.6264052240149642,0.5072661921441305,False
2505,7,58.62629131400764,161,60,63.757328691591276,1.8312764290130499,1.011736139214893,False
2506,215,96.522099418275,164,92,95.10402368952032,2.6175032200512844,0.5844564846252375,False
2507,416,24.29597385059102,161,41,45.75346199438034,1.1863104731837286,1.011736139214893,False
2508,284,12.730358847979556,155,34,43.254081907594994,1.5198136851486104,3.0352084176446783,False
2509,497,38.17968410659097,161,51,53.86050528617763,1.6376009676891745,1.011736139214893,False
2510,564,71.21113906077807,160,62,63.30980622043638,2.1233633968256096,1.3489815189531904,False
2511,394,9.951344857956306,160,29,41.93032884628667,0.8720848885632478,1.3489815189531904,False
2512,161,92.36159161834775,164,91,92.06626500239383,2.541912330919933,0.5011909668339665,False
2513,362,152.40657983757575,164,119,120.1448277074441,2.78451033216433,0.8506709236211948,False
2514,301,184.7894957764388,163,160,160.97846844782217,3.3267030404514837,1.820104722055636,False
2515,80,89.74398238482371,166,71,72.83397686621312,1.6671371446778092,0.6744907594765952,False
2516,526,42.46929809372159,161,50,55.06944388642089,1.4613192676054225,1.011736139214893,False
2517,462,5.047573248804104,160,25,49.88416327805758,0.9123112647726936,1.3489815189531904,False
2518,522,86.13605908639285,164,86,87.59408408377362,2.425004265672348,0.37241340251797084,False
2519,531,109.36906569636876,166,82,83.21744418259783,1.9043762955199866,0.6744907594765952,False
2520,278,51.53624466584389,161,56,59.844021525893744,1.6776142249771953,1.011736139214893,False
2521,77,2.703350790206454,151,3,62.51059394836926,2.0597894391861957,4.384189936597869,False
2522,114,81.48790659711531,166,68,68.556953760359,1.5583138021819154,0.6744907594765952,False
2523,572,78.89986858032805,164,82,82.48369013665624,2.282385049400238,0.21531427289604824,False
2524,528,20.55256361349395,160,36,40.79154676126421,1.0719469971248414,1.3489815189531904,False
2525,524,99.03680146368356,166,76,77.7125091597659,1.7826180060338628,0.6744907594765952,False
2526,469,10.278506013250851,155,33,43.3731639934994,1.3975976355974082,3.0352084176446783,False
2527,71,72.9996587486652,164,69,71.69874263099855,1.7532798760138548,0.36751014859610687,False
2528,4,125.84012150811344,166,92,92.00367983196911,2.0847551915114146,0.6744907594765952,False
2529,362,152.40657983757575,164,119,120.1448277074441,2.78451033216433,0.8506709236211948,False
2530,474,149.43319545565137,160,105,104.84887731555878,3.064030161867436,1.3489815189531904,False
2531,192,176.66523462041326,164,156,154.73169033661924,3.213979810268971,1.6717996059180904,False
2532,304,147.28536191240258,164,115,116.89718234833025,2.7491274468310287,0.7735683895495643,False
2533,303,122.7555896413525,166,88,90.3539054855643,2.0519461871362883,0.6744907594765952,False
2534,29,48.1338765665661,161,57,60.84662003278921,1.9462953923336521,1.011736139214893,False
2535,309,165.7037777885335,161,127,128.63843761105625,3.2084663537758713,1.2354192116229992,False
2536,560,49.113631759594234,160,51,51.88949995951781,1.7068450629260825,1.3489815189531904,False
2537,77,2.703350790206454,151,3,62.51059394836926,2.0597894391861957,4.384189936597869,False
2538,37,195.63913190096895,160,130,130.25899558955837,3.2383645621501693,1.3715164579806176,False
2539,156,138.7973693372071,164,128,126.19545627055187,3.11827265544558,1.1360682834981624,False
2540,81,76.8367447313626,164,80,81.02718081956613,2.2400474877626895,0.22968341324409752,False
2541,402,181.13757928584084,161,138,138.6067883366212,3.23732848373984,1.2889773860080351,False
2542,34,163.6538882367355,164,126,127.3322598348443,2.845278921259143,1.0213081605150707,False
2543,502,50.52446589079199,161,56,59.28657097767915,1.6548920477280653,1.011736139214893,False
2544,328,15.016962708384776,160,32,40.400166274586454,0.9551131074597567,1.3489815189531904,False
2545,497,38.17968410659097,161,51,53.86050528617763,1.6376009676891745,1.011736139214893,False
2546,273,80.9632900882941,164,82,83.93937520923865,2.324705316030506,0.2619312521977566,False
2547,204,44.47629580349733,161,52,56.06499304257495,1.5113030687398221,1.011736139214893,False
2548,191,179.28383394297742,160,121,121.16330484369888,3.2113209021987554,1.3489815189531904,False
2549,330,85.39571426505525,164,76,78.9288633253879,1.9608234090673329,0.13889503449288804,False
2550,542,8.696002226919903,155,30,44.0689797767026,1.3317144232734641,3.0352084176446783,False
2551,279,32.23319671182237,161,47,50.030396035116105,1.4449275481564325,1.011736139214893,False
2552,142,122.35327709594253,164,115,113.98263130999992,2.993654143213329,0.9987974421754,False
2553,207,93.66529348814132,164,83,83.83392988616178,2.090523025447669,0.021757766434728876,False
2554,270,135.96609638235606,164,108,109.72951926742165,2.650584364543776,0.6208963076905376,False
2555,451,47.50198485970368,161,53,57.6589430875668,1.5833106149644438,1.011736139214893,False
2556,216,189.5125880721388,160,128,126.84138305732642,3.2315360874757593,1.3489815189531904,False
2557,288,17.74093386968938,160,32,40.43044188918807,1.0115657854104028,1.3489815189531904,False
2558,578,106.8875848913421,164,102,102.65071741380065,2.7937609487332424,0.7786093939515767,False
2559,39,63.739153352205335,164,63,66.5527135225891,1.5893277671883839,0.5481080670913093,False
2560,481,143.92271698675697,164,130,130.03901434018255,3.1432581664978168,1.1635905357027756,False
2561,368,119.26318385938684,164,112,111.71443142275568,2.9604393641410898,0.9622104168135615,False
2562,296,13.581391359676406,155,36,43.37883931963935,1.5597662546295152,3.0352084176446783,False
2563,446,161.76984525576313,160,111,111.52203597991598,3.143918452388561,1.3489815189531904,False
2564,486,54.22929021422305,164,63,65.1335775426079,1.7275896904247154,0.5343831261369323,False
2565,83,185.42780414396887,160,125,124.57444166890632,3.224702137714413,1.3489815189531904,False
2566,424,16.815560518712783,160,32,40.365176075197056,0.9928326183128039,1.3489815189531904,False
2567,398,173.11434375661057,160,119,117.74924522301434,3.1930524873877935,1.3489815189531904,False
2568,137,188.4905310082839,160,127,126.27424449831142,3.2299350619843015,1.3489815189531904,False
2569,102,93.87830105236762,166,74,75.01184852174045,1.7192710482578772,0.6744907594765952,False
2570,125,60.37819969427708,164,67,69.45358562781038,1.8767048301053437,0.4515090921869328,False
2571,383,33.68219066006812,157,46,50.788066388328645,1.7299331983357524,2.3607176581680833,False
2572,195,154.45415024782542,164,120,121.44297549425995,2.7974187032021516,0.8814903244163274,False
2573,264,4.111300308865549,151,21,52.21383371515551,1.8760841344542727,4.384189936597869,False
2574,275,172.5971308580513,164,152,151.63319928290855,3.2111390620553357,1.598238152735112,False
2575,483,41.16063348954439,160,46,48.11668159772969,1.5381498146406662,1.3489815189531904,False
2576,174,14.520553589672321,161,36,43.31717189469786,0.8849967801971748,1.3239487140554214,False
2577,351,144.19094949028315,164,114,114.91778537238679,2.7252527343193655,0.7265754128223868,False
2578,512,90.28332889712772,164,91,90.5672490429416,2.502652198381673,0.4579448124108889,False
2579,484,102.74303026693158,164,99,99.61514777534678,2.72670683113034,0.7047473731921625,False
2580,59,137.14085874359705,166,98,98.14352900801744,2.2017150712210154,0.6744907594765952,False
2581,172,160.35533706979433,164,142,142.4068576654325,3.1939057376879156,1.3791950491149387,False
2582,196,11.558621633835386,160,29,41.125729740325006,0.8973577224379602,1.3489815189531904,False
2583,379,94.91025506587835,166,75,75.54803093754633,1.732242528296775,0.6744907594765952,False
2584,342,30.248561643753572,161,47,48.84375371991,1.3801755793201549,1.011736139214893,False
2585,380,62.430598821363674,164,68,70.88975845342823,1.9250386506637602,0.42384717986103704,False
2586,11,4.300888511822121,157,19,79.56305668470274,0.9962528794243126,2.3607176581680833,False
2587,502,50.52446589079199,161,56,59.28657097767915,1.6548920477280653,1.011736139214893,False
2588,25,168.521799039909,164,148,148.54693927867248,3.207140596183897,1.5249670775967072,False
2589,538,86.64529033582701,166,69,71.21696561368805,1.6265396381987465,0.6744907594765952,False
2590,407,143.1614125254272,164,113,114.26106679016571,2.7169376736695074,0.7109842194308185,False
2591,263,5.243768960851287,151,23,48.63774038975223,1.8776666623665388,4.384189936597869,False
2592,373,81.99677159991116,164,83,84.67381292630348,2.344793566672157,0.28405903254826126,False
2593,281,95.4819573325756,164,92,94.34349724059385,2.5984342791164003,0.5634515029545595,False
2594,256,98.5983180213225,164,95,96.6102870086507,2.655339313093946,0.626134018976256,False
2595,247,9.174164288154028,160,29,42.495954992034996,0.8638393192665798,1.3489815189531904,False
2596,100,124.81246607539046,166,91,91.45199513970331,2.0739831885470825,0.6744907594765952,False
2597,577,191.90503167681223,163,164,166.48129196106558,3.322261300233626,1.9507475695664829,False
2598,419,126.71573209367975,164,102,103.95865516326523,2.5485316608220465,0.508482347290849,False
2599,214,54.56885503098035,161,58,61.50642874852051,1.7453559472308668,1.011736139214893,False
2600,30,119.67028318582142,166,88,88.70073256852513,2.019124574936745,0.6744907594765952,False
2601,10,103.16911784159632,166,79,79.90124546808049,1.8321489666933095,0.6744907594765952,False
2602,458,150.35901002949493,164,118,118.84316967190163,2.7710945123988258,0.8197681858104356,False
2603,44,43.4721387791423,161,52,55.562502092158844,1.4865418464827858,1.011736139214893,False
2604,388,22.457954391411043,160,36,41.18230346503687,1.115237296728684,1.3489815189531904,False
2605,185,158.68886262992103,160,109,109.8510583142722,3.126567745024279,1.3489815189531904,False
2606,385,12.403807843199306,160,29,40.861166000196555,0.9096262338338382,1.3489815189531904,False
2607,120,38.176657737751995,160,44,46.788997377690755,1.4745938372059137,1.3489815189531904,False
2608,194,190.53503578932492,160,128,127.41407411953003,3.2327595803654283,1.3489815189531904,False
2609,93,177.23395723032965,160,119,120.02916832449797,3.205959090869888,1.3489815189531904,False
2610,527,91.81100273527112,166,74,73.92452581134692,1.6933067169748413,0.6744907594765952,False
2611,1,107.08533957473863,164,91,91.85548124662908,2.288426896246039,0.2219695393152197,False
2612,284,12.730358847979556,155,34,43.254081907594994,1.5198136851486104,3.0352084176446783,False
2613,461,92.84462030468018,166,74,74.46927269414549,1.7062856857101691,0.6744907594765952,False
2614,182,32.730549319060884,157,46,50.354373393214814,1.698902097233726,2.3607176581680833,False
2615,126,21.440568062058524,157,36,46.86951568654151,1.3166488277118242,2.3607176581680833,False
2616,355,116.17244089677851,164,111,109.43765591655391,2.924567157860778,0.9226961596779535,False
2617,291,2.4532116321078687,141,3,116.30192332559994,2.2821937537846795,7.7566437339808445,True
2618,389,55.579015112178666,161,58,62.05612244885226,1.7677371719221162,1.011736139214893,False
2619,194,190.53503578932492,160,128,127.41407411953003,3.2327595803654283,1.3489815189531904,False
2620,391,134.9390171843394,164,108,109.08768509757002,2.6400779920164577,0.6093232390489582,False
2621,90,41.465155774366025,161,50,54.582039675826145,1.4361413257284172,1.011736139214893,False
2622,354,146.2568186051299,164,115,116.24401179511402,2.7413242542890446,0.7580614301173677,False
2623,542,8.696002226919903,155,30,44.0689797767026,1.3317144232734641,3.0352084176446783,False
2624,337,166.48175589410405,164,147,147.01403516958746,3.2042878949921803,1.4885743135384049,False
2625,230,137.77096452734992,164,126,125.4319459869695,3.11236717138885,1.1295632245758196,False
2626,197,22.36148259772997,157,38,46.986484071760955,1.3492682270914673,2.3607176581680833,False
2627,447,150.46221325300718,160,105,105.407032233315,3.071579516742695,1.3489815189531904,False
2628,2,1.960419751022364,135,2,74.95856872173687,4.965904436869738,9.78011601241063,True
2629,189,75.80521776199956,164,78,80.29479246999999,2.218886568215521,0.243586171343991,False
2630,64,161.37948282303975,164,142,143.17472761885304,3.1959976826462224,1.3974250935623849,False
2631,305,187.46962197876726,160,126,125.70873097557413,3.22822413805572,1.3489815189531904,False
2632,549,141.09628892530543,164,111,112.94814490759897,2.6989479882843086,0.679814065984134,False
2633,382,93.40166066017105,164,92,92.82489171849254,2.560705336350744,0.5218919976861308,False
2634,391,134.9390171843394,164,108,109.08768509757002,2.6400779920164577,0.6093232390489582,False
2635,140,6.567783531294809,157,25,62.86452936010416,0.9372764236397524,2.3607176581680833,False
2636,271,166.72939941280575,161,128,129.290017509936,3.21141817694376,1.23867072893318,False
2637,109,18.686075333227038,157,36,46.809882089039576,1.2236232035948398,2.3607176581680833,False
2638,422,142.2592981016185,166,100,100.93840417756755,2.252827893809975,0.6744907594765952,False
2639,137,188.4905310082839,160,127,126.27424449831142,3.2299350619843015,1.3489815189531904,False
2640,340,113.0789430353976,164,107,107.17514165667299,2.884111299043187,0.8781328786946616,False
2641,538,86.64529033582701,166,69,71.21696561368805,1.6265396381987465,0.6744907594765952,False
2642,208,3.432455950933298,157,15,92.08024399841419,1.0691380276793223,2.3607176581680833,False
2643,313,152.13108076926238,164,136,136.21299446242028,3.1735341441986997,1.2321461888368026,False
2644,47,100.67068026113056,164,97,98.11327636668608,2.6912135574250247,0.6656505210828431,False
2645,338,179.71333709424977,164,156,157.0629884853454,3.215603902965104,1.7271470884992344,False
2646,276,167.75405603848304,161,129,129.9475602761159,3.213904227691305,1.2414091846535509,False
2647,153,15.987991878651753,157,34,47.3536488439481,1.1378236574749712,2.3607176581680833,False
2648,147,71.68365030093278,164,76,77.38372219923824,2.1309303995673643,0.2991360087263198,False
2649,267,2.7252244847719456,157,3,108.02251474446958,1.1835564424484981,2.3607176581680833,False
2650,4,125.84012150811344,166,92,92.00367983196911,2.0847551915114146,0.6744907594765952,False
2651,238,3.058596405723839,157,5,99.6129322789578,1.1207235151770303,2.3607176581680833,False
2652,313,152.13108076926238,164,136,136.21299446242028,3.1735341441986997,1.2321461888368026,False
2653,545,192.5799313883038,160,129,128.5564652652669,3.235136376692343,1.3489815189531904,False
2654,227,128.52666070850637,164,119,118.54549133536824,3.0494847264619835,1.0602964201105571,False
2655,351,144.19094949028315,164,114,114.91778537238679,2.7252527343193655,0.7265754128223868,False
2656,507,144.30422043419506,166,102,102.05861694030622,2.2726396929142614,0.6796326028811185,False
2657,356,129.8011432658217,164,104,105.87919036721225,2.5844437297780285,0.5480405142993049,False
2658,228,85.61366143896942,166,69,70.68196718353163,1.613224462209842,0.6744907594765952,False
2659,536,171.57829790765308,164,151,150.85958632211532,3.2101638462125335,1.5798717632214212,False
2660,572,78.89986858032805,164,82,82.48369013665624,2.282385049400238,0.21531427289604824,False
2661,9,157.5223015083712,164,123,123.39877963386115,2.814809423593307,0.9279231822675873,False
2662,286,188.28666068149488,161,144,143.22800733646312,3.243332624467006,1.3986900103830684,False
2663,306,147.37384234106162,160,103,103.73709917917108,3.0479541642688908,1.3489815189531904,False
2664,445,151.3827948590852,164,118,119.49438802474432,2.7778671708811666,0.835228797941997,False
2665,206,82.51924852535427,166,68,69.08767736054644,1.5722547224607273,0.6744907594765952,False
2666,316,117.40266240163496,164,96,98.13974896308662,2.43030552251479,0.3782528879507114,False
2667,449,181.7426360382278,164,156,158.63092433653017,3.216035310576999,1.7643715431487694,False
2668,56,142.89778052792508,164,129,129.27233402847182,3.138520060248461,1.1583713766912034,False
2669,264,4.111300308865549,151,21,52.21383371515551,1.8760841344542727,4.384189936597869,False
2670,298,88.49975101004696,164,80,80.77745262478346,2.010195932908763,0.08450979297026233,False
2671,464,115.33640524853604,164,96,96.86475368247453,2.4027245883095674,0.34787170320536176,False
2672,258,97.79575604403466,164,84,86.29031336023347,2.153287298500503,0.0731094225776964,False
2673,61,6.974128036854599,160,26,45.11171790598726,0.8634139367663816,1.3489815189531904,False
2674,49,151.1036508937477,164,136,135.43417731408482,3.170539272029325,1.2136562464092557,False
2675,428,94.44181084452886,164,92,93.58572888784818,2.5795747721206244,0.5426772187341072,False
2676,527,91.81100273527112,166,74,73.92452581134692,1.6933067169748413,0.6744907594765952,False
2677,467,75.06339352119412,164,70,72.89082224740038,1.7882814009134629,0.328954971805083,False
2678,213,60.65777417560313,164,62,64.88010599157178,1.5332827637789315,0.6098432349419297,False
2679,555,10.12555542220306,157,29,52.5624016498387,0.9802489834616548,2.3607176581680833,False
2680,228,85.61366143896942,166,69,70.68196718353163,1.613224462209842,0.6744907594765952,False
2681,455,177.00365908359169,161,136,135.90663617004205,3.2322138228543493,1.261577725324508,False
2682,470,179.06430516659205,161,136,137.2433758507319,3.2350800262737964,1.2647349300426673,False
2683,460,46.130653500050876,160,49,50.44828543079632,1.6442979259391173,1.3489815189531904,False
2684,260,73.74371737586564,164,77,78.8378928171672,2.175481078148495,0.27137074900651625,False
2685,108,175.64920046093283,164,153,153.95651524665217,3.213421115179161,1.653396129806409,False
2686,189,75.80521776199956,164,78,80.29479246999999,2.218886568215521,0.243586171343991,False
2687,415,123.38236540176062,164,115,114.74431220336973,3.003610706366684,1.009764880128736,False
2688,579,167.5019024316233,164,148,147.7809672438857,3.2057652742118687,1.5067820917440096,False
2689,123,58.32468716056789,164,67,68.00270227538793,1.8282217625344257,0.47918601083200435,False
2690,328,15.016962708384776,160,32,40.400166274586454,0.9551131074597567,1.3489815189531904,False
2691,54,189.30500799000592,161,144,143.88254765969518,3.2439929250076345,1.4142294896034924,False
2692,230,137.77096452734992,164,126,125.4319459869695,3.11236717138885,1.1295632245758196,False
2693,418,87.17139344047341,164,87,88.33228045400068,2.444635257218392,0.39403749894838913,False
2694,318,108.33831302157677,166,81,82.66581326649059,1.8927023874025737,0.6744907594765952,False
2695,100,124.81246607539046,166,91,91.45199513970331,2.0739831885470825,0.6744907594765952,False
2696,130,39.17010808017771,160,45,47.22637405418851,1.4961506019600777,1.3489815189531904,False
2697,423,35.201913674791534,161,48,51.87939061358829,1.541930977095658,1.011736139214893,False
2698,509,117.61115043595731,166,86,87.60548224177612,1.9964401388040147,0.6744907594765952,False
2699,251,68.17062185973276,160,60,61.7074274327077,2.0713479707582936,1.3489815189531904,False
2700,124,186.24996604596532,161,141,141.91540089594315,3.241981561232443,1.3675273458640436,False
2701,276,167.75405603848304,161,129,129.9475602761159,3.213904227691305,1.2414091846535509,False
2702,546,74.77381592992036,164,78,79.56300697921297,2.1977605860665608,0.2574872428632731,False
2703,191,179.28383394297742,160,121,121.16330484369888,3.2113209021987554,1.3489815189531904,False
2704,335,105.85146531914287,164,101,101.88724033268997,2.777558092040508,0.7607614857218701,False
2705,65,11.710884051628835,157,32,50.31383537619799,1.0179425414818566,2.3607176581680833,False
2706,525,77.12868765106437,164,72,74.08462238963178,1.823396062568629,0.29027517165480227,False
2707,505,10.909343390619856,157,32,51.341691050576365,0.9976788287234323,2.3607176581680833,False
2708,293,7.891494538483159,157,29,57.75690546798453,0.9464198732728651,2.3607176581680833,False
2709,62,37.188399695504785,161,51,53.19636326840883,1.6056192175608157,1.011736139214893,False
2710,560,49.113631759594234,160,51,51.88949995951781,1.7068450629260825,1.3489815189531904,False
2711,203,191.33969865641936,161,144,145.20208192604818,3.2447548710864926,1.4455566280315402,False
2712,413,63.12615513134549,160,58,59.06258815322653,1.9810326274164713,1.3489815189531904,False
2713,40,155.20239488802042,164,137,138.5153568170747,3.1822200330720487,1.286806705077227,False
2714,223,164.44146280452364,164,146,145.47791914415586,3.201257804380262,1.4521052951905598,False
2715,203,191.33969865641936,161,144,145.20208192604818,3.2447548710864926,1.4455566280315402,False
2716,463,113.49225742470371,166,85,85.4027407786939,1.9511310370682144,0.6744907594765952,False
2717,153,15.987991878651753,157,34,47.3536488439481,1.1378236574749712,2.3607176581680833,False
2718,477,156.49978136401344,164,122,122.74683470363647,2.8091899739633854,0.9124453204208764,False
2719,344,14.241797975429929,157,32,48.16750946461877,1.0847120531589616,2.3607176581680833,False
2720,475,5.364221977580796,157,21,69.9007287297366,0.9520403085664372,2.3607176581680833,False
2721,228,85.61366143896942,166,69,70.68196718353163,1.613224462209842,0.6744907594765952,False
2722,573,9.48082737006563,155,33,43.64763849098041,1.3626558774966457,3.0352084176446783,False
2723,250,188.85815898077723,163,163,164.12621530921177,3.3243089048459527,1.8948355601836584,False
2724,408,48.508755424167134,161,54,58.197507809905964,1.6075023305097094,1.011736139214893,False
2725,547,160.74353810909687,160,111,110.96261652431487,3.1385270247697528,1.3489815189531904,False
2726,562,4.659495958622579,151,23,50.19346692836814,1.86951760033504,4.384189936597869,False
2727,355,116.17244089677851,164,111,109.43765591655391,2.924567157860778,0.9226961596779535,False
2728,425,78.3940948981279,166,67,66.96603713940502,1.516658707663684,0.6744907594765952,False
2729,158,125.6847386340568,164,102,103.31240958317278,2.5362865465975992,0.4949940051370723,False
2730,345,77.36328561055086,166,66,66.44748723521593,1.50223662900786,0.6744907594765952,False
2731,359,25.364988332037736,160,37,41.98270185377987,1.182319289990643,1.3489815189531904,False
2732,323,183.38121818351757,160,125,123.4314765464328,3.220981781584219,1.3489815189531904,False
2733,216,189.5125880721388,160,128,126.84138305732642,3.2315360874757593,1.3489815189531904,False
2734,61,6.974128036854599,160,26,45.11171790598726,0.8634139367663816,1.3489815189531904,False
2735,220,11.08532321551454,155,33,43.223963336279034,1.4356271002115757,3.0352084176446783,False
2736,139,105.23782844813343,166,80,81.01048626528934,1.8563851002640297,0.6744907594765952,False
2737,431,23.29993611502457,161,41,45.31256980349362,1.1551394506667405,1.026378866780852,False
2738,540,16.87168522815142,157,35,47.08768708375828,1.1665625688519616,2.3607176581680833,False
2739,238,3.058596405723839,157,5,99.6129322789578,1.1207235151770303,2.3607176581680833,False
2740,214,54.56885503098035,161,58,61.50642874852051,1.7453559472308668,1.011736139214893,False
2741,228,85.61366143896942,166,69,70.68196718353163,1.613224462209842,0.6744907594765952,False
2742,0,163.42131625136872,164,145,144.70722932249225,3.199703832135711,1.433808304090001,False
2743,502,50.52446589079199,161,56,59.28657097767915,1.6548920477280653,1.011736139214893,False
2744,98,172.87672926740026,161,133,133.22400761373004,3.225423604547523,1.2540981064216106,False
2745,204,44.47629580349733,161,52,56.06499304257495,1.5113030687398221,1.011736139214893,False
2746,274,88.20708267969752,164,87,89.07114790575969,2.463784500560953,0.41513093600875717,False
2747,130,39.17010808017771,160,45,47.22637405418851,1.4961506019600777,1.3489815189531904,False
2748,406,19.357347738492624,161,38,43.89426742896319,1.0264896393810938,1.1680902988535018,False
2749,505,10.909343390619856,157,32,51.341691050576365,0.9976788287234323,2.3607176581680833,False
2750,238,3.058596405723839,157,5,99.6129322789578,1.1207235151770303,2.3607176581680833,False
2751,580,111.43062973214398,166,83,84.31361268324198,1.9277176369275046,0.6744907594765952,False
2752,515,134.0654749911986,166,97,96.47245638464945,2.1699883198637373,0.6744907594765952,False
2753,50,192.91836940067464,163,167,167.26805890781242,3.3213505299553385,1.9694262486124403,False
2754,385,12.403807843199306,160,29,40.861166000196555,0.9096262338338382,1.3489815189531904,False
2755,286,188.28666068149488,161,144,143.22800733646312,3.243332624467006,1.3986900103830684,False
2756,447,150.46221325300718,160,105,105.407032233315,3.071579516742695,1.3489815189531904,False
2757,111,131.61005380334282,164,121,120.83998043021349,3.0728524860849245,1.08603667302973,False
2758,171,62.11874720961757,160,58,58.53505664594792,1.9628625917505769,1.3489815189531904,False
2759,534,180.30817984293498,160,121,121.72962272530644,3.213807129213611,1.3489815189531904,False
2760,321,157.26139736205684,164,141,140.06376673662504,3.187461086381883,1.3235675934679338,False
2761,520,55.2522411279185,164,63,65.84821610193059,1.7529793535536977,0.520595954765199,False
2762,473,42.15365764443945,160,46,48.57735111240172,1.5599692736962316,1.3489815189531904,False
2763,90,41.465155774366025,161,50,54.582039675826145,1.4361413257284172,1.011736139214893,False
2764,284,12.730358847979556,155,34,43.254081907594994,1.5198136851486104,3.0352084176446783,False
2765,98,172.87672926740026,161,133,133.22400761373004,3.225423604547523,1.2540981064216106,False
2766,127,60.11001151326698,160,56,57.4914361696602,1.925356005896788,1.3489815189531904,False
2767,271,166.72939941280575,161,128,129.290017509936,3.21141817694376,1.23867072893318,False
2768,201,36.19592437460549,161,51,52.534285695186526,1.5736495350291166,1.011736139214893,False
2769,544,82.29402922600363,164,74,77.09743116975315,1.9095006241099899,0.19542854419321018,False
2770,233,176.20892331107567,160,119,119.46684923113487,3.202811640367175,1.3489815189531904,False
2771,146,151.49123032490198,160,106,105.96416750912597,3.079067964895177,1.3489815189531904,False
2772,166,139.18824245045616,166,99,99.26516352703965,2.2221311908032644,0.6744907594765952,False
2773,489,5.662615059249831,160,26,47.97081699472071,0.8860374682992356,1.3489815189531904,False
2774,480,49.51478192096725,161,56,58.73613118127473,1.6316344740462545,1.011736139214893,False
2775,405,13.38212572686157,157,32,48.7396083310662,1.0607488459870453,2.3607176581680833,False
2776,578,106.8875848913421,164,102,102.65071741380065,2.7937609487332424,0.7786093939515767,False
2777,523,70.65369276994525,164,73,76.65796832635921,2.1088657869573746,0.3130176141828646,False
2778,80,89.74398238482371,166,71,72.83397686621312,1.6671371446778092,0.6744907594765952,False
2779,222,19.602038262476558,157,36,46.77203593672365,1.253473409806463,2.3607176581680833,False
2780,376,99.63450071991619,164,97,97.3635934067589,2.6733476679460058,0.6459707348630096,False
2781,394,9.951344857956306,160,29,41.93032884628667,0.8720848885632478,1.3489815189531904,False
2782,238,3.058596405723839,157,5,99.6129322789578,1.1207235151770303,2.3607176581680833,False
2783,123,58.32468716056789,164,67,68.00270227538793,1.8282217625344257,0.47918601083200435,False
2784,148,156.6334380217536,160,109,108.74347983184023,3.113929397519968,1.3489815189531904,False
2785,157,25.290609264196753,161,43,46.22207681429027,1.2181965148127034,1.011736139214893,False
2786,566,146.99467822328185,164,132,132.34642957663578,3.1558416338504403,1.177451583466152,False
2787,580,111.43062973214398,166,83,84.31361268324198,1.9277176369275046,0.6744907594765952,False
2788,251,68.17062185973276,160,60,61.7074274327077,2.0713479707582936,1.3489815189531904,False
2789,475,5.364221977580796,157,21,69.9007287297366,0.9520403085664372,2.3607176581680833,False
2790,260,73.74371737586564,164,77,78.8378928171672,2.175481078148495,0.27137074900651625,False
2791,454,28.2941305320687,160,39,42.91692568587121,1.25106826304113,1.3489815189531904,False
2792,203,191.33969865641936,161,144,145.20208192604818,3.2447548710864926,1.4455566280315402,False
2793,263,5.243768960851287,151,23,48.63774038975223,1.8776666623665388,4.384189936597869,False
2794,465,6.305315858852972,160,26,46.41601141389517,0.8713390186005534,1.3489815189531904,False
2795,79,59.35139619938545,164,67,68.72578253758198,1.852364398686392,0.4653481880415167,False
2796,88,74.27071809235947,166,62,64.8897747433167,1.4593059149965166,0.6913308413084963,False
2797,466,107.30666189598904,166,81,82.11471405453115,1.8807841494778277,0.6744907594765952,False
2798,317,23.300583098488943,157,40,47.15064893362695,1.3797510451988748,2.3607176581680833,False
2799,363,72.22263078648464,160,62,63.83615054081559,2.1408900788613696,1.3489815189531904,False
2800,245,63.456212938626976,164,70,71.60279837157643,1.9488373804324146,0.4100241142508842,False
2801,342,30.248561643753572,161,47,48.84375371991,1.3801755793201549,1.011736139214893,False
2802,255,14.134440669299766,160,32,40.50482576300447,0.9386396455926813,1.3489815189531904,False
2803,528,20.55256361349395,160,36,40.79154676126421,1.0719469971248414,1.3489815189531904,False
2804,158,125.6847386340568,164,102,103.31240958317278,2.5362865465975992,0.4949940051370723,False
2805,0,163.42131625136872,164,145,144.70722932249225,3.199703832135711,1.433808304090001,False
2806,519,44.141230448257495,161,55,57.99791720822442,1.8255739176714796,1.011736139214893,False
2807,189,75.80521776199956,164,78,80.29479246999999,2.218886568215521,0.243586171343991,False
2808,496,101.92558553465373,164,87,88.7566232681908,2.2145081170656353,0.1405458982695397,False
2809,5,29.894178516459473,157,43,49.14817512909617,1.6019740827024767,2.3607176581680833,False
2810,126,21.440568062058524,157,36,46.86951568654151,1.3166488277118242,2.3607176581680833,False
2811,502,50.52446589079199,161,56,59.28657097767915,1.6548920477280653,1.011736139214893,False
2812,55,40.16612602586194,160,46,47.66855144477936,1.5170200747978047,1.3489815189531904,False
2813,55,40.16612602586194,160,46,47.66855144477936,1.5170200747978047,1.3489815189531904,False
2814,33,61.40508725216782,164,68,70.17581275477202,1.900898263515486,0.43766886334448096,False
2815,118,94.69797639221322,164,83,84.44603804226625,2.106384552515955,0.021757766434728876,False
2816,581,65.14034534742855,160,59,60.11881980568958,2.017848854540826,1.3489815189531904,False
2817,566,146.99467822328185,164,132,132.34642957663578,3.1558416338504403,1.177451583466152,False
2818,8,96.7633163465348,164,84,85.67185472797154,2.138110855633886,0.056392138417661296,False
2819,344,14.241797975429929,157,32,48.16750946461877,1.0847120531589616,2.3607176581680833,False
2820,129,174.6331663003455,164,152,153.1807582940266,3.2128534239431117,1.6349788396600984,False
2821,17,5.846769743476025,151,25,47.46702090677712,1.8979298484804543,4.384189936597869,False
2822,50,192.91836940067464,163,167,167.26805890781242,3.3213505299553385,1.9694262486124403,False
2823,387,49.13470134563658,161,59,61.56412208900472,1.9758299346865218,1.011736139214893,False
2824,91,124.65169720199064,164,102,102.67098614147298,2.5234198611242658,0.4808209845454916,False
2825,408,48.508755424167134,161,54,58.197507809905964,1.6075023305097094,1.011736139214893,False
2826,148,156.6334380217536,160,109,108.74347983184023,3.113929397519968,1.3489815189531904,False
2827,24,59.64063368389887,161,60,64.32170531866241,1.8526602185063716,1.011736139214893,False
2828,197,22.36148259772997,157,38,46.986484071760955,1.3492682270914673,2.3607176581680833,False
2829,498,7.198195635697378,155,25,45.43929231084064,1.275692157002758,3.0352084176446783,False
2830,21,64.76681805561192,164,65,67.11168931283123,1.6077638729060075,0.5278001714404845,False
2831,453,52.10717611380001,160,51,53.3846553081108,1.7674720075464514,1.3489815189531904,False
2832,79,59.35139619938545,164,67,68.72578253758198,1.852364398686392,0.4653481880415167,False
2833,340,113.0789430353976,164,107,107.17514165667299,2.884111299043187,0.8781328786946616,False
2834,282,17.773289156233833,157,35,46.91116497954942,1.194939996997273,2.3607176581680833,False
2835,283,100.06842649468375,166,76,78.25502943435848,1.795138197625828,0.6744907594765952,False
2836,277,124.4114538503392,164,115,115.50405345439854,3.0133442014734078,1.0204866022740047,False
2837,416,24.29597385059102,161,41,45.75346199438034,1.1863104731837286,1.011736139214893,False
2838,110,71.9697109210964,164,69,71.1179949097991,1.7350553571768457,0.38758497527030417,False
2839,489,5.662615059249831,160,26,47.97081699472071,0.8860374682992356,1.3489815189531904,False
2840,423,35.201913674791534,161,48,51.87939061358829,1.541930977095658,1.011736139214893,False
2841,205,96.97369963130497,166,75,76.6255263564612,1.7577145684604574,0.6744907594765952,False
2842,415,123.38236540176062,164,115,114.74431220336973,3.003610706366684,1.009764880128736,False
2843,22,101.10029041440876,166,76,78.79680623162194,1.8076950178020466,0.6744907594765952,False
2844,517,9.360087225651881,157,29,54.01395809068056,0.965598196937587,2.3607176581680833,False
2845,272,31.786857228179514,157,45,49.93755100861269,1.6663122667133772,2.3607176581680833,False
2846,165,170.82802611172121,161,131,131.9143825073874,3.2210890592529244,1.2493234812982401,False
2847,175,27.99427883143091,157,43,48.43919905027035,1.5395187682978662,2.3607176581680833,False
2848,44,43.4721387791423,161,52,55.562502092158844,1.4865418464827858,1.011736139214893,False
2849,455,177.00365908359169,161,136,135.90663617004205,3.2322138228543493,1.261577725324508,False
2850,217,27.05375403892895,157,42,48.12853894121223,1.5073360321032847,2.3607176581680833,False
2851,64,161.37948282303975,164,142,143.17472761885304,3.1959976826462224,1.3974250935623849,False
2852,383,33.68219066006812,157,46,50.788066388328645,1.7299331983357524,2.3607176581680833,False
2853,170,173.6159638061221,164,152,152.4058317930808,3.2120986508426186,1.616581265314578,False
2854,336,84.58209269806598,166,69,70.14587210294235,1.5999552805864117,0.6744907594765952,False
2855,542,8.696002226919903,155,30,44.0689797767026,1.3317144232734641,3.0352084176446783,False
2856,579,167.5019024316233,164,148,147.7809672438857,3.2057652742118687,1.5067820917440096,False
2857,542,8.696002226919903,155,30,44.0689797767026,1.3317144232734641,3.0352084176446783,False
2858,133,170.55946495487356,164,149,150.0881975616377,3.2091726097082147,1.5615581785745352,False
2859,488,140.07067683108718,164,111,112.30520839809843,2.6897397203700435,0.6645500735686607,False
2860,177,102.13481576492747,166,76,79.34578415539897,1.820135814251638,0.6744907594765952,False
2861,40,155.20239488802042,164,137,138.5153568170747,3.1822200330720487,1.286806705077227,False
2862,179,26.283560087529942,161,43,46.70800339052596,1.2503936397153885,1.011736139214893,False
2863,119,57.298244459640806,164,64,67.27689854145238,1.8039229465076383,0.49302024396233385,False
2864,582,31.24202577562374,161,47,49.431078074929445,1.4123880235736603,1.011736139214893,False
2865,27,81.26041091609862,164,74,76.49068253250417,1.8924343472590919,0.21422753432401728,False
2866,182,32.730549319060884,157,46,50.354373393214814,1.698902097233726,2.3607176581680833,False
2867,5,29.894178516459473,157,43,49.14817512909617,1.6019740827024767,2.3607176581680833,False
2868,252,11.901113501533786,155,33,43.20139417744575,1.4780660411795168,3.0352084176446783,False
2869,62,37.188399695504785,161,51,53.19636326840883,1.6056192175608157,1.011736139214893,False
2870,7,58.62629131400764,161,60,63.757328691591276,1.8312764290130499,1.011736139214893,False
2871,335,105.85146531914287,164,101,101.88724033268997,2.777558092040508,0.7607614857218701,False
2872,407,143.1614125254272,164,113,114.26106679016571,2.7169376736695074,0.7109842194308185,False
2873,133,170.55946495487356,164,149,150.0881975616377,3.2091726097082147,1.5615581785745352,False
2874,62,37.188399695504785,161,51,53.19636326840883,1.6056192175608157,1.011736139214893,False
2875,445,151.3827948590852,164,118,119.49438802474432,2.7778671708811666,0.835228797941997,False
2876,95,26.116946592232075,157,40,47.842163459264015,1.474645223167201,2.3607176581680833,False
2877,509,117.61115043595731,166,86,87.60548224177612,1.9964401388040147,0.6744907594765952,False
2878,182,32.730549319060884,157,46,50.354373393214814,1.698902097233726,2.3607176581680833,False
2879,65,11.710884051628835,157,32,50.31383537619799,1.0179425414818566,2.3607176581680833,False
2880,458,150.35901002949493,164,118,118.84316967190163,2.7710945123988258,0.8197681858104356,False
2881,86,185.23021717650153,161,141,141.25482565930642,3.2412940366071528,1.3518445914195878,False
2882,238,3.058596405723839,157,5,99.6129322789578,1.1207235151770303,2.3607176581680833,False
2883,179,26.283560087529942,161,43,46.70800339052596,1.2503936397153885,1.011736139214893,False
2884,453,52.10717611380001,160,51,53.3846553081108,1.7674720075464514,1.3489815189531904,False
2885,344,14.241797975429929,157,32,48.16750946461877,1.0847120531589616,2.3607176581680833,False
2886,9,157.5223015083712,164,123,123.39877963386115,2.814809423593307,0.9279231822675873,False
2887,207,93.66529348814132,164,83,83.83392988616178,2.090523025447669,0.021757766434728876,False
2888,30,119.67028318582142,166,88,88.70073256852513,2.019124574936745,0.6744907594765952,False
2889,510,184.20871721601,161,139,140.59064058753754,3.2406004001655297,1.3360761356729598,False
2890,340,113.0789430353976,164,107,107.17514165667299,2.884111299043187,0.8781328786946616,False
2891,245,63.456212938626976,164,70,71.60279837157643,1.9488373804324146,0.4100241142508842,False
2892,444,132.01498111966077,166,94,95.35737995670752,2.1490489644031596,0.6744907594765952,False
2893,106,132.6378518099938,164,121,121.60290893476136,3.0802950164992375,1.0942348323019173,False
2894,320,33.22191402711881,160,41,44.72418526147312,1.3639284799048466,1.3489815189531904,False
2895,417,18.672842135573813,160,32,40.52346906704577,1.030968635520679,1.3489815189531904,False
2896,354,146.2568186051299,164,115,116.24401179511402,2.7413242542890446,0.7580614301173677,False
2897,189,75.80521776199956,164,78,80.29479246999999,2.218886568215521,0.243586171343991,False
2898,409,182.75753355608686,163,158,159.41444813456465,3.327387826142378,1.782973226415803,False
2899,366,149.04711454914354,164,133,133.88857985510768,3.163392195971564,1.1857687427409696,False
2900,225,116.58144284803573,166,86,87.05581823868346,1.9850495692945622,0.6744907594765952,False
2901,528,20.55256361349395,160,36,40.79154676126421,1.0719469971248414,1.3489815189531904,False
2902,187,153.5492626455767,160,107,107.0741494430481,3.0938378018397885,1.3489815189531904,False
2903,248,20.520519483812638,157,36,46.79619774002222,1.284633675608115,2.3607176581680833,False
2904,354,146.2568186051299,164,115,116.24401179511402,2.7413242542890446,0.7580614301173677,False
2905,281,95.4819573325756,164,92,94.34349724059385,2.5984342791164003,0.5634515029545595,False
2906,572,78.89986858032805,164,82,82.48369013665624,2.282385049400238,0.21531427289604824,False
2907,356,129.8011432658217,164,104,105.87919036721225,2.5844437297780285,0.5480405142993049,False
2908,76,95.73067457261008,164,83,85.05861480566381,2.1223404026514587,0.03902053519305931,False
2909,413,63.12615513134549,160,58,59.06258815322653,1.9810326274164713,1.3489815189531904,False
2910,392,17.39638305234985,161,36,43.472362460626385,0.9686519949969313,1.231800111806043,False
2911,470,179.06430516659205,161,136,137.2433758507319,3.2350800262737964,1.2647349300426673,False
2912,557,76.09661895304475,164,72,73.49045757655543,1.8058253830233968,0.30962977572270783,False
2913,360,104.81534398286101,164,101,101.12392769185378,2.7611977519968613,0.7427401050947897,False
2914,57,130.5822559534306,164,120,120.07599232076922,3.0652395816363693,1.0776508419052553,False
2915,367,27.2744148405028,161,44,47.211204594390786,1.2829393418890014,1.011736139214893,False
2916,3,182.16404320869864,161,138,139.2728873100211,3.238452755753201,1.3047912798026633,False
2917,343,193.6017490147842,160,129,129.12557848979964,3.236292997007184,1.3489815189531904,False
2918,99,27.308435799580256,160,39,42.58637329320546,1.229342444604008,1.3489815189531904,False
2919,198,98.00522487393178,166,75,77.16979013911063,1.7701704883312315,0.6744907594765952,False
2920,200,53.558375141560184,161,56,60.9545518330902,1.7228733558172706,1.011736139214893,False
2921,394,9.951344857956306,160,29,41.93032884628667,0.8720848885632478,1.3489815189531904,False
2922,367,27.2744148405028,161,44,47.211204594390786,1.2829393418890014,1.011736139214893,False
2923,242,47.13288907750829,161,57,60.129540444041226,1.9168523136508155,1.011736139214893,False
2924,86,185.23021717650153,161,141,141.25482565930642,3.2412940366071528,1.3518445914195878,False
2925,77,2.703350790206454,151,3,62.51059394836926,2.0597894391861957,4.384189936597869,False
2926,435,62.711445346334926,164,63,65.99310315505004,1.5709090907410177,0.5683967639044251,False
2927,360,104.81534398286101,164,101,101.12392769185378,2.7611977519968613,0.7427401050947897,False
2928,249,78.16083794979805,164,72,74.68022334657117,1.8410904805768946,0.27078426614483697,False
2929,380,62.430598821363674,164,68,70.88975845342823,1.9250386506637602,0.42384717986103704,False
2930,525,77.12868765106437,164,72,74.08462238963178,1.823396062568629,0.29027517165480227,False
2931,149,107.9210532999669,164,104,103.40618864801245,2.8097708040608858,0.7962447056794641,False
2932,268,34.63779685797781,157,46,51.2405386245918,1.760456636861173,2.3607176581680833,False
2933,18,97.5622378756908,164,95,95.86156273524352,2.636547470615625,0.605434269149389,False
2934,92,170.02000029275612,160,116,116.04736385384565,3.1817138913121696,1.3489815189531904,False
2935,36,175.97300257447884,161,134,135.2396501580554,3.230557502096659,1.259753240825088,False
2936,20,134.69175059218284,164,125,123.1338483581174,3.093868760563964,1.1091866980744138,False
2937,578,106.8875848913421,164,102,102.65071741380065,2.7937609487332424,0.7786093939515767,False
2938,182,32.730549319060884,157,46,50.354373393214814,1.698902097233726,2.3607176581680833,False
2939,377,120.50163702222038,164,99,100.05013964291373,2.471207856625463,0.4233079741884026,False
2940,400,74.0312495324795,164,70,72.29442509660672,1.7708037678823794,0.3482070824869696,False
2941,575,100.89312137747231,164,87,88.14247624125831,2.1991710173915204,0.12365164605929739,False
2942,348,136.99317513689638,164,109,110.37090660930225,2.6609474615286492,0.6323115542405184,False
2943,125,60.37819969427708,164,67,69.45358562781038,1.8767048301053437,0.4515090921869328,False
2944,529,194.62081120345474,160,129,129.6911434852293,3.2374356437630745,1.3577916919336406,False
2945,479,43.1464707701153,161,55,57.29367791424841,1.794428179801749,1.011736139214893,False
2946,269,164.8605237498769,160,113,113.20845876604125,3.1595653287939496,1.3489815189531904,False
2947,377,120.50163702222038,164,99,100.05013964291373,2.471207856625463,0.4233079741884026,False
2948,96,20.342862175689024,161,38,44.18167039849802,1.056789356884972,1.1347142968527093,False
2949,234,113.27275472567949,164,95,95.59903305282235,2.374665087837257,0.31696336408354636,False
2950,561,156.2321250394754,164,139,139.28929993677434,3.184996343574008,1.3051809329123834,False
2951,374,35.20811224103583,160,42,45.52016080265379,1.4068853672416661,1.3489815189531904,False
2952,414,121.53405956167775,164,100,100.69495521099853,2.484311064299826,0.43774153072239835,False
2953,229,66.53906132571252,164,72,73.77203098577193,2.01826461668961,0.3684739690222405,False
2954,226,186.8196978592468,163,163,162.54553856564883,3.325642012108319,1.8573086232800393,False
2955,12,161.61131852087465,164,125,126.0156464334093,2.8359116530410082,0.990050366507967,False
2956,64,161.37948282303975,164,142,143.17472761885304,3.1959976826462224,1.3974250935623849,False
2957,234,113.27275472567949,164,95,95.59903305282235,2.374665087837257,0.31696336408354636,False
2958,427,34.215685387158096,160,41,45.11877358329703,1.3853073995290761,1.3489815189531904,False
2959,189,75.80521776199956,164,78,80.29479246999999,2.218886568215521,0.243586171343991,False
2960,90,41.465155774366025,161,50,54.582039675826145,1.4361413257284172,1.011736139214893,False
2961,571,28.945075991066783,157,43,48.78363664956406,1.5705815855780563,2.3607176581680833,False
2962,481,143.92271698675697,164,130,130.03901434018255,3.1432581664978168,1.1635905357027756,False
2963,196,11.558621633835386,160,29,41.125729740325006,0.8973577224379602,1.3489815189531904,False
2964,185,158.68886262992103,160,109,109.8510583142722,3.126567745024279,1.3489815189531904,False
2965,166,139.18824245045616,166,99,99.26516352703965,2.2221311908032644,0.6744907594765952,False
2966,563,171.050375459291,160,116,116.61160838942067,3.1857849385202703,1.3489815189531904,False
2967,84,155.60572533322457,160,109,108.18732231035715,3.1074881825738103,1.3489815189531904,False
2968,503,45.13556997376109,161,55,58.70295759630233,1.8567706826504988,1.011736139214893,False
2969,350,75.30161551795237,166,63,65.4110572691208,1.4736282266487446,0.675554407013373,False
2970,185,158.68886262992103,160,109,109.8510583142722,3.126567745024279,1.3489815189531904,False
2971,551,4.4614243364518265,160,17,52.17646333374569,0.9509812201595104,1.414254818257377,False
2972,126,21.440568062058524,157,36,46.86951568654151,1.3166488277118242,2.3607176581680833,False
2973,393,187.8365661130523,163,163,163.33351312994247,3.324977986666267,1.8760159724431902,False
2974,65,11.710884051628835,157,32,50.31383537619799,1.0179425414818566,2.3607176581680833,False
2975,377,120.50163702222038,164,99,100.05013964291373,2.471207856625463,0.4233079741884026,False
2976,70,143.28211739503664,166,102,101.49772049221723,2.262831465693596,0.6744907594765952,False
2977,88,74.27071809235947,166,62,64.8897747433167,1.4593059149965166,0.6913308413084963,False
2978,157,25.290609264196753,161,43,46.22207681429027,1.2181965148127034,1.011736139214893,False
2979,120,38.176657737751995,160,44,46.788997377690755,1.4745938372059137,1.3489815189531904,False
2980,447,150.46221325300718,160,105,105.407032233315,3.071579516742695,1.3489815189531904,False
2981,331,145.97126046647406,164,131,131.5761929406773,3.15194756314529,1.1731621536511811,False
2982,77,2.703350790206454,151,3,62.51059394836926,2.0597894391861957,4.384189936597869,False
2983,425,78.3940948981279,166,67,66.96603713940502,1.516658707663684,0.6744907594765952,False
2984,447,150.46221325300718,160,105,105.407032233315,3.071579516742695,1.3489815189531904,False
2985,294,7.925760487146572,155,29,44.6607148721564,1.3048316699352045,3.0352084176446783,False
2986,287,121.32367927221078,164,114,113.22521742995,2.9831209414284943,0.9871948203423616,False
2987,242,47.13288907750829,161,57,60.129540444041226,1.9168523136508155,1.011736139214893,False
2988,32,139.04506462467992,164,111,111.66099152423442,2.680376833619211,0.6537135610970418,False
2989,551,4.4614243364518265,160,17,52.17646333374569,0.9509812201595104,1.414254818257377,False
2990,24,59.64063368389887,161,60,64.32170531866241,1.8526602185063716,1.011736139214893,False
2991,345,77.36328561055086,166,66,66.44748723521593,1.50223662900786,0.6744907594765952,False
2992,162,117.20268860688785,164,111,110.19749321651715,2.93677003454074,0.9361379759732279,False
2993,546,74.77381592992036,164,78,79.56300697921297,2.1977605860665608,0.2574872428632731,False
2994,582,31.24202577562374,161,47,49.431078074929445,1.4123880235736603,1.011736139214893,False
2995,529,194.62081120345474,160,129,129.6911434852293,3.2374356437630745,1.3577916919336406,False
2996,463,113.49225742470371,166,85,85.4027407786939,1.9511310370682144,0.6744907594765952,False
2997,373,81.99677159991116,164,83,84.67381292630348,2.344793566672157,0.28405903254826126,False
2998,576,53.2063406933529,164,61,64.41787994549021,1.7022217385480016,0.5481702787363854,False
2999,508,173.9083111227945,161,133,133.89607238006334,3.227166848488845,1.2560183392840452,False
