original_index,unique_shape_id,type_id,signal_type,classification_confidence,amplitude,peak_bin,fwhm,fall_time_90_10,decay_speed,is_outlier
0,0,1,Тип 1 — медленный широкий,высокая,163.42131625136872,164,145,183,0.7144101256890436,False
1,1,2,Тип 2 — промежуточный,высокая,107.08533957473863,164,91,98,0.8741660373448051,False
2,2,0,Выброс,не применяется,1.960419751022364,135,2,1,1.5683358008178914,True
3,3,2,Тип 2 — промежуточный,высокая,182.16404320869864,161,138,169,0.8623149974376269,False
4,4,3,Тип 3 — быстрый узкий,высокая,125.84012150811344,166,92,97,1.0378566722318636,False
5,5,1,Тип 1 — медленный широкий,низкая,29.894178516459473,157,43,34,0.7033924356813994,False
6,6,1,Тип 1 — медленный широкий,высокая,46.13166860909622,161,57,52,0.7097179786014802,False
7,7,2,Тип 2 — промежуточный,высокая,58.62629131400764,161,60,55,0.8527460554764748,False
8,8,2,Тип 2 — промежуточный,высокая,96.7633163465348,164,84,88,0.8796665122412254,False
9,9,2,Тип 2 — промежуточный,высокая,157.5223015083712,164,123,147,0.8572642258958978,False
10,10,3,Тип 3 — быстрый узкий,высокая,103.16911784159632,166,79,80,1.0316911784159633,False
11,11,1,Тип 1 — медленный широкий,низкая,4.300888511822121,157,19,14,0.24576505781840693,False
12,12,2,Тип 2 — промежуточный,высокая,161.61131852087465,164,125,150,0.8619270321113315,False
13,13,3,Тип 3 — быстрый узкий,высокая,145.3263213257126,166,102,113,1.0288589120404432,False
14,14,1,Тип 1 — медленный широкий,низкая,22.31482288824742,161,40,31,0.5758663971160625,False
15,15,1,Тип 1 — медленный широкий,высокая,40.158718254225185,161,52,43,0.7471389442646547,False
16,2,0,Выброс,не применяется,1.960419751022364,135,2,1,1.5683358008178914,True
17,16,3,Тип 3 — быстрый узкий,высокая,191.55748356308752,160,128,152,1.008197281910987,False
18,17,1,Тип 1 — медленный широкий,низкая,5.846769743476025,151,25,27,0.17323762202891924,False
19,18,1,Тип 1 — медленный широкий,высокая,97.5622378756908,164,95,106,0.736318776420308,False
20,19,1,Тип 1 — медленный широкий,высокая,50.1430920870544,164,59,55,0.7293540667207913,False
21,20,1,Тип 1 — медленный широкий,высокая,134.69175059218284,164,125,150,0.7183560031583085,False
22,21,2,Тип 2 — промежуточный,высокая,64.76681805561192,164,65,60,0.8635575740748256,False
23,22,3,Тип 3 — быстрый узкий,высокая,101.10029041440876,166,76,78,1.0369260555323976,False
24,23,3,Тип 3 — быстрый узкий,высокая,159.71657465483372,160,109,124,1.030429513902153,False
25,24,2,Тип 2 — промежуточный,высокая,59.64063368389887,161,60,55,0.8675001263112563,False
26,25,1,Тип 1 — медленный широкий,высокая,168.521799039909,164,148,187,0.7209488728980065,False
27,26,1,Тип 1 — медленный широкий,низкая,12.533057497549368,157,32,28,0.3580873570728391,False
28,27,2,Тип 2 — промежуточный,высокая,81.26041091609862,164,74,75,0.8667777164383853,False
29,28,1,Тип 1 — медленный широкий,низкая,24.240068136530592,157,40,31,0.625550145458854,False
30,29,1,Тип 1 — медленный широкий,высокая,48.1338765665661,161,57,55,0.700129113695507,False
31,30,3,Тип 3 — быстрый узкий,высокая,119.67028318582142,166,88,93,1.0294217908457757,False
32,31,3,Тип 3 — быстрый узкий,высокая,128.9291930694322,166,93,100,1.0314335445554577,False
33,32,2,Тип 2 — промежуточный,высокая,139.04506462467992,164,111,128,0.8690316539042495,False
34,33,1,Тип 1 — медленный широкий,высокая,61.40508725216782,164,68,67,0.7331950716676755,False
35,34,2,Тип 2 — промежуточный,высокая,163.6538882367355,164,126,151,0.8670404674793935,False
36,35,2,Тип 2 — промежуточный,высокая,116.3695354099528,164,96,108,0.861996558592243,False
37,36,2,Тип 2 — промежуточный,высокая,175.97300257447884,161,134,162,0.8690024818492782,False
38,37,3,Тип 3 — быстрый узкий,высокая,195.63913190096895,160,130,153,1.0229497092861124,False
39,38,2,Тип 2 — промежуточный,высокая,119.46890731672892,164,99,111,0.8610371698502985,False
40,39,2,Тип 2 — промежуточный,высокая,63.739153352205335,164,63,59,0.8642597064705809,False
41,40,1,Тип 1 — медленный широкий,высокая,155.20239488802042,164,137,174,0.7135742293702089,False
42,41,3,Тип 3 — быстрый узкий,высокая,163.8271559948141,160,113,128,1.0239197249675882,False
43,42,3,Тип 3 — быстрый узкий,высокая,55.099537195617415,160,53,44,1.001809767193044,False
44,43,2,Тип 2 — промежуточный,высокая,89.53450890113623,164,80,83,0.8629832183242047,False
45,44,2,Тип 2 — промежуточный,высокая,43.4721387791423,161,52,40,0.869442775582846,False
46,45,3,Тип 3 — быстрый узкий,высокая,57.10344054553571,160,53,45,1.0151722763650795,False
47,46,3,Тип 3 — быстрый узкий,высокая,70.19929166746122,160,61,55,1.0210806060721633,False
48,47,1,Тип 1 — медленный широкий,высокая,100.67068026113056,164,97,110,0.7321504018991313,False
49,48,1,Тип 1 — медленный широкий,низкая,3.9055961430336703,160,16,11,0.2840433558569942,False
50,49,1,Тип 1 — медленный широкий,высокая,151.1036508937477,164,136,168,0.719541194732132,False
51,50,1,Тип 1 — медленный широкий,высокая,192.91836940067464,163,167,216,0.714512479261758,False
52,51,3,Тип 3 — быстрый узкий,высокая,178.25922988571827,160,119,140,1.018624170775533,False
53,52,3,Тип 3 — быстрый узкий,высокая,129.96133583574837,166,94,100,1.0396906866859872,False
54,53,1,Тип 1 — медленный широкий,высокая,112.0476994608148,164,105,123,0.728765524948389,False
55,54,2,Тип 2 — промежуточный,высокая,189.30500799000592,161,144,177,0.8556158553220607,False
56,55,2,Тип 2 — промежуточный,высокая,40.16612602586194,160,46,36,0.8925805783524877,False
57,56,1,Тип 1 — медленный широкий,высокая,142.89778052792508,164,129,160,0.7144889026396254,False
58,57,1,Тип 1 — медленный широкий,высокая,130.5822559534306,164,120,145,0.720453825949962,False
59,58,1,Тип 1 — медленный широкий,низкая,7.2152410877539666,157,29,18,0.3206773816779541,False
60,59,3,Тип 3 — быстрый узкий,высокая,137.14085874359705,166,98,106,1.0350253490082797,False
61,60,1,Тип 1 — медленный широкий,высокая,139.8229713767275,164,128,156,0.7170408788550129,False
62,61,1,Тип 1 — медленный широкий,низкая,6.974128036854599,160,26,14,0.3985216021059771,False
63,62,1,Тип 1 — медленный широкий,высокая,37.188399695504785,161,51,39,0.7628389681129187,False
64,63,1,Тип 1 — медленный широкий,высокая,120.2934315241281,164,112,132,0.729051100146231,False
65,64,1,Тип 1 — медленный широкий,высокая,161.37948282303975,164,142,181,0.7132794820907835,False
66,65,1,Тип 1 — медленный широкий,низкая,11.710884051628835,157,32,28,0.33459668718939534,False
67,66,1,Тип 1 — медленный широкий,высокая,114.11018614755625,164,107,125,0.7303051913443601,False
68,67,2,Тип 2 — промежуточный,высокая,61.68366667534663,164,62,57,0.8657356726364439,False
69,33,1,Тип 1 — медленный широкий,высокая,61.40508725216782,164,68,67,0.7331950716676755,False
70,7,2,Тип 2 — промежуточный,высокая,58.62629131400764,161,60,55,0.8527460554764748,False
71,68,3,Тип 3 — быстрый узкий,высокая,114.52205058227008,166,86,90,1.0179737829535118,False
72,69,2,Тип 2 — промежуточный,высокая,158.5448217896913,164,123,147,0.862828962120769,False
73,70,3,Тип 3 — быстрый узкий,высокая,143.28211739503664,166,102,111,1.0326639091534173,False
74,71,2,Тип 2 — промежуточный,высокая,72.9996587486652,164,69,66,0.8848443484686691,False
75,72,2,Тип 2 — промежуточный,высокая,178.03431559484252,161,136,165,0.8631966816719637,False
76,73,2,Тип 2 — промежуточный,высокая,106.053438069795,164,90,97,0.8746675304725362,False
77,74,1,Тип 1 — медленный широкий,низкая,29.25315298489843,161,45,38,0.6158558523136513,False
78,75,3,Тип 3 — быстрый узкий,высокая,76.3324648706218,166,65,62,0.9849350305886685,False
79,76,2,Тип 2 — промежуточный,высокая,95.73067457261008,164,83,87,0.8802820650354951,False
80,77,1,Тип 1 — медленный широкий,низкая,2.703350790206454,151,3,14,0.15447718801179738,False
81,78,1,Тип 1 — медленный широкий,высокая,83.03158744615756,164,83,90,0.7380585550769561,False
82,79,1,Тип 1 — медленный широкий,высокая,59.35139619938545,164,67,65,0.7304787224539748,False
83,80,3,Тип 3 — быстрый узкий,высокая,89.74398238482371,166,71,68,1.0558115574685143,False
84,81,1,Тип 1 — медленный широкий,высокая,76.8367447313626,164,80,83,0.7405951299408444,False
85,22,3,Тип 3 — быстрый узкий,высокая,101.10029041440876,166,76,78,1.0369260555323976,False
86,82,2,Тип 2 — промежуточный,высокая,160.58986268941894,164,125,147,0.873958436405001,False
87,83,3,Тип 3 — быстрый узкий,высокая,185.42780414396887,160,125,144,1.0301544674664938,False
88,10,3,Тип 3 — быстрый узкий,высокая,103.16911784159632,166,79,80,1.0316911784159633,False
89,73,2,Тип 2 — промежуточный,высокая,106.053438069795,164,90,97,0.8746675304725362,False
90,80,3,Тип 3 — быстрый узкий,высокая,89.74398238482371,166,71,68,1.0558115574685143,False
91,84,3,Тип 3 — быстрый узкий,высокая,155.60572533322457,160,109,121,1.0287981840213194,False
92,85,2,Тип 2 — промежуточный,высокая,91.59998840396362,164,80,83,0.8828914544960349,False
93,15,1,Тип 1 — медленный широкий,высокая,40.158718254225185,161,52,43,0.7471389442646547,False
94,86,2,Тип 2 — промежуточный,высокая,185.23021717650153,161,141,173,0.8565559175791978,False
95,87,2,Тип 2 — промежуточный,высокая,169.80336939464996,161,130,158,0.8597638956691138,False
96,88,3,Тип 3 — быстрый узкий,высокая,74.27071809235947,166,62,59,1.0070605843031792,False
97,89,3,Тип 3 — быстрый узкий,высокая,127.89683237782839,166,93,98,1.044055774512885,False
98,90,2,Тип 2 — промежуточный,высокая,41.465155774366025,161,50,39,0.8505672979357133,False
99,91,2,Тип 2 — промежуточный,высокая,124.65169720199064,164,102,116,0.8596668772551079,False
100,92,3,Тип 3 — быстрый узкий,высокая,170.02000029275612,160,116,133,1.0226766934902625,False
101,89,3,Тип 3 — быстрый узкий,высокая,127.89683237782839,166,93,98,1.044055774512885,False
102,93,3,Тип 3 — быстрый узкий,высокая,177.23395723032965,160,119,139,1.020051552404775,False
103,94,2,Тип 2 — промежуточный,высокая,70.9398375296969,164,69,63,0.9008233337104369,False
104,95,1,Тип 1 — медленный широкий,низкая,26.116946592232075,157,40,33,0.633138099205626,False
105,96,1,Тип 1 — медленный широкий,низкая,20.342862175689024,161,38,28,0.5812246335911151,False
106,97,3,Тип 3 — быстрый узкий,высокая,130.98956559324444,166,94,102,1.0273691419077995,False
107,98,2,Тип 2 — промежуточный,высокая,172.87672926740026,161,133,159,0.8698200214711963,False
108,99,1,Тип 1 — медленный широкий,низкая,27.308435799580256,160,39,29,0.7533361599884209,False
109,100,3,Тип 3 — быстрый узкий,высокая,124.81246607539046,166,91,98,1.0188772740848202,False
110,101,2,Тип 2 — промежуточный,высокая,80.22685727850407,164,73,73,0.8791984359288116,False
111,102,3,Тип 3 — быстрый узкий,высокая,93.87830105236762,166,74,72,1.0430922339151958,False
112,103,3,Тип 3 — быстрый узкий,высокая,83.55063533642381,166,68,65,1.0283155118329084,False
113,104,1,Тип 1 — медленный широкий,низкая,2.300075425537707,151,3,12,0.1533383617025138,False
114,105,2,Тип 2 — промежуточный,высокая,145.22388400959466,164,114,134,0.8670082627438487,False
115,106,1,Тип 1 — медленный широкий,высокая,132.6378518099938,164,121,148,0.7169613611351017,False
116,107,2,Тип 2 — промежуточный,высокая,40.45962353073204,161,49,39,0.8299409955021957,False
117,108,1,Тип 1 — медленный широкий,высокая,175.64920046093283,164,153,196,0.7169355120854402,False
118,109,1,Тип 1 — медленный широкий,низкая,18.686075333227038,157,36,27,0.5536614913548752,False
119,30,3,Тип 3 — быстрый узкий,высокая,119.67028318582142,166,88,93,1.0294217908457757,False
120,110,2,Тип 2 — промежуточный,высокая,71.9697109210964,164,69,66,0.872360132376926,False
121,111,1,Тип 1 — медленный широкий,высокая,131.61005380334282,164,121,145,0.7261244347770639,False
122,112,1,Тип 1 — медленный широкий,высокая,177.6812687789744,164,156,198,0.7179041162786844,False
123,56,1,Тип 1 — медленный широкий,высокая,142.89778052792508,164,129,160,0.7144889026396254,False
124,113,3,Тип 3 — быстрый узкий,высокая,110.39983869639039,166,82,86,1.0269752436873525,False
125,102,3,Тип 3 — быстрый узкий,высокая,93.87830105236762,166,74,72,1.0430922339151958,False
126,93,3,Тип 3 — быстрый узкий,высокая,177.23395723032965,160,119,139,1.020051552404775,False
127,114,3,Тип 3 — быстрый узкий,высокая,81.48790659711531,166,68,62,1.051456859317617,False
128,115,2,Тип 2 — промежуточный,высокая,65.79446331639436,164,65,62,0.8489608169857337,False
129,116,3,Тип 3 — быстрый узкий,высокая,182.35687196799034,160,122,144,1.0130937331555019,False
130,27,2,Тип 2 — промежуточный,высокая,81.26041091609862,164,74,75,0.8667777164383853,False
131,111,1,Тип 1 — медленный широкий,высокая,131.61005380334282,164,121,145,0.7261244347770639,False
132,117,1,Тип 1 — медленный широкий,высокая,68.59471113038528,164,72,74,0.7415644446528138,False
133,118,2,Тип 2 — промежуточный,высокая,94.69797639221322,164,83,87,0.870785989813455,False
134,89,3,Тип 3 — быстрый узкий,высокая,127.89683237782839,166,93,98,1.044055774512885,False
135,119,1,Тип 1 — медленный широкий,высокая,57.298244459640806,164,64,64,0.7162280557455101,False
136,104,1,Тип 1 — медленный широкий,низкая,2.300075425537707,151,3,12,0.1533383617025138,False
137,120,3,Тип 3 — быстрый узкий,высокая,38.176657737751995,160,44,32,0.9544164434437999,False
138,121,2,Тип 2 — промежуточный,высокая,174.94121126149878,161,134,162,0.8639072161061668,False
139,122,1,Тип 1 — медленный широкий,высокая,190.89096870155407,163,164,215,0.7102919765639222,False
140,93,3,Тип 3 — быстрый узкий,высокая,177.23395723032965,160,119,139,1.020051552404775,False
141,123,1,Тип 1 — медленный широкий,высокая,58.32468716056789,164,67,65,0.7178423035146818,False
142,0,1,Тип 1 — медленный широкий,высокая,163.42131625136872,164,145,183,0.7144101256890436,False
143,124,2,Тип 2 — промежуточный,высокая,186.24996604596532,161,141,173,0.861271519287701,False
144,125,1,Тип 1 — медленный широкий,высокая,60.37819969427708,164,67,66,0.7318569659912374,False
145,126,1,Тип 1 — медленный широкий,низкая,21.440568062058524,157,36,29,0.5914639465395456,False
146,127,3,Тип 3 — быстрый узкий,высокая,60.11001151326698,160,56,48,1.0018335252211166,False
147,128,2,Тип 2 — промежуточный,высокая,30.266075421143398,160,41,30,0.8070953445638239,False
148,129,1,Тип 1 — медленный широкий,высокая,174.6331663003455,164,152,194,0.7201367682488475,False
149,130,3,Тип 3 — быстрый узкий,высокая,39.17010808017771,160,45,32,0.9792527020044428,False
150,131,3,Тип 3 — быстрый узкий,высокая,56.10031815426071,160,53,45,0.9973389894090794,False
151,132,1,Тип 1 — медленный широкий,низкая,7.6805466046893915,160,27,18,0.3413576268750841,False
152,131,3,Тип 3 — быстрый узкий,высокая,56.10031815426071,160,53,45,0.9973389894090794,False
153,133,1,Тип 1 — медленный широкий,высокая,170.55946495487356,164,149,189,0.7219448252058142,False
154,134,1,Тип 1 — медленный широкий,высокая,91.32246208649279,164,91,100,0.7305796966919423,False
155,135,2,Тип 2 — промежуточный,высокая,83.3277141514719,164,74,77,0.8657424846906172,False
156,136,1,Тип 1 — медленный широкий,высокая,183.77351466616764,163,158,206,0.7136835521016219,False
157,137,3,Тип 3 — быстрый узкий,высокая,188.4905310082839,160,127,147,1.0257988082083478,False
158,138,3,Тип 3 — быстрый узкий,высокая,58.10606094631098,160,55,45,1.0329966390455285,False
159,139,3,Тип 3 — быстрый узкий,высокая,105.23782844813343,166,80,81,1.0393859599815647,False
160,140,1,Тип 1 — медленный широкий,низкая,6.567783531294809,157,25,18,0.2919014902797693,False
161,141,2,Тип 2 — промежуточный,высокая,84.36145425343982,164,75,78,0.8652456846506649,False
162,3,2,Тип 2 — промежуточный,высокая,182.16404320869864,161,138,169,0.8623149974376269,False
163,142,1,Тип 1 — медленный широкий,высокая,122.35327709594253,164,115,136,0.7197251593878973,False
164,65,1,Тип 1 — медленный широкий,низкая,11.710884051628835,157,32,28,0.33459668718939534,False
165,143,2,Тип 2 — промежуточный,высокая,67.85058743552925,164,66,62,0.8754914507810226,False
166,109,1,Тип 1 — медленный широкий,низкая,18.686075333227038,157,36,27,0.5536614913548752,False
167,37,3,Тип 3 — быстрый узкий,высокая,195.63913190096895,160,130,153,1.0229497092861124,False
168,144,3,Тип 3 — быстрый узкий,высокая,172.08227191025495,160,118,135,1.0197467965052147,False
169,145,3,Тип 3 — быстрый узкий,высокая,165.89389153901655,160,114,130,1.020885486393948,False
170,146,3,Тип 3 — быстрый узкий,высокая,151.49123032490198,160,106,118,1.0270591886434033,False
171,147,1,Тип 1 — медленный широкий,высокая,71.68365030093278,164,76,78,0.7352169261634132,False
172,57,1,Тип 1 — медленный широкий,высокая,130.5822559534306,164,120,145,0.720453825949962,False
173,148,3,Тип 3 — быстрый узкий,высокая,156.6334380217536,160,109,121,1.0355929786562221,False
174,149,1,Тип 1 — медленный широкий,высокая,107.9210532999669,164,104,119,0.7255196860501977,False
175,150,1,Тип 1 — медленный широкий,высокая,189.87616541976854,163,164,212,0.7165138317727116,False
176,151,2,Тип 2 — промежуточный,высокая,131.85777625061453,164,104,122,0.8646411557417347,False
177,5,1,Тип 1 — медленный широкий,низкая,29.894178516459473,157,43,34,0.7033924356813994,False
178,152,2,Тип 2 — промежуточный,высокая,79.1933706342018,164,73,72,0.8799263403800199,False
179,153,1,Тип 1 — медленный широкий,низкая,15.987991878651753,157,34,31,0.41259333880391624,False
180,154,2,Тип 2 — промежуточный,высокая,56.594733508362104,161,58,54,0.8384404964201794,False
181,155,2,Тип 2 — промежуточный,высокая,98.82820484938112,164,84,90,0.8784729319944989,False
182,156,1,Тип 1 — медленный широкий,высокая,138.7973693372071,164,128,155,0.7163735191597786,False
183,157,1,Тип 1 — медленный широкий,низкая,25.290609264196753,161,43,31,0.6526608842373356,False
184,11,1,Тип 1 — медленный широкий,низкая,4.300888511822121,157,19,14,0.24576505781840693,False
185,50,1,Тип 1 — медленный широкий,высокая,192.91836940067464,163,167,216,0.714512479261758,False
186,158,2,Тип 2 — промежуточный,высокая,125.6847386340568,164,102,117,0.859382828267055,False
187,159,1,Тип 1 — медленный широкий,высокая,69.62379086111812,164,73,76,0.7328820090644014,False
188,67,2,Тип 2 — промежуточный,высокая,61.68366667534663,164,62,57,0.8657356726364439,False
189,22,3,Тип 3 — быстрый узкий,высокая,101.10029041440876,166,76,78,1.0369260555323976,False
190,160,3,Тип 3 — быстрый узкий,высокая,45.133654767541884,160,48,36,1.0029701059453753,False
191,161,1,Тип 1 — медленный широкий,высокая,92.36159161834775,164,91,101,0.7315769633136456,False
192,162,1,Тип 1 — медленный широкий,высокая,117.20268860688785,164,111,129,0.7268383789574441,False
193,163,2,Тип 2 — промежуточный,высокая,37.18864267064049,160,44,33,0.9015428526215876,False
194,164,3,Тип 3 — быстрый узкий,высокая,104.20345637652946,166,80,81,1.0291699395212788,False
195,165,2,Тип 2 — промежуточный,высокая,170.82802611172121,161,131,158,0.8649520309454239,False
196,166,3,Тип 3 — быстрый узкий,высокая,139.18824245045616,166,99,109,1.021565082205183,False
197,65,1,Тип 1 — медленный широкий,низкая,11.710884051628835,157,32,28,0.33459668718939534,False
198,167,2,Тип 2 — промежуточный,высокая,138.0194522504365,164,111,127,0.8694138724436946,False
199,168,1,Тип 1 — медленный широкий,высокая,169.54063199910289,164,149,189,0.7176323047581076,False
200,169,3,Тип 3 — быстрый узкий,высокая,175.17848781447327,160,119,137,1.022940074829041,False
201,170,1,Тип 1 — медленный широкий,высокая,173.6159638061221,164,152,194,0.7159421187881323,False
202,37,3,Тип 3 — быстрый узкий,высокая,195.63913190096895,160,130,153,1.0229497092861124,False
203,68,3,Тип 3 — быстрый узкий,высокая,114.52205058227008,166,86,90,1.0179737829535118,False
204,171,3,Тип 3 — быстрый узкий,высокая,62.11874720961757,160,58,48,1.0353124534936262,False
205,172,1,Тип 1 — медленный широкий,высокая,160.35533706979433,164,142,179,0.7166718975186338,False
206,173,2,Тип 2 — промежуточный,высокая,31.251348982524068,160,41,30,0.8333693062006418,False
207,174,1,Тип 1 — медленный широкий,низкая,14.520553589672321,161,36,24,0.4840184529890774,False
208,175,1,Тип 1 — медленный широкий,низкая,27.99427883143091,157,43,35,0.6398692304327066,False
209,176,3,Тип 3 — быстрый узкий,высокая,184.404687648927,160,125,145,1.0174051732354592,False
210,177,3,Тип 3 — быстрый узкий,высокая,102.13481576492747,166,76,79,1.0342766153410377,False
211,178,1,Тип 1 — медленный широкий,низкая,28.263174709091928,161,44,37,0.6110956693857714,False
212,49,1,Тип 1 — медленный широкий,высокая,151.1036508937477,164,136,168,0.719541194732132,False
213,179,1,Тип 1 — медленный широкий,низкая,26.283560087529942,161,43,33,0.6371772142431502,False
214,180,2,Тип 2 — промежуточный,высокая,57.61059239371625,161,59,55,0.8379722529995093,False
215,181,2,Тип 2 — промежуточный,высокая,128.77267417085585,164,104,117,0.8804969174075614,False
216,182,1,Тип 1 — медленный широкий,высокая,32.730549319060884,157,46,36,0.7273455404235752,False
217,183,2,Тип 2 — промежуточный,высокая,130.82961123330014,164,104,119,0.8795267982070599,False
218,184,3,Тип 3 — быстрый узкий,высокая,120.69871649872941,166,88,93,1.0382685290213283,False
219,185,3,Тип 3 — быстрый узкий,высокая,158.68886262992103,160,109,122,1.0405827057699741,False
220,186,1,Тип 1 — медленный широкий,высокая,109.98513347447268,164,105,120,0.7332342231631512,False
221,73,2,Тип 2 — промежуточный,высокая,106.053438069795,164,90,97,0.8746675304725362,False
222,80,3,Тип 3 — быстрый узкий,высокая,89.74398238482371,166,71,68,1.0558115574685143,False
223,113,3,Тип 3 — быстрый узкий,высокая,110.39983869639039,166,82,86,1.0269752436873525,False
224,187,3,Тип 3 — быстрый узкий,высокая,153.5492626455767,160,107,119,1.032263950558499,False
225,188,2,Тип 2 — промежуточный,высокая,109.14841073828256,164,93,101,0.8645418672339213,False
226,111,1,Тип 1 — медленный широкий,высокая,131.61005380334282,164,121,145,0.7261244347770639,False
227,189,1,Тип 1 — медленный широкий,высокая,75.80521776199956,164,78,82,0.7395631001170688,False
228,69,2,Тип 2 — промежуточный,высокая,158.5448217896913,164,123,147,0.862828962120769,False
229,190,1,Тип 1 — медленный широкий,высокая,30.841396528201837,157,45,34,0.7256799183106315,False
230,101,2,Тип 2 — промежуточный,высокая,80.22685727850407,164,73,73,0.8791984359288116,False
231,191,3,Тип 3 — быстрый узкий,высокая,179.28383394297742,160,121,142,1.0100497686928307,False
232,192,1,Тип 1 — медленный широкий,высокая,176.66523462041326,164,156,198,0.7137989277592455,False
233,193,2,Тип 2 — промежуточный,высокая,38.444170975413634,161,49,37,0.8312253183873218,False
234,194,3,Тип 3 — быстрый узкий,высокая,190.53503578932492,160,128,150,1.0161868575430661,False
235,195,2,Тип 2 — промежуточный,высокая,154.45415024782542,164,120,144,0.8580786124879191,False
236,196,1,Тип 1 — медленный широкий,низкая,11.558621633835386,160,29,21,0.440328443193729,False
237,124,2,Тип 2 — промежуточный,высокая,186.24996604596532,161,141,173,0.861271519287701,False
238,197,1,Тип 1 — медленный широкий,низкая,22.36148259772997,157,38,30,0.5963062026061327,False
239,151,2,Тип 2 — промежуточный,высокая,131.85777625061453,164,104,122,0.8646411557417347,False
240,198,3,Тип 3 — быстрый узкий,высокая,98.00522487393178,166,75,75,1.045389065321939,False
241,199,1,Тип 1 — медленный широкий,низкая,6.491486182916153,155,25,24,0.2163828727638718,False
242,34,2,Тип 2 — промежуточный,высокая,163.6538882367355,164,126,151,0.8670404674793935,False
243,200,2,Тип 2 — промежуточный,высокая,53.558375141560184,161,56,52,0.823975002177849,False
244,201,1,Тип 1 — медленный широкий,высокая,36.19592437460549,161,51,40,0.7239184874921099,False
245,202,3,Тип 3 — быстрый узкий,высокая,154.5780123092776,160,108,119,1.039179914684219,False
246,203,2,Тип 2 — промежуточный,высокая,191.33969865641936,161,144,179,0.8551494912018743,False
247,204,2,Тип 2 — промежуточный,высокая,44.47629580349733,161,52,41,0.8678301620194601,False
248,205,3,Тип 3 — быстрый узкий,высокая,96.97369963130497,166,75,74,1.0483643203384323,False
249,66,1,Тип 1 — медленный широкий,высокая,114.11018614755625,164,107,125,0.7303051913443601,False
250,178,1,Тип 1 — медленный широкий,низкая,28.263174709091928,161,44,37,0.6110956693857714,False
251,57,1,Тип 1 — медленный широкий,высокая,130.5822559534306,164,120,145,0.720453825949962,False
252,206,3,Тип 3 — быстрый узкий,высокая,82.51924852535427,166,68,64,1.0314906065669285,False
253,207,2,Тип 2 — промежуточный,высокая,93.66529348814132,164,83,86,0.8713050557036401,False
254,160,3,Тип 3 — быстрый узкий,высокая,45.133654767541884,160,48,36,1.0029701059453753,False
255,208,1,Тип 1 — медленный широкий,низкая,3.432455950933298,157,15,14,0.1961403400533313,False
256,209,1,Тип 1 — медленный широкий,высокая,64.48373907536981,164,70,70,0.7369570180042265,False
257,16,3,Тип 3 — быстрый узкий,высокая,191.55748356308752,160,128,152,1.008197281910987,False
258,210,2,Тип 2 — промежуточный,высокая,148.3104239482628,164,115,137,0.8660462712307317,False
259,211,3,Тип 3 — быстрый узкий,высокая,90.77744977822879,166,71,70,1.0374565688940434,False
260,212,1,Тип 1 — медленный широкий,низкая,5.950519901954288,157,21,18,0.2644675511979684,False
261,198,3,Тип 3 — быстрый узкий,высокая,98.00522487393178,166,75,75,1.045389065321939,False
262,213,2,Тип 2 — промежуточный,высокая,60.65777417560313,164,62,58,0.8366589541462501,False
263,214,2,Тип 2 — промежуточный,высокая,54.56885503098035,161,58,53,0.8236808306563073,False
264,215,1,Тип 1 — медленный широкий,высокая,96.522099418275,164,92,106,0.7284686748549057,False
265,127,3,Тип 3 — быстрый узкий,высокая,60.11001151326698,160,56,48,1.0018335252211166,False
266,216,3,Тип 3 — быстрый узкий,высокая,189.5125880721388,160,128,150,1.010733803051407,False
267,49,1,Тип 1 — медленный широкий,высокая,151.1036508937477,164,136,168,0.719541194732132,False
268,217,1,Тип 1 — медленный широкий,низкая,27.05375403892895,157,42,33,0.655848582761914,False
269,11,1,Тип 1 — медленный широкий,низкая,4.300888511822121,157,19,14,0.24576505781840693,False
270,218,1,Тип 1 — медленный широкий,высокая,72.71366299248933,164,76,81,0.7181596344937219,False
271,219,1,Тип 1 — медленный широкий,низкая,10.746674016759693,160,29,21,0.4093971054003693,False
272,220,1,Тип 1 — медленный широкий,низкая,11.08532321551454,155,33,33,0.26873510825489794,False
273,94,2,Тип 2 — промежуточный,высокая,70.9398375296969,164,69,63,0.9008233337104369,False
274,175,1,Тип 1 — медленный широкий,низкая,27.99427883143091,157,43,35,0.6398692304327066,False
275,221,1,Тип 1 — медленный широкий,низкая,15.90928745108307,160,32,26,0.4895165369564022,False
276,222,1,Тип 1 — медленный широкий,низкая,19.602038262476558,157,36,27,0.5808011337030092,False
277,213,2,Тип 2 — промежуточный,высокая,60.65777417560313,164,62,58,0.8366589541462501,False
278,223,1,Тип 1 — медленный широкий,высокая,164.44146280452364,164,146,184,0.7149628817587985,False
279,224,3,Тип 3 — быстрый узкий,высокая,87.67730238037592,166,70,68,1.031497675063246,False
280,225,3,Тип 3 — быстрый узкий,высокая,116.58144284803573,166,86,91,1.0248918052574572,False
281,226,1,Тип 1 — медленный широкий,высокая,186.8196978592468,163,163,209,0.71509932194927,False
282,111,1,Тип 1 — медленный широкий,высокая,131.61005380334282,164,121,145,0.7261244347770639,False
283,227,1,Тип 1 — медленный широкий,высокая,128.52666070850637,164,119,143,0.7190302696979378,False
284,228,3,Тип 3 — быстрый узкий,высокая,85.61366143896942,166,69,65,1.0537066023257775,False
285,229,1,Тип 1 — медленный широкий,высокая,66.53906132571252,164,72,73,0.7291951926105482,False
286,230,1,Тип 1 — медленный широкий,высокая,137.77096452734992,164,126,153,0.7203710563521565,False
287,231,2,Тип 2 — промежуточный,высокая,112.24167349233127,164,93,104,0.8633974884025483,False
288,232,1,Тип 1 — медленный широкий,высокая,125.44054248242084,164,116,139,0.7219599567333573,False
289,233,3,Тип 3 — быстрый узкий,высокая,176.20892331107567,160,119,139,1.0141520766105074,False
290,102,3,Тип 3 — быстрый узкий,высокая,93.87830105236762,166,74,72,1.0430922339151958,False
291,234,2,Тип 2 — промежуточный,высокая,113.27275472567949,164,95,105,0.8630305121956533,False
292,235,3,Тип 3 — быстрый узкий,высокая,148.40403113730397,160,105,114,1.0414317974547647,False
293,236,2,Тип 2 — промежуточный,высокая,149.3352253393489,164,118,140,0.8533441447962795,False
294,237,1,Тип 1 — медленный широкий,низкая,3.1397472717548105,151,9,14,0.17941412981456062,False
295,200,2,Тип 2 — промежуточный,высокая,53.558375141560184,161,56,52,0.823975002177849,False
296,238,1,Тип 1 — медленный широкий,низкая,3.058596405723839,157,5,14,0.17477693746993367,False
297,239,3,Тип 3 — быстрый узкий,высокая,174.14641572413592,160,119,136,1.0243906807302114,False
298,240,2,Тип 2 — промежуточный,высокая,90.56737575210185,164,80,84,0.8625464357343033,False
299,241,2,Тип 2 — промежуточный,высокая,103.98963152708525,164,89,94,0.8850181406560447,False
300,200,2,Тип 2 — промежуточный,высокая,53.558375141560184,161,56,52,0.823975002177849,False
301,242,1,Тип 1 — медленный широкий,высокая,47.13288907750829,161,57,52,0.7251213704232045,False
302,241,2,Тип 2 — промежуточный,высокая,103.98963152708525,164,89,94,0.8850181406560447,False
303,243,1,Тип 1 — медленный широкий,низкая,25.178981162900858,157,40,31,0.6497801590426028,False
304,244,2,Тип 2 — промежуточный,высокая,86.43034964962003,164,76,79,0.8752440470847599,False
305,245,1,Тип 1 — медленный широкий,высокая,63.456212938626976,164,70,69,0.7357242079840809,False
306,58,1,Тип 1 — медленный широкий,низкая,7.2152410877539666,157,29,18,0.3206773816779541,False
307,246,3,Тип 3 — быстрый узкий,высокая,95.94218564464283,166,75,72,1.066024284940476,False
308,240,2,Тип 2 — промежуточный,высокая,90.56737575210185,164,80,84,0.8625464357343033,False
309,247,1,Тип 1 — медленный широкий,низкая,9.174164288154028,160,29,17,0.43172537826607194,False
310,248,1,Тип 1 — медленный широкий,низкая,20.520519483812638,157,36,29,0.5660832961051763,False
311,223,1,Тип 1 — медленный широкий,высокая,164.44146280452364,164,146,184,0.7149628817587985,False
312,249,2,Тип 2 — промежуточный,высокая,78.16083794979805,164,72,71,0.8806854980258936,False
313,250,1,Тип 1 — медленный широкий,высокая,188.85815898077723,163,163,211,0.7160498918702455,False
314,251,3,Тип 3 — быстрый узкий,высокая,68.17062185973276,160,60,54,1.0099351386627076,False
315,252,1,Тип 1 — медленный широкий,низкая,11.901113501533786,155,33,31,0.3071255097170009,False
316,253,3,Тип 3 — быстрый узкий,высокая,54.1027880509509,160,53,40,1.082055761019018,False
317,84,3,Тип 3 — быстрый узкий,высокая,155.60572533322457,160,109,121,1.0287981840213194,False
318,208,1,Тип 1 — медленный широкий,низкая,3.432455950933298,157,15,14,0.1961403400533313,False
319,17,1,Тип 1 — медленный широкий,низкая,5.846769743476025,151,25,27,0.17323762202891924,False
320,254,2,Тип 2 — промежуточный,высокая,187.26831336681258,161,143,175,0.8560837182482861,False
321,221,1,Тип 1 — медленный широкий,низкая,15.90928745108307,160,32,26,0.4895165369564022,False
322,241,2,Тип 2 — промежуточный,высокая,103.98963152708525,164,89,94,0.8850181406560447,False
323,130,3,Тип 3 — быстрый узкий,высокая,39.17010808017771,160,45,32,0.9792527020044428,False
324,171,3,Тип 3 — быстрый узкий,высокая,62.11874720961757,160,58,48,1.0353124534936262,False
325,80,3,Тип 3 — быстрый узкий,высокая,89.74398238482371,166,71,68,1.0558115574685143,False
326,255,1,Тип 1 — медленный широкий,низкая,14.134440669299766,160,32,26,0.4349058667476851,False
327,136,1,Тип 1 — медленный широкий,высокая,183.77351466616764,163,158,206,0.7136835521016219,False
328,129,1,Тип 1 — медленный широкий,высокая,174.6331663003455,164,152,194,0.7201367682488475,False
329,241,2,Тип 2 — промежуточный,высокая,103.98963152708525,164,89,94,0.8850181406560447,False
330,251,3,Тип 3 — быстрый узкий,высокая,68.17062185973276,160,60,54,1.0099351386627076,False
331,256,1,Тип 1 — медленный широкий,высокая,98.5983180213225,164,95,106,0.7441382492175284,False
332,165,2,Тип 2 — промежуточный,высокая,170.82802611172121,161,131,158,0.8649520309454239,False
333,257,2,Тип 2 — промежуточный,высокая,92.6326293423275,164,82,84,0.8822155175459763,False
334,258,2,Тип 2 — промежуточный,высокая,97.79575604403466,164,84,88,0.8890523276730424,False
335,259,1,Тип 1 — медленный широкий,высокая,141.87284410045982,164,129,158,0.718343514432708,False
336,260,1,Тип 1 — медленный широкий,высокая,73.74371737586564,164,77,82,0.7194509012279575,False
337,261,3,Тип 3 — быстрый узкий,высокая,196.65672618306587,160,132,154,1.0215933827691734,False
338,14,1,Тип 1 — медленный широкий,низкая,22.31482288824742,161,40,31,0.5758663971160625,False
339,262,2,Тип 2 — промежуточный,высокая,183.1864611917974,161,138,169,0.867154845878331,False
340,263,1,Тип 1 — медленный широкий,низкая,5.243768960851287,151,23,25,0.16780060674724118,False
341,264,1,Тип 1 — медленный широкий,низкая,4.111300308865549,151,21,21,0.156620964147259,False
342,265,3,Тип 3 — быстрый узкий,высокая,79.42532454537745,166,67,62,1.024842897359709,False
343,266,2,Тип 2 — промежуточный,высокая,153.43036497207413,164,120,143,0.8583516921514638,False
344,204,2,Тип 2 — промежуточный,высокая,44.47629580349733,161,52,41,0.8678301620194601,False
345,267,1,Тип 1 — медленный широкий,низкая,2.7252244847719456,157,3,7,0.31145422683107954,False
346,25,1,Тип 1 — медленный широкий,высокая,168.521799039909,164,148,187,0.7209488728980065,False
347,268,1,Тип 1 — медленный широкий,высокая,34.63779685797781,157,46,38,0.7292167759574276,False
348,269,3,Тип 3 — быстрый узкий,высокая,164.8605237498769,160,113,129,1.0223908449604768,False
349,156,1,Тип 1 — медленный широкий,высокая,138.7973693372071,164,128,155,0.7163735191597786,False
350,270,2,Тип 2 — промежуточный,высокая,135.96609638235606,164,108,124,0.8772006218216519,False
351,271,2,Тип 2 — промежуточный,высокая,166.72939941280575,161,128,154,0.8661267501963935,False
352,44,2,Тип 2 — промежуточный,высокая,43.4721387791423,161,52,40,0.869442775582846,False
353,272,1,Тип 1 — медленный широкий,высокая,31.786857228179514,157,45,35,0.7265567366441031,False
354,167,2,Тип 2 — промежуточный,высокая,138.0194522504365,164,111,127,0.8694138724436946,False
355,24,2,Тип 2 — промежуточный,высокая,59.64063368389887,161,60,55,0.8675001263112563,False
356,9,2,Тип 2 — промежуточный,высокая,157.5223015083712,164,123,147,0.8572642258958978,False
357,77,1,Тип 1 — медленный широкий,низкая,2.703350790206454,151,3,14,0.15447718801179738,False
358,273,1,Тип 1 — медленный широкий,высокая,80.9632900882941,164,82,87,0.7444900238004056,False
359,266,2,Тип 2 — промежуточный,высокая,153.43036497207413,164,120,143,0.8583516921514638,False
360,274,1,Тип 1 — медленный широкий,высокая,88.20708267969752,164,87,96,0.7350590223308128,False
361,144,3,Тип 3 — быстрый узкий,высокая,172.08227191025495,160,118,135,1.0197467965052147,False
362,275,1,Тип 1 — медленный широкий,высокая,172.5971308580513,164,152,192,0.719154711908547,False
363,162,1,Тип 1 — медленный широкий,высокая,117.20268860688785,164,111,129,0.7268383789574441,False
364,276,2,Тип 2 — промежуточный,высокая,167.75405603848304,161,129,157,0.8547977377757099,False
365,50,1,Тип 1 — медленный широкий,высокая,192.91836940067464,163,167,216,0.714512479261758,False
366,277,1,Тип 1 — медленный широкий,высокая,124.4114538503392,164,115,136,0.7318320814725835,False
367,278,2,Тип 2 — промежуточный,высокая,51.53624466584389,161,56,49,0.8414080761770432,False
368,202,3,Тип 3 — быстрый узкий,высокая,154.5780123092776,160,108,119,1.039179914684219,False
369,16,3,Тип 3 — быстрый узкий,высокая,191.55748356308752,160,128,152,1.008197281910987,False
370,148,3,Тип 3 — быстрый узкий,высокая,156.6334380217536,160,109,121,1.0355929786562221,False
371,18,1,Тип 1 — медленный широкий,высокая,97.5622378756908,164,95,106,0.736318776420308,False
372,279,1,Тип 1 — медленный широкий,высокая,32.23319671182237,161,47,37,0.6969339829583217,False
373,280,3,Тип 3 — быстрый узкий,высокая,106.27223120762964,166,80,81,1.0496022835321446,False
374,281,1,Тип 1 — медленный широкий,высокая,95.4819573325756,164,92,104,0.7344765948659663,False
375,2,0,Выброс,не применяется,1.960419751022364,135,2,1,1.5683358008178914,True
376,237,1,Тип 1 — медленный широкий,низкая,3.1397472717548105,151,9,14,0.17941412981456062,False
377,83,3,Тип 3 — быстрый узкий,высокая,185.42780414396887,160,125,144,1.0301544674664938,False
378,282,1,Тип 1 — медленный широкий,низкая,17.773289156233833,157,35,31,0.45866552661248605,False
379,283,3,Тип 3 — быстрый узкий,высокая,100.06842649468375,166,76,77,1.0396719635811298,False
380,36,2,Тип 2 — промежуточный,высокая,175.97300257447884,161,134,162,0.8690024818492782,False
381,256,1,Тип 1 — медленный широкий,высокая,98.5983180213225,164,95,106,0.7441382492175284,False
382,284,1,Тип 1 — медленный широкий,низкая,12.730358847979556,155,34,24,0.4243452949326519,False
383,186,1,Тип 1 — медленный широкий,высокая,109.98513347447268,164,105,120,0.7332342231631512,False
384,285,2,Тип 2 — промежуточный,высокая,99.86066068251684,164,86,90,0.8876503171779275,False
385,286,2,Тип 2 — промежуточный,высокая,188.28666068149488,161,144,175,0.8607390202582623,False
386,287,1,Тип 1 — медленный широкий,высокая,121.32367927221078,164,114,135,0.7189551364279158,False
387,115,2,Тип 2 — промежуточный,высокая,65.79446331639436,164,65,62,0.8489608169857337,False
388,2,0,Выброс,не применяется,1.960419751022364,135,2,1,1.5683358008178914,True
389,139,3,Тип 3 — быстрый узкий,высокая,105.23782844813343,166,80,81,1.0393859599815647,False
390,288,1,Тип 1 — медленный широкий,низкая,17.74093386968938,160,32,28,0.506883824848268,False
391,289,2,Тип 2 — промежуточный,высокая,171.85268284869505,161,132,159,0.8646675866601009,False
392,277,1,Тип 1 — медленный широкий,высокая,124.4114538503392,164,115,136,0.7318320814725835,False
393,69,2,Тип 2 — промежуточный,высокая,158.5448217896913,164,123,147,0.862828962120769,False
394,290,3,Тип 3 — быстрый узкий,высокая,50.108303095275176,160,51,41,0.9777229872248815,False
395,280,3,Тип 3 — быстрый узкий,высокая,106.27223120762964,166,80,81,1.0496022835321446,False
396,291,0,Выброс,не применяется,2.4532116321078687,141,3,23,0.08532910024723023,True
397,41,3,Тип 3 — быстрый узкий,высокая,163.8271559948141,160,113,128,1.0239197249675882,False
398,241,2,Тип 2 — промежуточный,высокая,103.98963152708525,164,89,94,0.8850181406560447,False
399,292,2,Тип 2 — промежуточный,высокая,168.7787127015887,161,129,157,0.8600189182246558,False
400,293,1,Тип 1 — медленный широкий,низкая,7.891494538483159,157,29,18,0.3507330905992515,False
401,294,1,Тип 1 — медленный широкий,низкая,7.925760487146572,155,29,29,0.21864166861093992,False
402,225,3,Тип 3 — быстрый узкий,высокая,116.58144284803573,166,86,91,1.0248918052574572,False
403,140,1,Тип 1 — медленный широкий,низкая,6.567783531294809,157,25,18,0.2919014902797693,False
404,7,2,Тип 2 — промежуточный,высокая,58.62629131400764,161,60,55,0.8527460554764748,False
405,295,1,Тип 1 — медленный широкий,низкая,23.425219590468963,160,36,31,0.60452179588307,False
406,296,1,Тип 1 — медленный широкий,низкая,13.581391359676406,155,36,24,0.4527130453225469,False
407,297,3,Тип 3 — быстрый узкий,высокая,112.46143664801393,166,83,89,1.010889318184395,False
408,247,1,Тип 1 — медленный широкий,низкая,9.174164288154028,160,29,17,0.43172537826607194,False
409,298,2,Тип 2 — промежуточный,высокая,88.49975101004696,164,80,82,0.863412204976068,False
410,299,2,Тип 2 — промежуточный,высокая,159.56734218572208,164,123,148,0.8625261739768761,False
411,300,3,Тип 3 — быстрый узкий,высокая,141.23561541831617,166,100,109,1.036591672794981,False
412,143,2,Тип 2 — промежуточный,высокая,67.85058743552925,164,66,62,0.8754914507810226,False
413,301,1,Тип 1 — медленный широкий,высокая,184.7894957764388,163,160,206,0.7176291098114128,False
414,74,1,Тип 1 — медленный широкий,низкая,29.25315298489843,161,45,38,0.6158558523136513,False
415,302,3,Тип 3 — быстрый узкий,высокая,167.95916902914743,160,114,131,1.0257048490329614,False
416,202,3,Тип 3 — быстрый узкий,высокая,154.5780123092776,160,108,119,1.039179914684219,False
417,79,1,Тип 1 — медленный широкий,высокая,59.35139619938545,164,67,65,0.7304787224539748,False
418,303,3,Тип 3 — быстрый узкий,высокая,122.7555896413525,166,88,97,1.0124172341554845,False
419,304,2,Тип 2 — промежуточный,высокая,147.28536191240258,164,115,135,0.8728021446660894,False
420,305,3,Тип 3 — быстрый узкий,высокая,187.46962197876726,160,126,147,1.0202428407007742,False
421,306,3,Тип 3 — быстрый узкий,высокая,147.37384234106162,160,103,114,1.0342024023934149,False
422,307,2,Тип 2 — промежуточный,высокая,69.91003365233992,164,68,63,0.8877464590773324,False
423,251,3,Тип 3 — быстрый узкий,высокая,68.17062185973276,160,60,54,1.0099351386627076,False
424,54,2,Тип 2 — промежуточный,высокая,189.30500799000592,161,144,177,0.8556158553220607,False
425,113,3,Тип 3 — быстрый узкий,высокая,110.39983869639039,166,82,86,1.0269752436873525,False
426,308,3,Тип 3 — быстрый узкий,высокая,48.12041974526425,160,49,40,0.9624083949052851,False
427,309,2,Тип 2 — промежуточный,высокая,165.7037777885335,161,127,153,0.8664249819008288,False
428,11,1,Тип 1 — медленный широкий,низкая,4.300888511822121,157,19,14,0.24576505781840693,False
429,87,2,Тип 2 — промежуточный,высокая,169.80336939464996,161,130,158,0.8597638956691138,False
430,158,2,Тип 2 — промежуточный,высокая,125.6847386340568,164,102,117,0.859382828267055,False
431,71,2,Тип 2 — промежуточный,высокая,72.9996587486652,164,69,66,0.8848443484686691,False
432,163,2,Тип 2 — промежуточный,высокая,37.18864267064049,160,44,33,0.9015428526215876,False
433,310,1,Тип 1 — медленный широкий,высокая,185.80521293288987,163,162,209,0.7112161260589086,False
434,311,3,Тип 3 — быстрый узкий,высокая,152.52024676113524,160,107,118,1.0340355712619338,False
435,75,3,Тип 3 — быстрый узкий,высокая,76.3324648706218,166,65,62,0.9849350305886685,False
436,312,1,Тип 1 — медленный широкий,низкая,26.33647203106727,160,37,27,0.7803399120316229,False
437,80,3,Тип 3 — быстрый узкий,высокая,89.74398238482371,166,71,68,1.0558115574685143,False
438,313,1,Тип 1 — медленный широкий,высокая,152.13108076926238,164,136,169,0.7201471279018339,False
439,314,2,Тип 2 — промежуточный,высокая,111.21058900500259,164,93,101,0.8808759525148719,False
440,315,1,Тип 1 — медленный широкий,высокая,158.290268268321,164,141,176,0.7195012194014591,False
441,316,2,Тип 2 — промежуточный,высокая,117.40266240163496,164,96,108,0.869649351123222,False
442,298,2,Тип 2 — промежуточный,высокая,88.49975101004696,164,80,82,0.863412204976068,False
443,317,1,Тип 1 — медленный широкий,низкая,23.300583098488943,157,40,31,0.6013053702835857,False
444,318,3,Тип 3 — быстрый узкий,высокая,108.33831302157677,166,81,85,1.0196547107913108,False
445,203,2,Тип 2 — промежуточный,высокая,191.33969865641936,161,144,179,0.8551494912018743,False
446,319,3,Тип 3 — быстрый узкий,высокая,51.10818125621146,160,51,41,0.997232804999248,False
447,320,2,Тип 2 — промежуточный,высокая,33.22191402711881,160,41,31,0.8573397168288724,False
448,321,1,Тип 1 — медленный широкий,высокая,157.26139736205684,164,141,176,0.7148245334638947,False
449,318,3,Тип 3 — быстрый узкий,высокая,108.33831302157677,166,81,85,1.0196547107913108,False
450,166,3,Тип 3 — быстрый узкий,высокая,139.18824245045616,166,99,109,1.021565082205183,False
451,322,2,Тип 2 — промежуточный,высокая,190.32268275576735,161,144,178,0.8553828438461455,False
452,305,3,Тип 3 — быстрый узкий,высокая,187.46962197876726,160,126,147,1.0202428407007742,False
453,209,1,Тип 1 — медленный широкий,высокая,64.48373907536981,164,70,70,0.7369570180042265,False
454,70,3,Тип 3 — быстрый узкий,высокая,143.28211739503664,166,102,111,1.0326639091534173,False
455,323,3,Тип 3 — быстрый узкий,высокая,183.38121818351757,160,125,145,1.0117584451504418,False
456,324,3,Тип 3 — быстрый узкий,высокая,162.79615235391114,160,113,127,1.025487573882905,False
457,325,1,Тип 1 — медленный широкий,низкая,15.472955468524184,161,36,25,0.4951345749927739,False
458,90,2,Тип 2 — промежуточный,высокая,41.465155774366025,161,50,39,0.8505672979357133,False
459,326,1,Тип 1 — медленный широкий,высокая,153.15710601522485,164,136,171,0.7165244725858473,False
460,158,2,Тип 2 — промежуточный,высокая,125.6847386340568,164,102,117,0.859382828267055,False
461,327,1,Тип 1 — медленный широкий,высокая,150.07547799620122,164,135,168,0.7146451333152439,False
462,328,1,Тип 1 — медленный широкий,низкая,15.016962708384776,160,32,26,0.46206039102722396,False
463,329,2,Тип 2 — промежуточный,высокая,108.11723915966309,164,92,100,0.8649379132773047,False
464,82,2,Тип 2 — промежуточный,высокая,160.58986268941894,164,125,147,0.873958436405001,False
465,330,2,Тип 2 — промежуточный,высокая,85.39571426505525,164,76,79,0.8647667267347366,False
466,239,3,Тип 3 — быстрый узкий,высокая,174.14641572413592,160,119,136,1.0243906807302114,False
467,258,2,Тип 2 — промежуточный,высокая,97.79575604403466,164,84,88,0.8890523276730424,False
468,229,1,Тип 1 — медленный широкий,высокая,66.53906132571252,164,72,73,0.7291951926105482,False
469,331,1,Тип 1 — медленный широкий,высокая,145.97126046647406,164,131,162,0.7208457306986373,False
470,332,3,Тип 3 — быстрый узкий,высокая,146.34842019708375,166,103,114,1.0270064575233948,False
471,333,1,Тип 1 — медленный широкий,высокая,108.95309388904909,164,104,120,0.7263539592603273,False
472,334,1,Тип 1 — медленный широкий,низкая,8.61461203365348,157,29,18,0.38287164594015466,False
473,191,3,Тип 3 — быстрый узкий,высокая,179.28383394297742,160,121,142,1.0100497686928307,False
474,160,3,Тип 3 — быстрый узкий,высокая,45.133654767541884,160,48,36,1.0029701059453753,False
475,149,1,Тип 1 — медленный широкий,высокая,107.9210532999669,164,104,119,0.7255196860501977,False
476,335,1,Тип 1 — медленный широкий,высокая,105.85146531914287,164,101,115,0.7363580196114288,False
477,162,1,Тип 1 — медленный широкий,высокая,117.20268860688785,164,111,129,0.7268383789574441,False
478,336,3,Тип 3 — быстрый узкий,высокая,84.58209269806598,166,69,65,1.0410103716685044,False
479,84,3,Тип 3 — быстрый узкий,высокая,155.60572533322457,160,109,121,1.0287981840213194,False
480,337,1,Тип 1 — медленный широкий,высокая,166.48175589410405,164,147,187,0.71222141558975,False
481,338,1,Тип 1 — медленный широкий,высокая,179.71333709424977,164,156,199,0.7224656767608032,False
482,218,1,Тип 1 — медленный широкий,высокая,72.71366299248933,164,76,81,0.7181596344937219,False
483,283,3,Тип 3 — быстрый узкий,высокая,100.06842649468375,166,76,77,1.0396719635811298,False
484,20,1,Тип 1 — медленный широкий,высокая,134.69175059218284,164,125,150,0.7183560031583085,False
485,168,1,Тип 1 — медленный широкий,высокая,169.54063199910289,164,149,189,0.7176323047581076,False
486,289,2,Тип 2 — промежуточный,высокая,171.85268284869505,161,132,159,0.8646675866601009,False
487,339,1,Тип 1 — медленный широкий,высокая,162.40098236602495,164,144,181,0.7177943971979004,False
488,340,1,Тип 1 — медленный широкий,высокая,113.0789430353976,164,107,123,0.7354728002302284,False
489,341,1,Тип 1 — медленный широкий,низкая,8.416700092761749,160,29,18,0.3740755596783,False
490,342,1,Тип 1 — медленный широкий,высокая,30.248561643753572,161,47,36,0.6721902587500794,False
491,145,3,Тип 3 — быстрый узкий,высокая,165.89389153901655,160,114,130,1.020885486393948,False
492,343,3,Тип 3 — быстрый узкий,высокая,193.6017490147842,160,129,151,1.025704630541903,False
493,100,3,Тип 3 — быстрый узкий,высокая,124.81246607539046,166,91,98,1.0188772740848202,False
494,126,1,Тип 1 — медленный широкий,низкая,21.440568062058524,157,36,29,0.5914639465395456,False
495,313,1,Тип 1 — медленный широкий,высокая,152.13108076926238,164,136,169,0.7201471279018339,False
496,306,3,Тип 3 — быстрый узкий,высокая,147.37384234106162,160,103,114,1.0342024023934149,False
497,344,1,Тип 1 — медленный широкий,низкая,14.241797975429929,157,32,30,0.37978127934479816,False
498,121,2,Тип 2 — промежуточный,высокая,174.94121126149878,161,134,162,0.8639072161061668,False
499,345,3,Тип 3 — быстрый узкий,высокая,77.36328561055086,166,66,62,0.9982359433619467,False
500,346,3,Тип 3 — быстрый узкий,высокая,168.98962523236113,160,116,133,1.0164789487660821,False
501,347,2,Тип 2 — промежуточный,высокая,162.63260333111873,164,126,151,0.8616296865224833,False
502,96,1,Тип 1 — медленный широкий,низкая,20.342862175689024,161,38,28,0.5812246335911151,False
503,348,2,Тип 2 — промежуточный,высокая,136.99317513689638,164,109,126,0.86979793737712,False
504,125,1,Тип 1 — медленный широкий,высокая,60.37819969427708,164,67,66,0.7318569659912374,False
505,344,1,Тип 1 — медленный широкий,низкая,14.241797975429929,157,32,30,0.37978127934479816,False
506,251,3,Тип 3 — быстрый узкий,высокая,68.17062185973276,160,60,54,1.0099351386627076,False
507,299,2,Тип 2 — промежуточный,высокая,159.56734218572208,164,123,148,0.8625261739768761,False
508,188,2,Тип 2 — промежуточный,высокая,109.14841073828256,164,93,101,0.8645418672339213,False
509,98,2,Тип 2 — промежуточный,высокая,172.87672926740026,161,133,159,0.8698200214711963,False
510,211,3,Тип 3 — быстрый узкий,высокая,90.77744977822879,166,71,70,1.0374565688940434,False
511,333,1,Тип 1 — медленный широкий,высокая,108.95309388904909,164,104,120,0.7263539592603273,False
512,349,2,Тип 2 — промежуточный,высокая,36.1991162516392,160,43,33,0.8775543333730714,False
513,47,1,Тип 1 — медленный широкий,высокая,100.67068026113056,164,97,110,0.7321504018991313,False
514,250,1,Тип 1 — медленный широкий,высокая,188.85815898077723,163,163,211,0.7160498918702455,False
515,350,3,Тип 3 — быстрый узкий,высокая,75.30161551795237,166,63,60,1.004021540239365,False
516,351,2,Тип 2 — промежуточный,высокая,144.19094949028315,164,114,132,0.8738845423653524,False
517,334,1,Тип 1 — медленный широкий,низкая,8.61461203365348,157,29,18,0.38287164594015466,False
518,190,1,Тип 1 — медленный широкий,высокая,30.841396528201837,157,45,34,0.7256799183106315,False
519,311,3,Тип 3 — быстрый узкий,высокая,152.52024676113524,160,107,118,1.0340355712619338,False
520,225,3,Тип 3 — быстрый узкий,высокая,116.58144284803573,166,86,91,1.0248918052574572,False
521,352,2,Тип 2 — промежуточный,высокая,87.46502835261573,164,79,81,0.8638521318776863,False
522,353,1,Тип 1 — медленный широкий,низкая,29.280061096534595,160,40,30,0.7808016292409226,False
523,354,2,Тип 2 — промежуточный,высокая,146.2568186051299,164,115,135,0.8667070732155846,False
524,103,3,Тип 3 — быстрый узкий,высокая,83.55063533642381,166,68,65,1.0283155118329084,False
525,13,3,Тип 3 — быстрый узкий,высокая,145.3263213257126,166,102,113,1.0288589120404432,False
526,214,2,Тип 2 — промежуточный,высокая,54.56885503098035,161,58,53,0.8236808306563073,False
527,355,1,Тип 1 — медленный широкий,высокая,116.17244089677851,164,111,128,0.7260777556048658,False
528,356,2,Тип 2 — промежуточный,высокая,129.8011432658217,164,104,119,0.8726127278374569,False
529,111,1,Тип 1 — медленный широкий,высокая,131.61005380334282,164,121,145,0.7261244347770639,False
530,218,1,Тип 1 — медленный широкий,высокая,72.71366299248933,164,76,81,0.7181596344937219,False
531,279,1,Тип 1 — медленный широкий,высокая,32.23319671182237,161,47,37,0.6969339829583217,False
532,262,2,Тип 2 — промежуточный,высокая,183.1864611917974,161,138,169,0.867154845878331,False
533,357,3,Тип 3 — быстрый узкий,высокая,59.10823405217551,160,55,45,1.0508130498164536,False
534,358,3,Тип 3 — быстрый узкий,высокая,133.04022944079728,166,95,104,1.0233863803138252,False
535,214,2,Тип 2 — промежуточный,высокая,54.56885503098035,161,58,53,0.8236808306563073,False
536,359,1,Тип 1 — медленный широкий,низкая,25.364988332037736,160,37,27,0.7515552098381553,False
537,360,1,Тип 1 — медленный широкий,высокая,104.81534398286101,164,101,112,0.7486810284490072,False
538,128,2,Тип 2 — промежуточный,высокая,30.266075421143398,160,41,30,0.8070953445638239,False
539,45,3,Тип 3 — быстрый узкий,высокая,57.10344054553571,160,53,45,1.0151722763650795,False
540,97,3,Тип 3 — быстрый узкий,высокая,130.98956559324444,166,94,102,1.0273691419077995,False
541,361,1,Тип 1 — медленный широкий,высокая,165.46160935219984,164,147,185,0.7155096620635668,False
542,268,1,Тип 1 — медленный широкий,высокая,34.63779685797781,157,46,38,0.7292167759574276,False
543,28,1,Тип 1 — медленный широкий,низкая,24.240068136530592,157,40,31,0.625550145458854,False
544,177,3,Тип 3 — быстрый узкий,высокая,102.13481576492747,166,76,79,1.0342766153410377,False
545,232,1,Тип 1 — медленный широкий,высокая,125.44054248242084,164,116,139,0.7219599567333573,False
546,362,2,Тип 2 — промежуточный,высокая,152.40657983757575,164,119,141,0.8647181834756071,False
547,338,1,Тип 1 — медленный широкий,высокая,179.71333709424977,164,156,199,0.7224656767608032,False
548,316,2,Тип 2 — промежуточный,высокая,117.40266240163496,164,96,108,0.869649351123222,False
549,363,3,Тип 3 — быстрый узкий,высокая,72.22263078648464,160,62,58,0.9961742177446158,False
550,117,1,Тип 1 — медленный широкий,высокая,68.59471113038528,164,72,74,0.7415644446528138,False
551,30,3,Тип 3 — быстрый узкий,высокая,119.67028318582142,166,88,93,1.0294217908457757,False
552,37,3,Тип 3 — быстрый узкий,высокая,195.63913190096895,160,130,153,1.0229497092861124,False
553,118,2,Тип 2 — промежуточный,высокая,94.69797639221322,164,83,87,0.870785989813455,False
554,6,1,Тип 1 — медленный широкий,высокая,46.13166860909622,161,57,52,0.7097179786014802,False
555,313,1,Тип 1 — медленный широкий,высокая,152.13108076926238,164,136,169,0.7201471279018339,False
556,332,3,Тип 3 — быстрый узкий,высокая,146.34842019708375,166,103,114,1.0270064575233948,False
557,256,1,Тип 1 — медленный широкий,высокая,98.5983180213225,164,95,106,0.7441382492175284,False
558,83,3,Тип 3 — быстрый узкий,высокая,185.42780414396887,160,125,144,1.0301544674664938,False
559,53,1,Тип 1 — медленный широкий,высокая,112.0476994608148,164,105,123,0.728765524948389,False
560,53,1,Тип 1 — медленный широкий,высокая,112.0476994608148,164,105,123,0.728765524948389,False
561,281,1,Тип 1 — медленный широкий,высокая,95.4819573325756,164,92,104,0.7344765948659663,False
562,364,1,Тип 1 — медленный широкий,высокая,56.27521935010875,164,64,61,0.7380356636079837,False
563,365,2,Тип 2 — промежуточный,высокая,155.4772613505424,164,121,144,0.8637625630585689,False
564,145,3,Тип 3 — быстрый узкий,высокая,165.89389153901655,160,114,130,1.020885486393948,False
565,56,1,Тип 1 — медленный широкий,высокая,142.89778052792508,164,129,160,0.7144889026396254,False
566,32,2,Тип 2 — промежуточный,высокая,139.04506462467992,164,111,128,0.8690316539042495,False
567,366,1,Тип 1 — медленный широкий,высокая,149.04711454914354,164,133,167,0.7139981535288314,False
568,257,2,Тип 2 — промежуточный,высокая,92.6326293423275,164,82,84,0.8822155175459763,False
569,91,2,Тип 2 — промежуточный,высокая,124.65169720199064,164,102,116,0.8596668772551079,False
570,130,3,Тип 3 — быстрый узкий,высокая,39.17010808017771,160,45,32,0.9792527020044428,False
571,367,1,Тип 1 — медленный широкий,низкая,27.2744148405028,161,44,35,0.6234151963543497,False
572,221,1,Тип 1 — медленный широкий,низкая,15.90928745108307,160,32,26,0.4895165369564022,False
573,109,1,Тип 1 — медленный широкий,низкая,18.686075333227038,157,36,27,0.5536614913548752,False
574,368,1,Тип 1 — медленный широкий,высокая,119.26318385938684,164,112,130,0.7339272852885345,False
575,20,1,Тип 1 — медленный широкий,высокая,134.69175059218284,164,125,150,0.7183560031583085,False
576,236,2,Тип 2 — промежуточный,высокая,149.3352253393489,164,118,140,0.8533441447962795,False
577,369,1,Тип 1 — медленный широкий,высокая,89.24419233673324,164,88,98,0.7285240190753735,False
578,77,1,Тип 1 — медленный широкий,низкая,2.703350790206454,151,3,14,0.15447718801179738,False
579,205,3,Тип 3 — быстрый узкий,высокая,96.97369963130497,166,75,74,1.0483643203384323,False
580,370,3,Тип 3 — быстрый узкий,высокая,73.23975069336593,166,62,59,0.9930813653337754,False
581,239,3,Тип 3 — быстрый узкий,высокая,174.14641572413592,160,119,136,1.0243906807302114,False
582,174,1,Тип 1 — медленный широкий,низкая,14.520553589672321,161,36,24,0.4840184529890774,False
583,133,1,Тип 1 — медленный широкий,высокая,170.55946495487356,164,149,189,0.7219448252058142,False
584,161,1,Тип 1 — медленный широкий,высокая,92.36159161834775,164,91,101,0.7315769633136456,False
585,70,3,Тип 3 — быстрый узкий,высокая,143.28211739503664,166,102,111,1.0326639091534173,False
586,23,3,Тип 3 — быстрый узкий,высокая,159.71657465483372,160,109,124,1.030429513902153,False
587,340,1,Тип 1 — медленный широкий,высокая,113.0789430353976,164,107,123,0.7354728002302284,False
588,371,1,Тип 1 — медленный широкий,высокая,126.46963127780118,164,116,140,0.7226836073017211,False
589,372,1,Тип 1 — медленный широкий,низкая,18.373309010536495,161,38,28,0.5249516860153285,False
590,260,1,Тип 1 — медленный широкий,высокая,73.74371737586564,164,77,82,0.7194509012279575,False
591,373,1,Тип 1 — медленный широкий,высокая,81.99677159991116,164,83,89,0.7370496323587521,False
592,143,2,Тип 2 — промежуточный,высокая,67.85058743552925,164,66,62,0.8754914507810226,False
593,374,2,Тип 2 — промежуточный,высокая,35.20811224103583,160,42,33,0.8535299937220807,False
594,210,2,Тип 2 — промежуточный,высокая,148.3104239482628,164,115,137,0.8660462712307317,False
595,375,1,Тип 1 — медленный широкий,высокая,180.72810070150794,164,156,202,0.7157548542633978,False
596,196,1,Тип 1 — медленный широкий,низкая,11.558621633835386,160,29,21,0.440328443193729,False
597,142,1,Тип 1 — медленный широкий,высокая,122.35327709594253,164,115,136,0.7197251593878973,False
598,376,1,Тип 1 — медленный широкий,высокая,99.63450071991619,164,97,108,0.7380333386660459,False
599,186,1,Тип 1 — медленный широкий,высокая,109.98513347447268,164,105,120,0.7332342231631512,False
600,377,2,Тип 2 — промежуточный,высокая,120.50163702222038,164,99,112,0.8607259787301456,False
601,58,1,Тип 1 — медленный широкий,низкая,7.2152410877539666,157,29,18,0.3206773816779541,False
602,17,1,Тип 1 — медленный широкий,низкая,5.846769743476025,151,25,27,0.17323762202891924,False
603,378,1,Тип 1 — медленный широкий,высокая,35.59151306013435,157,48,38,0.7492950117923022,False
604,263,1,Тип 1 — медленный широкий,низкая,5.243768960851287,151,23,25,0.16780060674724118,False
605,312,1,Тип 1 — медленный широкий,низкая,26.33647203106727,160,37,27,0.7803399120316229,False
606,204,2,Тип 2 — промежуточный,высокая,44.47629580349733,161,52,41,0.8678301620194601,False
607,379,3,Тип 3 — быстрый узкий,высокая,94.91025506587835,166,75,72,1.0545583896208706,False
608,4,3,Тип 3 — быстрый узкий,высокая,125.84012150811344,166,92,97,1.0378566722318636,False
609,71,2,Тип 2 — промежуточный,высокая,72.9996587486652,164,69,66,0.8848443484686691,False
610,380,1,Тип 1 — медленный широкий,высокая,62.430598821363674,164,68,69,0.7238330298129122,False
611,143,2,Тип 2 — промежуточный,высокая,67.85058743552925,164,66,62,0.8754914507810226,False
612,358,3,Тип 3 — быстрый узкий,высокая,133.04022944079728,166,95,104,1.0233863803138252,False
613,121,2,Тип 2 — промежуточный,высокая,174.94121126149878,161,134,162,0.8639072161061668,False
614,381,3,Тип 3 — быстрый узкий,высокая,67.15619324751142,160,60,53,1.0136783886416818,False
615,172,1,Тип 1 — медленный широкий,высокая,160.35533706979433,164,142,179,0.7166718975186338,False
616,382,1,Тип 1 — медленный широкий,высокая,93.40166066017105,164,92,104,0.7184743127705465,False
617,15,1,Тип 1 — медленный широкий,высокая,40.158718254225185,161,52,43,0.7471389442646547,False
618,383,1,Тип 1 — медленный широкий,высокая,33.68219066006812,157,46,37,0.7282635818393107,False
619,384,1,Тип 1 — медленный широкий,высокая,103.77920123692091,164,100,112,0.7412800088351494,False
620,34,2,Тип 2 — промежуточный,высокая,163.6538882367355,164,126,151,0.8670404674793935,False
621,233,3,Тип 3 — быстрый узкий,высокая,176.20892331107567,160,119,139,1.0141520766105074,False
622,143,2,Тип 2 — промежуточный,высокая,67.85058743552925,164,66,62,0.8754914507810226,False
623,385,1,Тип 1 — медленный широкий,низкая,12.403807843199306,160,29,21,0.47252601307425934,False
624,12,2,Тип 2 — промежуточный,высокая,161.61131852087465,164,125,150,0.8619270321113315,False
625,256,1,Тип 1 — медленный широкий,высокая,98.5983180213225,164,95,106,0.7441382492175284,False
626,3,2,Тип 2 — промежуточный,высокая,182.16404320869864,161,138,169,0.8623149974376269,False
627,226,1,Тип 1 — медленный широкий,высокая,186.8196978592468,163,163,209,0.71509932194927,False
628,123,1,Тип 1 — медленный широкий,высокая,58.32468716056789,164,67,65,0.7178423035146818,False
629,80,3,Тип 3 — быстрый узкий,высокая,89.74398238482371,166,71,68,1.0558115574685143,False
630,386,1,Тип 1 — медленный широкий,высокая,79.93145854054482,164,82,87,0.7350019176142053,False
631,387,1,Тип 1 — медленный широкий,высокая,49.13470134563658,161,59,55,0.7146865650274412,False
632,276,2,Тип 2 — промежуточный,высокая,167.75405603848304,161,129,157,0.8547977377757099,False
633,161,1,Тип 1 — медленный широкий,высокая,92.36159161834775,164,91,101,0.7315769633136456,False
634,251,3,Тип 3 — быстрый узкий,высокая,68.17062185973276,160,60,54,1.0099351386627076,False
635,209,1,Тип 1 — медленный широкий,высокая,64.48373907536981,164,70,70,0.7369570180042265,False
636,342,1,Тип 1 — медленный широкий,высокая,30.248561643753572,161,47,36,0.6721902587500794,False
637,68,3,Тип 3 — быстрый узкий,высокая,114.52205058227008,166,86,90,1.0179737829535118,False
638,130,3,Тип 3 — быстрый узкий,высокая,39.17010808017771,160,45,32,0.9792527020044428,False
639,276,2,Тип 2 — промежуточный,высокая,167.75405603848304,161,129,157,0.8547977377757099,False
640,182,1,Тип 1 — медленный широкий,высокая,32.730549319060884,157,46,36,0.7273455404235752,False
641,261,3,Тип 3 — быстрый узкий,высокая,196.65672618306587,160,132,154,1.0215933827691734,False
642,334,1,Тип 1 — медленный широкий,низкая,8.61461203365348,157,29,18,0.38287164594015466,False
643,355,1,Тип 1 — медленный широкий,высокая,116.17244089677851,164,111,128,0.7260777556048658,False
644,388,1,Тип 1 — медленный широкий,низкая,22.457954391411043,160,36,29,0.6195297763147875,False
645,70,3,Тип 3 — быстрый узкий,высокая,143.28211739503664,166,102,111,1.0326639091534173,False
646,53,1,Тип 1 — медленный широкий,высокая,112.0476994608148,164,105,123,0.728765524948389,False
647,389,2,Тип 2 — промежуточный,высокая,55.579015112178666,161,58,51,0.8718276880341753,False
648,87,2,Тип 2 — промежуточный,высокая,169.80336939464996,161,130,158,0.8597638956691138,False
649,390,1,Тип 1 — медленный широкий,высокая,144.94765347415162,164,130,161,0.7202367874492006,False
650,391,2,Тип 2 — промежуточный,высокая,134.9390171843394,164,108,124,0.870574304415093,False
651,316,2,Тип 2 — промежуточный,высокая,117.40266240163496,164,96,108,0.869649351123222,False
652,154,2,Тип 2 — промежуточный,высокая,56.594733508362104,161,58,54,0.8384404964201794,False
653,248,1,Тип 1 — медленный широкий,низкая,20.520519483812638,157,36,29,0.5660832961051763,False
654,175,1,Тип 1 — медленный широкий,низкая,27.99427883143091,157,43,35,0.6398692304327066,False
655,137,3,Тип 3 — быстрый узкий,высокая,188.4905310082839,160,127,147,1.0257988082083478,False
656,392,1,Тип 1 — медленный широкий,низкая,17.39638305234985,161,36,28,0.4970395157814243,False
657,148,3,Тип 3 — быстрый узкий,высокая,156.6334380217536,160,109,121,1.0355929786562221,False
658,269,3,Тип 3 — быстрый узкий,высокая,164.8605237498769,160,113,129,1.0223908449604768,False
659,362,2,Тип 2 — промежуточный,высокая,152.40657983757575,164,119,141,0.8647181834756071,False
660,302,3,Тип 3 — быстрый узкий,высокая,167.95916902914743,160,114,131,1.0257048490329614,False
661,318,3,Тип 3 — быстрый узкий,высокая,108.33831302157677,166,81,85,1.0196547107913108,False
662,294,1,Тип 1 — медленный широкий,низкая,7.925760487146572,155,29,29,0.21864166861093992,False
663,4,3,Тип 3 — быстрый узкий,высокая,125.84012150811344,166,92,97,1.0378566722318636,False
664,393,1,Тип 1 — медленный широкий,высокая,187.8365661130523,163,163,211,0.7121765539831366,False
665,82,2,Тип 2 — промежуточный,высокая,160.58986268941894,164,125,147,0.873958436405001,False
666,308,3,Тип 3 — быстрый узкий,высокая,48.12041974526425,160,49,40,0.9624083949052851,False
667,394,1,Тип 1 — медленный широкий,низкая,9.951344857956306,160,29,21,0.3790988517316688,False
668,60,1,Тип 1 — медленный широкий,высокая,139.8229713767275,164,128,156,0.7170408788550129,False
669,229,1,Тип 1 — медленный широкий,высокая,66.53906132571252,164,72,73,0.7291951926105482,False
670,290,3,Тип 3 — быстрый узкий,высокая,50.108303095275176,160,51,41,0.9777229872248815,False
671,122,1,Тип 1 — медленный широкий,высокая,190.89096870155407,163,164,215,0.7102919765639222,False
672,93,3,Тип 3 — быстрый узкий,высокая,177.23395723032965,160,119,139,1.020051552404775,False
673,262,2,Тип 2 — промежуточный,высокая,183.1864611917974,161,138,169,0.867154845878331,False
674,395,1,Тип 1 — медленный широкий,высокая,36.54362508988995,157,48,38,0.7693394755766306,False
675,121,2,Тип 2 — промежуточный,высокая,174.94121126149878,161,134,162,0.8639072161061668,False
676,257,2,Тип 2 — промежуточный,высокая,92.6326293423275,164,82,84,0.8822155175459763,False
677,214,2,Тип 2 — промежуточный,высокая,54.56885503098035,161,58,53,0.8236808306563073,False
678,242,1,Тип 1 — медленный широкий,высокая,47.13288907750829,161,57,52,0.7251213704232045,False
679,233,3,Тип 3 — быстрый узкий,высокая,176.20892331107567,160,119,139,1.0141520766105074,False
680,69,2,Тип 2 — промежуточный,высокая,158.5448217896913,164,123,147,0.862828962120769,False
681,396,1,Тип 1 — медленный широкий,высокая,51.16183825506593,164,59,55,0.744172192800959,False
682,397,1,Тип 1 — медленный широкий,высокая,136.7445597876765,164,126,153,0.7150042341839296,False
683,398,3,Тип 3 — быстрый узкий,высокая,173.11434375661057,160,119,135,1.0258627778169516,False
684,399,2,Тип 2 — промежуточный,высокая,123.61725782415871,164,102,115,0.859946141385452,False
685,219,1,Тип 1 — медленный широкий,низкая,10.746674016759693,160,29,21,0.4093971054003693,False
686,400,2,Тип 2 — промежуточный,высокая,74.0312495324795,164,70,69,0.8583333279128059,False
687,119,1,Тип 1 — медленный широкий,высокая,57.298244459640806,164,64,64,0.7162280557455101,False
688,303,3,Тип 3 — быстрый узкий,высокая,122.7555896413525,166,88,97,1.0124172341554845,False
689,134,1,Тип 1 — медленный широкий,высокая,91.32246208649279,164,91,100,0.7305796966919423,False
690,401,1,Тип 1 — медленный широкий,высокая,67.56685119808691,164,72,74,0.7304524453847233,False
691,291,0,Выброс,не применяется,2.4532116321078687,141,3,23,0.08532910024723023,True
692,394,1,Тип 1 — медленный широкий,низкая,9.951344857956306,160,29,21,0.3790988517316688,False
693,43,2,Тип 2 — промежуточный,высокая,89.53450890113623,164,80,83,0.8629832183242047,False
694,402,2,Тип 2 — промежуточный,высокая,181.13757928584084,161,138,168,0.8625599013611469,False
695,166,3,Тип 3 — быстрый узкий,высокая,139.18824245045616,166,99,109,1.021565082205183,False
696,403,3,Тип 3 — быстрый узкий,высокая,166.92658447855084,160,114,131,1.01939898918199,False
697,142,1,Тип 1 — медленный широкий,высокая,122.35327709594253,164,115,136,0.7197251593878973,False
698,404,1,Тип 1 — медленный широкий,высокая,34.2099979105164,161,47,39,0.7017435468823877,False
699,198,3,Тип 3 — быстрый узкий,высокая,98.00522487393178,166,75,75,1.045389065321939,False
700,405,1,Тип 1 — медленный широкий,низкая,13.38212572686157,157,32,30,0.3568566860496419,False
701,381,3,Тип 3 — быстрый узкий,высокая,67.15619324751142,160,60,53,1.0136783886416818,False
702,124,2,Тип 2 — промежуточный,высокая,186.24996604596532,161,141,173,0.861271519287701,False
703,231,2,Тип 2 — промежуточный,высокая,112.24167349233127,164,93,104,0.8633974884025483,False
704,182,1,Тип 1 — медленный широкий,высокая,32.730549319060884,157,46,36,0.7273455404235752,False
705,406,1,Тип 1 — медленный широкий,низкая,19.357347738492624,161,38,28,0.5530670782426464,False
706,14,1,Тип 1 — медленный широкий,низкая,22.31482288824742,161,40,31,0.5758663971160625,False
707,166,3,Тип 3 — быстрый узкий,высокая,139.18824245045616,166,99,109,1.021565082205183,False
708,7,2,Тип 2 — промежуточный,высокая,58.62629131400764,161,60,55,0.8527460554764748,False
709,208,1,Тип 1 — медленный широкий,низкая,3.432455950933298,157,15,14,0.1961403400533313,False
710,407,2,Тип 2 — промежуточный,высокая,143.1614125254272,164,113,132,0.8676449243965285,False
711,408,2,Тип 2 — промежуточный,высокая,48.508755424167134,161,54,45,0.8623778742074157,False
712,409,1,Тип 1 — медленный широкий,высокая,182.75753355608686,163,158,204,0.7166962100238701,False
713,154,2,Тип 2 — промежуточный,высокая,56.594733508362104,161,58,54,0.8384404964201794,False
714,264,1,Тип 1 — медленный широкий,низкая,4.111300308865549,151,21,21,0.156620964147259,False
715,410,1,Тип 1 — медленный широкий,низкая,3.84597303715285,157,16,14,0.21976988783730572,False
716,335,1,Тип 1 — медленный широкий,высокая,105.85146531914287,164,101,115,0.7363580196114288,False
717,411,2,Тип 2 — промежуточный,высокая,118.43578632862547,164,99,109,0.8692534776412879,False
718,217,1,Тип 1 — медленный широкий,низкая,27.05375403892895,157,42,33,0.655848582761914,False
719,77,1,Тип 1 — медленный широкий,низкая,2.703350790206454,151,3,14,0.15447718801179738,False
720,52,3,Тип 3 — быстрый узкий,высокая,129.96133583574837,166,94,100,1.0396906866859872,False
721,111,1,Тип 1 — медленный широкий,высокая,131.61005380334282,164,121,145,0.7261244347770639,False
722,85,2,Тип 2 — промежуточный,высокая,91.59998840396362,164,80,83,0.8828914544960349,False
723,173,2,Тип 2 — промежуточный,высокая,31.251348982524068,160,41,30,0.8333693062006418,False
724,306,3,Тип 3 — быстрый узкий,высокая,147.37384234106162,160,103,114,1.0342024023934149,False
725,218,1,Тип 1 — медленный широкий,высокая,72.71366299248933,164,76,81,0.7181596344937219,False
726,356,2,Тип 2 — промежуточный,высокая,129.8011432658217,164,104,119,0.8726127278374569,False
727,412,1,Тип 1 — медленный широкий,высокая,65.51136104207833,164,70,73,0.7179327237488037,False
728,413,3,Тип 3 — быстрый узкий,высокая,63.12615513134549,160,58,50,1.010018482101528,False
729,99,1,Тип 1 — медленный широкий,низкая,27.308435799580256,160,39,29,0.7533361599884209,False
730,414,2,Тип 2 — промежуточный,высокая,121.53405956167775,164,100,112,0.8681004254405554,False
731,181,2,Тип 2 — промежуточный,высокая,128.77267417085585,164,104,117,0.8804969174075614,False
732,284,1,Тип 1 — медленный широкий,низкая,12.730358847979556,155,34,24,0.4243452949326519,False
733,316,2,Тип 2 — промежуточный,высокая,117.40266240163496,164,96,108,0.869649351123222,False
734,415,1,Тип 1 — медленный широкий,высокая,123.38236540176062,164,115,136,0.7257786200103566,False
735,351,2,Тип 2 — промежуточный,высокая,144.19094949028315,164,114,132,0.8738845423653524,False
736,360,1,Тип 1 — медленный широкий,высокая,104.81534398286101,164,101,112,0.7486810284490072,False
737,251,3,Тип 3 — быстрый узкий,высокая,68.17062185973276,160,60,54,1.0099351386627076,False
738,373,1,Тип 1 — медленный широкий,высокая,81.99677159991116,164,83,89,0.7370496323587521,False
739,282,1,Тип 1 — медленный широкий,низкая,17.773289156233833,157,35,31,0.45866552661248605,False
740,416,1,Тип 1 — медленный широкий,низкая,24.29597385059102,161,41,31,0.6269928735636393,False
741,417,1,Тип 1 — медленный широкий,низкая,18.672842135573813,160,32,27,0.5532693966095944,False
742,314,2,Тип 2 — промежуточный,высокая,111.21058900500259,164,93,101,0.8808759525148719,False
743,47,1,Тип 1 — медленный широкий,высокая,100.67068026113056,164,97,110,0.7321504018991313,False
744,418,1,Тип 1 — медленный широкий,высокая,87.17139344047341,164,87,95,0.7340748921303024,False
745,61,1,Тип 1 — медленный широкий,низкая,6.974128036854599,160,26,14,0.3985216021059771,False
746,66,1,Тип 1 — медленный широкий,высокая,114.11018614755625,164,107,125,0.7303051913443601,False
747,419,2,Тип 2 — промежуточный,высокая,126.71573209367975,164,102,117,0.8664323561961009,False
748,1,2,Тип 2 — промежуточный,высокая,107.08533957473863,164,91,98,0.8741660373448051,False
749,289,2,Тип 2 — промежуточный,высокая,171.85268284869505,161,132,159,0.8646675866601009,False
750,420,2,Тип 2 — промежуточный,высокая,37.49420562121005,157,48,37,0.8106855269450822,False
751,404,1,Тип 1 — медленный широкий,высокая,34.2099979105164,161,47,39,0.7017435468823877,False
752,421,2,Тип 2 — промежуточный,высокая,68.8802866915482,164,67,61,0.9033480221842388,False
753,422,3,Тип 3 — быстрый узкий,высокая,142.2592981016185,166,100,110,1.03461307710268,False
754,205,3,Тип 3 — быстрый узкий,высокая,96.97369963130497,166,75,74,1.0483643203384323,False
755,423,1,Тип 1 — медленный широкий,высокая,35.201913674791534,161,48,41,0.6868666082886153,False
756,310,1,Тип 1 — медленный широкий,высокая,185.80521293288987,163,162,209,0.7112161260589086,False
757,287,1,Тип 1 — медленный широкий,высокая,121.32367927221078,164,114,135,0.7189551364279158,False
758,424,1,Тип 1 — медленный широкий,низкая,16.815560518712783,160,32,28,0.4804445862489367,False
759,325,1,Тип 1 — медленный широкий,низкая,15.472955468524184,161,36,25,0.4951345749927739,False
760,43,2,Тип 2 — промежуточный,высокая,89.53450890113623,164,80,83,0.8629832183242047,False
761,409,1,Тип 1 — медленный широкий,высокая,182.75753355608686,163,158,204,0.7166962100238701,False
762,101,2,Тип 2 — промежуточный,высокая,80.22685727850407,164,73,73,0.8791984359288116,False
763,364,1,Тип 1 — медленный широкий,высокая,56.27521935010875,164,64,61,0.7380356636079837,False
764,270,2,Тип 2 — промежуточный,высокая,135.96609638235606,164,108,124,0.8772006218216519,False
765,425,3,Тип 3 — быстрый узкий,высокая,78.3940948981279,166,67,62,1.0115367083629407,False
766,426,1,Тип 1 — медленный широкий,высокая,127.498720252808,164,117,141,0.7233969943421731,False
767,427,2,Тип 2 — промежуточный,высокая,34.215685387158096,160,41,32,0.8553921346789525,False
768,284,1,Тип 1 — медленный широкий,низкая,12.730358847979556,155,34,24,0.4243452949326519,False
769,384,1,Тип 1 — медленный широкий,высокая,103.77920123692091,164,100,112,0.7412800088351494,False
770,384,1,Тип 1 — медленный широкий,высокая,103.77920123692091,164,100,112,0.7412800088351494,False
771,54,2,Тип 2 — промежуточный,высокая,189.30500799000592,161,144,177,0.8556158553220607,False
772,309,2,Тип 2 — промежуточный,высокая,165.7037777885335,161,127,153,0.8664249819008288,False
773,428,1,Тип 1 — медленный широкий,высокая,94.44181084452886,164,92,103,0.7335286279186708,False
774,429,3,Тип 3 — быстрый узкий,высокая,126.86716252508097,166,92,97,1.0463271136089154,False
775,313,1,Тип 1 — медленный широкий,высокая,152.13108076926238,164,136,169,0.7201471279018339,False
776,430,1,Тип 1 — медленный широкий,высокая,85.10123315596273,164,85,94,0.7242658140932998,False
777,431,1,Тип 1 — медленный широкий,низкая,23.29993611502457,161,41,30,0.6213316297339886,False
778,343,3,Тип 3 — быстрый узкий,высокая,193.6017490147842,160,129,151,1.025704630541903,False
779,175,1,Тип 1 — медленный широкий,низкая,27.99427883143091,157,43,35,0.6398692304327066,False
780,215,1,Тип 1 — медленный широкий,высокая,96.522099418275,164,92,106,0.7284686748549057,False
781,318,3,Тип 3 — быстрый узкий,высокая,108.33831302157677,166,81,85,1.0196547107913108,False
782,103,3,Тип 3 — быстрый узкий,высокая,83.55063533642381,166,68,65,1.0283155118329084,False
783,273,1,Тип 1 — медленный широкий,высокая,80.9632900882941,164,82,87,0.7444900238004056,False
784,138,3,Тип 3 — быстрый узкий,высокая,58.10606094631098,160,55,45,1.0329966390455285,False
785,358,3,Тип 3 — быстрый узкий,высокая,133.04022944079728,166,95,104,1.0233863803138252,False
786,261,3,Тип 3 — быстрый узкий,высокая,196.65672618306587,160,132,154,1.0215933827691734,False
787,377,2,Тип 2 — промежуточный,высокая,120.50163702222038,164,99,112,0.8607259787301456,False
788,335,1,Тип 1 — медленный широкий,высокая,105.85146531914287,164,101,115,0.7363580196114288,False
789,432,2,Тип 2 — промежуточный,высокая,132.8848572209663,164,105,122,0.8713761129243692,False
790,95,1,Тип 1 — медленный широкий,низкая,26.116946592232075,157,40,33,0.633138099205626,False
791,69,2,Тип 2 — промежуточный,высокая,158.5448217896913,164,123,147,0.862828962120769,False
792,433,3,Тип 3 — быстрый узкий,высокая,53.10535605754746,160,53,42,1.0115305915723327,False
793,268,1,Тип 1 — медленный широкий,высокая,34.63779685797781,157,46,38,0.7292167759574276,False
794,434,1,Тип 1 — медленный широкий,низкая,4.810898755807535,157,21,14,0.27490850033185915,False
795,435,2,Тип 2 — промежуточный,высокая,62.711445346334926,164,63,59,0.8503246826621685,False
796,267,1,Тип 1 — медленный широкий,низкая,2.7252244847719456,157,3,7,0.31145422683107954,False
797,14,1,Тип 1 — медленный широкий,низкая,22.31482288824742,161,40,31,0.5758663971160625,False
798,88,3,Тип 3 — быстрый узкий,высокая,74.27071809235947,166,62,59,1.0070605843031792,False
799,383,1,Тип 1 — медленный широкий,высокая,33.68219066006812,157,46,37,0.7282635818393107,False
800,436,1,Тип 1 — медленный широкий,высокая,42.15111894807327,161,55,47,0.7174658544352898,False
801,302,3,Тип 3 — быстрый узкий,высокая,167.95916902914743,160,114,131,1.0257048490329614,False
802,437,3,Тип 3 — быстрый узкий,высокая,121.72715227898294,166,88,96,1.014392935658191,False
803,110,2,Тип 2 — промежуточный,высокая,71.9697109210964,164,69,66,0.872360132376926,False
804,438,3,Тип 3 — быстрый узкий,высокая,69.18498071291457,160,61,55,1.0063269921878482,False
805,208,1,Тип 1 — медленный широкий,низкая,3.432455950933298,157,15,14,0.1961403400533313,False
806,318,3,Тип 3 — быстрый узкий,высокая,108.33831302157677,166,81,85,1.0196547107913108,False
807,439,1,Тип 1 — медленный широкий,высокая,115.14142893411139,164,108,126,0.7310566916451517,False
808,308,3,Тип 3 — быстрый узкий,высокая,48.12041974526425,160,49,40,0.9624083949052851,False
809,440,3,Тип 3 — быстрый узкий,высокая,66.14719652047935,160,59,53,0.9984482493657262,False
810,267,1,Тип 1 — медленный широкий,низкая,2.7252244847719456,157,3,7,0.31145422683107954,False
811,389,2,Тип 2 — промежуточный,высокая,55.579015112178666,161,58,51,0.8718276880341753,False
812,95,1,Тип 1 — медленный широкий,низкая,26.116946592232075,157,40,33,0.633138099205626,False
813,441,1,Тип 1 — медленный широкий,высокая,101.70685653265124,164,99,112,0.7264775466617946,False
814,275,1,Тип 1 — медленный широкий,высокая,172.5971308580513,164,152,192,0.719154711908547,False
815,115,2,Тип 2 — промежуточный,высокая,65.79446331639436,164,65,62,0.8489608169857337,False
816,156,1,Тип 1 — медленный широкий,высокая,138.7973693372071,164,128,155,0.7163735191597786,False
817,442,1,Тип 1 — медленный широкий,низкая,24.39441057155467,160,36,31,0.6295331760401205,False
818,443,1,Тип 1 — медленный широкий,высокая,118.23293623741881,164,111,130,0.7275872999225774,False
819,274,1,Тип 1 — медленный широкий,высокая,88.20708267969752,164,87,96,0.7350590223308128,False
820,347,2,Тип 2 — промежуточный,высокая,162.63260333111873,164,126,151,0.8616296865224833,False
821,444,3,Тип 3 — быстрый узкий,высокая,132.01498111966077,166,94,103,1.0253590766575595,False
822,445,2,Тип 2 — промежуточный,высокая,151.3827948590852,164,118,141,0.8589094743777884,False
823,446,3,Тип 3 — быстрый узкий,высокая,161.76984525576313,160,111,126,1.0271101286080198,False
824,188,2,Тип 2 — промежуточный,высокая,109.14841073828256,164,93,101,0.8645418672339213,False
825,350,3,Тип 3 — быстрый узкий,высокая,75.30161551795237,166,63,60,1.004021540239365,False
826,447,3,Тип 3 — быстрый узкий,высокая,150.46221325300718,160,105,116,1.0376704362276359,False
827,448,3,Тип 3 — быстрый узкий,высокая,186.44871302212619,160,126,146,1.0216367836828832,False
828,449,1,Тип 1 — медленный широкий,высокая,181.7426360382278,164,156,202,0.7197728159929814,False
829,142,1,Тип 1 — медленный широкий,высокая,122.35327709594253,164,115,136,0.7197251593878973,False
830,450,2,Тип 2 — промежуточный,высокая,114.30359998536004,164,95,106,0.8626686791347928,False
831,92,3,Тип 3 — быстрый узкий,высокая,170.02000029275612,160,116,133,1.0226766934902625,False
832,208,1,Тип 1 — медленный широкий,низкая,3.432455950933298,157,15,14,0.1961403400533313,False
833,430,1,Тип 1 — медленный широкий,высокая,85.10123315596273,164,85,94,0.7242658140932998,False
834,348,2,Тип 2 — промежуточный,высокая,136.99317513689638,164,109,126,0.86979793737712,False
835,451,2,Тип 2 — промежуточный,высокая,47.50198485970368,161,53,45,0.8444797308391766,False
836,393,1,Тип 1 — медленный широкий,высокая,187.8365661130523,163,163,211,0.7121765539831366,False
837,87,2,Тип 2 — промежуточный,высокая,169.80336939464996,161,130,158,0.8597638956691138,False
838,138,3,Тип 3 — быстрый узкий,высокая,58.10606094631098,160,55,45,1.0329966390455285,False
839,452,3,Тип 3 — быстрый узкий,высокая,181.33252585280562,160,122,142,1.0215916949453838,False
840,221,1,Тип 1 — медленный широкий,низкая,15.90928745108307,160,32,26,0.4895165369564022,False
841,453,3,Тип 3 — быстрый узкий,высокая,52.10717611380001,160,51,41,1.0167253875863418,False
842,154,2,Тип 2 — промежуточный,высокая,56.594733508362104,161,58,54,0.8384404964201794,False
843,23,3,Тип 3 — быстрый узкий,высокая,159.71657465483372,160,109,124,1.030429513902153,False
844,90,2,Тип 2 — промежуточный,высокая,41.465155774366025,161,50,39,0.8505672979357133,False
845,8,2,Тип 2 — промежуточный,высокая,96.7633163465348,164,84,88,0.8796665122412254,False
846,293,1,Тип 1 — медленный широкий,низкая,7.891494538483159,157,29,18,0.3507330905992515,False
847,454,1,Тип 1 — медленный широкий,низкая,28.2941305320687,160,39,29,0.7805277388156884,False
848,194,3,Тип 3 — быстрый узкий,высокая,190.53503578932492,160,128,150,1.0161868575430661,False
849,116,3,Тип 3 — быстрый узкий,высокая,182.35687196799034,160,122,144,1.0130937331555019,False
850,455,2,Тип 2 — промежуточный,высокая,177.00365908359169,161,136,164,0.8634324833345937,False
851,253,3,Тип 3 — быстрый узкий,высокая,54.1027880509509,160,53,40,1.082055761019018,False
852,456,3,Тип 3 — быстрый узкий,высокая,157.66115043556536,160,109,122,1.0338436094135435,False
853,390,1,Тип 1 — медленный широкий,высокая,144.94765347415162,164,130,161,0.7202367874492006,False
854,457,2,Тип 2 — промежуточный,высокая,127.74420383048214,164,102,118,0.8660623988507264,False
855,28,1,Тип 1 — медленный широкий,низкая,24.240068136530592,157,40,31,0.625550145458854,False
856,322,2,Тип 2 — промежуточный,высокая,190.32268275576735,161,144,178,0.8553828438461455,False
857,458,2,Тип 2 — промежуточный,высокая,150.35901002949493,164,118,140,0.8591943430256853,False
858,59,3,Тип 3 — быстрый узкий,высокая,137.14085874359705,166,98,106,1.0350253490082797,False
859,2,0,Выброс,не применяется,1.960419751022364,135,2,1,1.5683358008178914,True
860,459,1,Тип 1 — медленный широкий,высокая,77.86829667474481,164,80,84,0.7416028254737602,False
861,460,3,Тип 3 — быстрый узкий,высокая,46.130653500050876,160,49,37,0.9974195351362352,False
862,360,1,Тип 1 — медленный широкий,высокая,104.81534398286101,164,101,112,0.7486810284490072,False
863,18,1,Тип 1 — медленный широкий,высокая,97.5622378756908,164,95,106,0.736318776420308,False
864,212,1,Тип 1 — медленный широкий,низкая,5.950519901954288,157,21,18,0.2644675511979684,False
865,461,3,Тип 3 — быстрый узкий,высокая,92.84462030468018,166,74,72,1.0316068922742243,False
866,462,1,Тип 1 — медленный широкий,низкая,5.047573248804104,160,25,14,0.28843275707452026,False
867,80,3,Тип 3 — быстрый узкий,высокая,89.74398238482371,166,71,68,1.0558115574685143,False
868,239,3,Тип 3 — быстрый узкий,высокая,174.14641572413592,160,119,136,1.0243906807302114,False
869,463,3,Тип 3 — быстрый узкий,высокая,113.49225742470371,166,85,89,1.0201551229186852,False
870,201,1,Тип 1 — медленный широкий,высокая,36.19592437460549,161,51,40,0.7239184874921099,False
871,250,1,Тип 1 — медленный широкий,высокая,188.85815898077723,163,163,211,0.7160498918702455,False
872,275,1,Тип 1 — медленный широкий,высокая,172.5971308580513,164,152,192,0.719154711908547,False
873,283,3,Тип 3 — быстрый узкий,высокая,100.06842649468375,166,76,77,1.0396719635811298,False
874,181,2,Тип 2 — промежуточный,высокая,128.77267417085585,164,104,117,0.8804969174075614,False
875,254,2,Тип 2 — промежуточный,высокая,187.26831336681258,161,143,175,0.8560837182482861,False
876,368,1,Тип 1 — медленный широкий,высокая,119.26318385938684,164,112,130,0.7339272852885345,False
877,464,2,Тип 2 — промежуточный,высокая,115.33640524853604,164,96,106,0.8704634358380079,False
878,326,1,Тип 1 — медленный широкий,высокая,153.15710601522485,164,136,171,0.7165244725858473,False
879,135,2,Тип 2 — промежуточный,высокая,83.3277141514719,164,74,77,0.8657424846906172,False
880,153,1,Тип 1 — медленный широкий,низкая,15.987991878651753,157,34,31,0.41259333880391624,False
881,67,2,Тип 2 — промежуточный,высокая,61.68366667534663,164,62,57,0.8657356726364439,False
882,100,3,Тип 3 — быстрый узкий,высокая,124.81246607539046,166,91,98,1.0188772740848202,False
883,49,1,Тип 1 — медленный широкий,высокая,151.1036508937477,164,136,168,0.719541194732132,False
884,465,1,Тип 1 — медленный широкий,низкая,6.305315858852972,160,26,14,0.360303763363027,False
885,238,1,Тип 1 — медленный широкий,низкая,3.058596405723839,157,5,14,0.17477693746993367,False
886,466,3,Тип 3 — быстрый узкий,высокая,107.30666189598904,166,81,84,1.0219682085332291,False
887,467,2,Тип 2 — промежуточный,высокая,75.06339352119412,164,70,69,0.8703002147384825,False
888,262,2,Тип 2 — промежуточный,высокая,183.1864611917974,161,138,169,0.867154845878331,False
889,459,1,Тип 1 — медленный широкий,высокая,77.86829667474481,164,80,84,0.7416028254737602,False
890,146,3,Тип 3 — быстрый узкий,высокая,151.49123032490198,160,106,118,1.0270591886434033,False
891,168,1,Тип 1 — медленный широкий,высокая,169.54063199910289,164,149,189,0.7176323047581076,False
892,81,1,Тип 1 — медленный широкий,высокая,76.8367447313626,164,80,83,0.7405951299408444,False
893,7,2,Тип 2 — промежуточный,высокая,58.62629131400764,161,60,55,0.8527460554764748,False
894,353,1,Тип 1 — медленный широкий,низкая,29.280061096534595,160,40,30,0.7808016292409226,False
895,287,1,Тип 1 — медленный широкий,высокая,121.32367927221078,164,114,135,0.7189551364279158,False
896,334,1,Тип 1 — медленный широкий,низкая,8.61461203365348,157,29,18,0.38287164594015466,False
897,242,1,Тип 1 — медленный широкий,высокая,47.13288907750829,161,57,52,0.7251213704232045,False
898,51,3,Тип 3 — быстрый узкий,высокая,178.25922988571827,160,119,140,1.018624170775533,False
899,147,1,Тип 1 — медленный широкий,высокая,71.68365030093278,164,76,78,0.7352169261634132,False
900,246,3,Тип 3 — быстрый узкий,высокая,95.94218564464283,166,75,72,1.066024284940476,False
901,422,3,Тип 3 — быстрый узкий,высокая,142.2592981016185,166,100,110,1.03461307710268,False
902,195,2,Тип 2 — промежуточный,высокая,154.45415024782542,164,120,144,0.8580786124879191,False
903,247,1,Тип 1 — медленный широкий,низкая,9.174164288154028,160,29,17,0.43172537826607194,False
904,468,1,Тип 1 — медленный широкий,высокая,84.06640868602273,164,84,90,0.7472569660979798,False
905,70,3,Тип 3 — быстрый узкий,высокая,143.28211739503664,166,102,111,1.0326639091534173,False
906,311,3,Тип 3 — быстрый узкий,высокая,152.52024676113524,160,107,118,1.0340355712619338,False
907,309,2,Тип 2 — промежуточный,высокая,165.7037777885335,161,127,153,0.8664249819008288,False
908,215,1,Тип 1 — медленный широкий,высокая,96.522099418275,164,92,106,0.7284686748549057,False
909,306,3,Тип 3 — быстрый узкий,высокая,147.37384234106162,160,103,114,1.0342024023934149,False
910,297,3,Тип 3 — быстрый узкий,высокая,112.46143664801393,166,83,89,1.010889318184395,False
911,158,2,Тип 2 — промежуточный,высокая,125.6847386340568,164,102,117,0.859382828267055,False
912,250,1,Тип 1 — медленный широкий,высокая,188.85815898077723,163,163,211,0.7160498918702455,False
913,178,1,Тип 1 — медленный широкий,низкая,28.263174709091928,161,44,37,0.6110956693857714,False
914,13,3,Тип 3 — быстрый узкий,высокая,145.3263213257126,166,102,113,1.0288589120404432,False
915,469,1,Тип 1 — медленный широкий,низкая,10.278506013250851,155,33,30,0.2740934936866894,False
916,470,2,Тип 2 — промежуточный,высокая,179.06430516659205,161,136,167,0.8577930786423572,False
917,240,2,Тип 2 — промежуточный,высокая,90.56737575210185,164,80,84,0.8625464357343033,False
918,102,3,Тип 3 — быстрый узкий,высокая,93.87830105236762,166,74,72,1.0430922339151958,False
919,322,2,Тип 2 — промежуточный,высокая,190.32268275576735,161,144,178,0.8553828438461455,False
920,471,3,Тип 3 — быстрый узкий,высокая,47.12611632583142,160,49,38,0.9921287647543457,False
921,407,2,Тип 2 — промежуточный,высокая,143.1614125254272,164,113,132,0.8676449243965285,False
922,63,1,Тип 1 — медленный широкий,высокая,120.2934315241281,164,112,132,0.729051100146231,False
923,70,3,Тип 3 — быстрый узкий,высокая,143.28211739503664,166,102,111,1.0326639091534173,False
924,175,1,Тип 1 — медленный широкий,низкая,27.99427883143091,157,43,35,0.6398692304327066,False
925,472,3,Тип 3 — быстрый узкий,высокая,138.16455197751839,166,99,107,1.0330059960935956,False
926,279,1,Тип 1 — медленный широкий,высокая,32.23319671182237,161,47,37,0.6969339829583217,False
927,253,3,Тип 3 — быстрый узкий,высокая,54.1027880509509,160,53,40,1.082055761019018,False
928,118,2,Тип 2 — промежуточный,высокая,94.69797639221322,164,83,87,0.870785989813455,False
929,159,1,Тип 1 — медленный широкий,высокая,69.62379086111812,164,73,76,0.7328820090644014,False
930,275,1,Тип 1 — медленный широкий,высокая,172.5971308580513,164,152,192,0.719154711908547,False
931,26,1,Тип 1 — медленный широкий,низкая,12.533057497549368,157,32,28,0.3580873570728391,False
932,301,1,Тип 1 — медленный широкий,высокая,184.7894957764388,163,160,206,0.7176291098114128,False
933,376,1,Тип 1 — медленный широкий,высокая,99.63450071991619,164,97,108,0.7380333386660459,False
934,105,2,Тип 2 — промежуточный,высокая,145.22388400959466,164,114,134,0.8670082627438487,False
935,379,3,Тип 3 — быстрый узкий,высокая,94.91025506587835,166,75,72,1.0545583896208706,False
936,128,2,Тип 2 — промежуточный,высокая,30.266075421143398,160,41,30,0.8070953445638239,False
937,320,2,Тип 2 — промежуточный,высокая,33.22191402711881,160,41,31,0.8573397168288724,False
938,473,3,Тип 3 — быстрый узкий,высокая,42.15365764443945,160,46,35,0.9635121747300446,False
939,349,2,Тип 2 — промежуточный,высокая,36.1991162516392,160,43,33,0.8775543333730714,False
940,350,3,Тип 3 — быстрый узкий,высокая,75.30161551795237,166,63,60,1.004021540239365,False
941,474,3,Тип 3 — быстрый узкий,высокая,149.43319545565137,160,105,116,1.030573761763113,False
942,426,1,Тип 1 — медленный широкий,высокая,127.498720252808,164,117,141,0.7233969943421731,False
943,475,1,Тип 1 — медленный широкий,низкая,5.364221977580796,157,21,14,0.3065269701474741,False
944,174,1,Тип 1 — медленный широкий,низкая,14.520553589672321,161,36,24,0.4840184529890774,False
945,269,3,Тип 3 — быстрый узкий,высокая,164.8605237498769,160,113,129,1.0223908449604768,False
946,250,1,Тип 1 — медленный широкий,высокая,188.85815898077723,163,163,211,0.7160498918702455,False
947,251,3,Тип 3 — быстрый узкий,высокая,68.17062185973276,160,60,54,1.0099351386627076,False
948,197,1,Тип 1 — медленный широкий,низкая,22.36148259772997,157,38,30,0.5963062026061327,False
949,183,2,Тип 2 — промежуточный,высокая,130.82961123330014,164,104,119,0.8795267982070599,False
950,287,1,Тип 1 — медленный широкий,высокая,121.32367927221078,164,114,135,0.7189551364279158,False
951,476,1,Тип 1 — медленный широкий,низкая,21.32892269046402,161,39,31,0.5504238113668134,False
952,116,3,Тип 3 — быстрый узкий,высокая,182.35687196799034,160,122,144,1.0130937331555019,False
953,397,1,Тип 1 — медленный широкий,высокая,136.7445597876765,164,126,153,0.7150042341839296,False
954,254,2,Тип 2 — промежуточный,высокая,187.26831336681258,161,143,175,0.8560837182482861,False
955,165,2,Тип 2 — промежуточный,высокая,170.82802611172121,161,131,158,0.8649520309454239,False
956,394,1,Тип 1 — медленный широкий,низкая,9.951344857956306,160,29,21,0.3790988517316688,False
957,163,2,Тип 2 — промежуточный,высокая,37.18864267064049,160,44,33,0.9015428526215876,False
958,301,1,Тип 1 — медленный широкий,высокая,184.7894957764388,163,160,206,0.7176291098114128,False
959,208,1,Тип 1 — медленный широкий,низкая,3.432455950933298,157,15,14,0.1961403400533313,False
960,268,1,Тип 1 — медленный широкий,высокая,34.63779685797781,157,46,38,0.7292167759574276,False
961,477,2,Тип 2 — промежуточный,высокая,156.49978136401344,164,122,146,0.8575330485699367,False
962,429,3,Тип 3 — быстрый узкий,высокая,126.86716252508097,166,92,97,1.0463271136089154,False
963,356,2,Тип 2 — промежуточный,высокая,129.8011432658217,164,104,119,0.8726127278374569,False
964,441,1,Тип 1 — медленный широкий,высокая,101.70685653265124,164,99,112,0.7264775466617946,False
965,18,1,Тип 1 — медленный широкий,высокая,97.5622378756908,164,95,106,0.736318776420308,False
966,60,1,Тип 1 — медленный широкий,высокая,139.8229713767275,164,128,156,0.7170408788550129,False
967,194,3,Тип 3 — быстрый узкий,высокая,190.53503578932492,160,128,150,1.0161868575430661,False
968,290,3,Тип 3 — быстрый узкий,высокая,50.108303095275176,160,51,41,0.9777229872248815,False
969,409,1,Тип 1 — медленный широкий,высокая,182.75753355608686,163,158,204,0.7166962100238701,False
970,478,2,Тип 2 — промежуточный,высокая,45.48587146379173,161,52,41,0.8875291992934972,False
971,347,2,Тип 2 — промежуточный,высокая,162.63260333111873,164,126,151,0.8616296865224833,False
972,174,1,Тип 1 — медленный широкий,низкая,14.520553589672321,161,36,24,0.4840184529890774,False
973,244,2,Тип 2 — промежуточный,высокая,86.43034964962003,164,76,79,0.8752440470847599,False
974,408,2,Тип 2 — промежуточный,высокая,48.508755424167134,161,54,45,0.8623778742074157,False
975,479,1,Тип 1 — медленный широкий,высокая,43.1464707701153,161,55,47,0.7344080131083456,False
976,480,2,Тип 2 — промежуточный,высокая,49.51478192096725,161,56,48,0.8252463653494543,False
977,281,1,Тип 1 — медленный широкий,высокая,95.4819573325756,164,92,104,0.7344765948659663,False
978,46,3,Тип 3 — быстрый узкий,высокая,70.19929166746122,160,61,55,1.0210806060721633,False
979,481,1,Тип 1 — медленный широкий,высокая,143.92271698675697,164,130,160,0.7196135849337849,False
980,208,1,Тип 1 — медленный широкий,низкая,3.432455950933298,157,15,14,0.1961403400533313,False
981,319,3,Тип 3 — быстрый узкий,высокая,51.10818125621146,160,51,41,0.997232804999248,False
982,140,1,Тип 1 — медленный широкий,низкая,6.567783531294809,157,25,18,0.2919014902797693,False
983,24,2,Тип 2 — промежуточный,высокая,59.64063368389887,161,60,55,0.8675001263112563,False
984,119,1,Тип 1 — медленный широкий,высокая,57.298244459640806,164,64,64,0.7162280557455101,False
985,482,3,Тип 3 — быстрый узкий,высокая,43.1452359012911,160,46,36,0.9587830200286912,False
986,314,2,Тип 2 — промежуточный,высокая,111.21058900500259,164,93,101,0.8808759525148719,False
987,460,3,Тип 3 — быстрый узкий,высокая,46.130653500050876,160,49,37,0.9974195351362352,False
988,332,3,Тип 3 — быстрый узкий,высокая,146.34842019708375,166,103,114,1.0270064575233948,False
989,446,3,Тип 3 — быстрый узкий,высокая,161.76984525576313,160,111,126,1.0271101286080198,False
990,205,3,Тип 3 — быстрый узкий,высокая,96.97369963130497,166,75,74,1.0483643203384323,False
991,359,1,Тип 1 — медленный широкий,низкая,25.364988332037736,160,37,27,0.7515552098381553,False
992,265,3,Тип 3 — быстрый узкий,высокая,79.42532454537745,166,67,62,1.024842897359709,False
993,49,1,Тип 1 — медленный широкий,высокая,151.1036508937477,164,136,168,0.719541194732132,False
994,467,2,Тип 2 — промежуточный,высокая,75.06339352119412,164,70,69,0.8703002147384825,False
995,436,1,Тип 1 — медленный широкий,высокая,42.15111894807327,161,55,47,0.7174658544352898,False
996,225,3,Тип 3 — быстрый узкий,высокая,116.58144284803573,166,86,91,1.0248918052574572,False
997,483,2,Тип 2 — промежуточный,высокая,41.16063348954439,160,46,35,0.9408144797610146,False
998,331,1,Тип 1 — медленный широкий,высокая,145.97126046647406,164,131,162,0.7208457306986373,False
999,112,1,Тип 1 — медленный широкий,высокая,177.6812687789744,164,156,198,0.7179041162786844,False
1000,152,2,Тип 2 — промежуточный,высокая,79.1933706342018,164,73,72,0.8799263403800199,False
1001,88,3,Тип 3 — быстрый узкий,высокая,74.27071809235947,166,62,59,1.0070605843031792,False
1002,20,1,Тип 1 — медленный широкий,высокая,134.69175059218284,164,125,150,0.7183560031583085,False
1003,116,3,Тип 3 — быстрый узкий,высокая,182.35687196799034,160,122,144,1.0130937331555019,False
1004,476,1,Тип 1 — медленный широкий,низкая,21.32892269046402,161,39,31,0.5504238113668134,False
1005,356,2,Тип 2 — промежуточный,высокая,129.8011432658217,164,104,119,0.8726127278374569,False
1006,449,1,Тип 1 — медленный широкий,высокая,181.7426360382278,164,156,202,0.7197728159929814,False
1007,238,1,Тип 1 — медленный широкий,низкая,3.058596405723839,157,5,14,0.17477693746993367,False
1008,484,1,Тип 1 — медленный широкий,высокая,102.74303026693158,164,99,111,0.7404903082301376,False
1009,436,1,Тип 1 — медленный широкий,высокая,42.15111894807327,161,55,47,0.7174658544352898,False
1010,276,2,Тип 2 — промежуточный,высокая,167.75405603848304,161,129,157,0.8547977377757099,False
1011,239,3,Тип 3 — быстрый узкий,высокая,174.14641572413592,160,119,136,1.0243906807302114,False
1012,78,1,Тип 1 — медленный широкий,высокая,83.03158744615756,164,83,90,0.7380585550769561,False
1013,45,3,Тип 3 — быстрый узкий,высокая,57.10344054553571,160,53,45,1.0151722763650795,False
1014,428,1,Тип 1 — медленный широкий,высокая,94.44181084452886,164,92,103,0.7335286279186708,False
1015,159,1,Тип 1 — медленный широкий,высокая,69.62379086111812,164,73,76,0.7328820090644014,False
1016,65,1,Тип 1 — медленный широкий,низкая,11.710884051628835,157,32,28,0.33459668718939534,False
1017,16,3,Тип 3 — быстрый узкий,высокая,191.55748356308752,160,128,152,1.008197281910987,False
1018,259,1,Тип 1 — медленный широкий,высокая,141.87284410045982,164,129,158,0.718343514432708,False
1019,101,2,Тип 2 — промежуточный,высокая,80.22685727850407,164,73,73,0.8791984359288116,False
1020,402,2,Тип 2 — промежуточный,высокая,181.13757928584084,161,138,168,0.8625599013611469,False
1021,149,1,Тип 1 — медленный широкий,высокая,107.9210532999669,164,104,119,0.7255196860501977,False
1022,23,3,Тип 3 — быстрый узкий,высокая,159.71657465483372,160,109,124,1.030429513902153,False
1023,485,3,Тип 3 — быстрый узкий,высокая,136.1159575827169,166,98,106,1.0272902459072975,False
1024,422,3,Тип 3 — быстрый узкий,высокая,142.2592981016185,166,100,110,1.03461307710268,False
1025,223,1,Тип 1 — медленный широкий,высокая,164.44146280452364,164,146,184,0.7149628817587985,False
1026,486,1,Тип 1 — медленный широкий,высокая,54.22929021422305,164,63,62,0.6997327769577169,False
1027,454,1,Тип 1 — медленный широкий,низкая,28.2941305320687,160,39,29,0.7805277388156884,False
1028,486,1,Тип 1 — медленный широкий,высокая,54.22929021422305,164,63,62,0.6997327769577169,False
1029,280,3,Тип 3 — быстрый узкий,высокая,106.27223120762964,166,80,81,1.0496022835321446,False
1030,360,1,Тип 1 — медленный широкий,высокая,104.81534398286101,164,101,112,0.7486810284490072,False
1031,174,1,Тип 1 — медленный широкий,низкая,14.520553589672321,161,36,24,0.4840184529890774,False
1032,101,2,Тип 2 — промежуточный,высокая,80.22685727850407,164,73,73,0.8791984359288116,False
1033,487,3,Тип 3 — быстрый узкий,высокая,135.09071771310255,166,98,106,1.0195525865139816,False
1034,165,2,Тип 2 — промежуточный,высокая,170.82802611172121,161,131,158,0.8649520309454239,False
1035,472,3,Тип 3 — быстрый узкий,высокая,138.16455197751839,166,99,107,1.0330059960935956,False
1036,213,2,Тип 2 — промежуточный,высокая,60.65777417560313,164,62,58,0.8366589541462501,False
1037,273,1,Тип 1 — медленный широкий,высокая,80.9632900882941,164,82,87,0.7444900238004056,False
1038,109,1,Тип 1 — медленный широкий,низкая,18.686075333227038,157,36,27,0.5536614913548752,False
1039,436,1,Тип 1 — медленный широкий,высокая,42.15111894807327,161,55,47,0.7174658544352898,False
1040,296,1,Тип 1 — медленный широкий,низкая,13.581391359676406,155,36,24,0.4527130453225469,False
1041,60,1,Тип 1 — медленный широкий,высокая,139.8229713767275,164,128,156,0.7170408788550129,False
1042,63,1,Тип 1 — медленный широкий,высокая,120.2934315241281,164,112,132,0.729051100146231,False
1043,230,1,Тип 1 — медленный широкий,высокая,137.77096452734992,164,126,153,0.7203710563521565,False
1044,488,2,Тип 2 — промежуточный,высокая,140.07067683108718,164,111,129,0.8686553601927888,False
1045,176,3,Тип 3 — быстрый узкий,высокая,184.404687648927,160,125,145,1.0174051732354592,False
1046,13,3,Тип 3 — быстрый узкий,высокая,145.3263213257126,166,102,113,1.0288589120404432,False
1047,300,3,Тип 3 — быстрый узкий,высокая,141.23561541831617,166,100,109,1.036591672794981,False
1048,120,3,Тип 3 — быстрый узкий,высокая,38.176657737751995,160,44,32,0.9544164434437999,False
1049,489,1,Тип 1 — медленный широкий,низкая,5.662615059249831,160,26,14,0.32357800338570464,False
1050,1,2,Тип 2 — промежуточный,высокая,107.08533957473863,164,91,98,0.8741660373448051,False
1051,97,3,Тип 3 — быстрый узкий,высокая,130.98956559324444,166,94,102,1.0273691419077995,False
1052,46,3,Тип 3 — быстрый узкий,высокая,70.19929166746122,160,61,55,1.0210806060721633,False
1053,428,1,Тип 1 — медленный широкий,высокая,94.44181084452886,164,92,103,0.7335286279186708,False
1054,133,1,Тип 1 — медленный широкий,высокая,170.55946495487356,164,149,189,0.7219448252058142,False
1055,458,2,Тип 2 — промежуточный,высокая,150.35901002949493,164,118,140,0.8591943430256853,False
1056,449,1,Тип 1 — медленный широкий,высокая,181.7426360382278,164,156,202,0.7197728159929814,False
1057,421,2,Тип 2 — промежуточный,высокая,68.8802866915482,164,67,61,0.9033480221842388,False
1058,115,2,Тип 2 — промежуточный,высокая,65.79446331639436,164,65,62,0.8489608169857337,False
1059,27,2,Тип 2 — промежуточный,высокая,81.26041091609862,164,74,75,0.8667777164383853,False
1060,440,3,Тип 3 — быстрый узкий,высокая,66.14719652047935,160,59,53,0.9984482493657262,False
1061,61,1,Тип 1 — медленный широкий,низкая,6.974128036854599,160,26,14,0.3985216021059771,False
1062,490,3,Тип 3 — быстрый узкий,высокая,123.78402780261578,166,89,98,1.0104818596131901,False
1063,414,2,Тип 2 — промежуточный,высокая,121.53405956167775,164,100,112,0.8681004254405554,False
1064,341,1,Тип 1 — медленный широкий,низкая,8.416700092761749,160,29,18,0.3740755596783,False
1065,241,2,Тип 2 — промежуточный,высокая,103.98963152708525,164,89,94,0.8850181406560447,False
1066,119,1,Тип 1 — медленный широкий,высокая,57.298244459640806,164,64,64,0.7162280557455101,False
1067,282,1,Тип 1 — медленный широкий,низкая,17.773289156233833,157,35,31,0.45866552661248605,False
1068,220,1,Тип 1 — медленный широкий,низкая,11.08532321551454,155,33,33,0.26873510825489794,False
1069,447,3,Тип 3 — быстрый узкий,высокая,150.46221325300718,160,105,116,1.0376704362276359,False
1070,105,2,Тип 2 — промежуточный,высокая,145.22388400959466,164,114,134,0.8670082627438487,False
1071,451,2,Тип 2 — промежуточный,высокая,47.50198485970368,161,53,45,0.8444797308391766,False
1072,11,1,Тип 1 — медленный широкий,низкая,4.300888511822121,157,19,14,0.24576505781840693,False
1073,249,2,Тип 2 — промежуточный,высокая,78.16083794979805,164,72,71,0.8806854980258936,False
1074,371,1,Тип 1 — медленный широкий,высокая,126.46963127780118,164,116,140,0.7226836073017211,False
1075,122,1,Тип 1 — медленный широкий,высокая,190.89096870155407,163,164,215,0.7102919765639222,False
1076,229,1,Тип 1 — медленный широкий,высокая,66.53906132571252,164,72,73,0.7291951926105482,False
1077,184,3,Тип 3 — быстрый узкий,высокая,120.69871649872941,166,88,93,1.0382685290213283,False
1078,15,1,Тип 1 — медленный широкий,высокая,40.158718254225185,161,52,43,0.7471389442646547,False
1079,491,2,Тип 2 — промежуточный,высокая,102.95772798267659,164,89,95,0.8670124461699081,False
1080,248,1,Тип 1 — медленный широкий,низкая,20.520519483812638,157,36,29,0.5660832961051763,False
1081,474,3,Тип 3 — быстрый узкий,высокая,149.43319545565137,160,105,116,1.030573761763113,False
1082,222,1,Тип 1 — медленный широкий,низкая,19.602038262476558,157,36,27,0.5808011337030092,False
1083,195,2,Тип 2 — промежуточный,высокая,154.45415024782542,164,120,144,0.8580786124879191,False
1084,218,1,Тип 1 — медленный широкий,высокая,72.71366299248933,164,76,81,0.7181596344937219,False
1085,399,2,Тип 2 — промежуточный,высокая,123.61725782415871,164,102,115,0.859946141385452,False
1086,11,1,Тип 1 — медленный широкий,низкая,4.300888511822121,157,19,14,0.24576505781840693,False
1087,124,2,Тип 2 — промежуточный,высокая,186.24996604596532,161,141,173,0.861271519287701,False
1088,408,2,Тип 2 — промежуточный,высокая,48.508755424167134,161,54,45,0.8623778742074157,False
1089,211,3,Тип 3 — быстрый узкий,высокая,90.77744977822879,166,71,70,1.0374565688940434,False
1090,324,3,Тип 3 — быстрый узкий,высокая,162.79615235391114,160,113,127,1.025487573882905,False
1091,326,1,Тип 1 — медленный широкий,высокая,153.15710601522485,164,136,171,0.7165244725858473,False
1092,483,2,Тип 2 — промежуточный,высокая,41.16063348954439,160,46,35,0.9408144797610146,False
1093,427,2,Тип 2 — промежуточный,высокая,34.215685387158096,160,41,32,0.8553921346789525,False
1094,492,2,Тип 2 — промежуточный,высокая,46.494385969769326,161,52,45,0.826566861684788,False
1095,493,3,Тип 3 — быстрый узкий,высокая,61.11144185465346,160,57,48,1.018524030910891,False
1096,0,1,Тип 1 — медленный широкий,высокая,163.42131625136872,164,145,183,0.7144101256890436,False
1097,147,1,Тип 1 — медленный широкий,высокая,71.68365030093278,164,76,78,0.7352169261634132,False
1098,167,2,Тип 2 — промежуточный,высокая,138.0194522504365,164,111,127,0.8694138724436946,False
1099,221,1,Тип 1 — медленный широкий,низкая,15.90928745108307,160,32,26,0.4895165369564022,False
1100,309,2,Тип 2 — промежуточный,высокая,165.7037777885335,161,127,153,0.8664249819008288,False
1101,447,3,Тип 3 — быстрый узкий,высокая,150.46221325300718,160,105,116,1.0376704362276359,False
1102,229,1,Тип 1 — медленный широкий,высокая,66.53906132571252,164,72,73,0.7291951926105482,False
1103,494,2,Тип 2 — промежуточный,высокая,133.91193749658626,164,108,124,0.8639479838489437,False
1104,72,2,Тип 2 — промежуточный,высокая,178.03431559484252,161,136,165,0.8631966816719637,False
1105,108,1,Тип 1 — медленный широкий,высокая,175.64920046093283,164,153,196,0.7169355120854402,False
1106,76,2,Тип 2 — промежуточный,высокая,95.73067457261008,164,83,87,0.8802820650354951,False
1107,79,1,Тип 1 — медленный широкий,высокая,59.35139619938545,164,67,65,0.7304787224539748,False
1108,238,1,Тип 1 — медленный широкий,низкая,3.058596405723839,157,5,14,0.17477693746993367,False
1109,307,2,Тип 2 — промежуточный,высокая,69.91003365233992,164,68,63,0.8877464590773324,False
1110,474,3,Тип 3 — быстрый узкий,высокая,149.43319545565137,160,105,116,1.030573761763113,False
1111,183,2,Тип 2 — промежуточный,высокая,130.82961123330014,164,104,119,0.8795267982070599,False
1112,428,1,Тип 1 — медленный широкий,высокая,94.44181084452886,164,92,103,0.7335286279186708,False
1113,495,1,Тип 1 — медленный широкий,высокая,41.15512426868411,161,52,46,0.715741291629289,False
1114,67,2,Тип 2 — промежуточный,высокая,61.68366667534663,164,62,57,0.8657356726364439,False
1115,195,2,Тип 2 — промежуточный,высокая,154.45415024782542,164,120,144,0.8580786124879191,False
1116,448,3,Тип 3 — быстрый узкий,высокая,186.44871302212619,160,126,146,1.0216367836828832,False
1117,370,3,Тип 3 — быстрый узкий,высокая,73.23975069336593,166,62,59,0.9930813653337754,False
1118,296,1,Тип 1 — медленный широкий,низкая,13.581391359676406,155,36,24,0.4527130453225469,False
1119,496,2,Тип 2 — промежуточный,высокая,101.92558553465373,164,87,95,0.858320720291821,False
1120,76,2,Тип 2 — промежуточный,высокая,95.73067457261008,164,83,87,0.8802820650354951,False
1121,216,3,Тип 3 — быстрый узкий,высокая,189.5125880721388,160,128,150,1.010733803051407,False
1122,480,2,Тип 2 — промежуточный,высокая,49.51478192096725,161,56,48,0.8252463653494543,False
1123,497,1,Тип 1 — медленный широкий,высокая,38.17968410659097,161,51,42,0.7272320782207804,False
1124,165,2,Тип 2 — промежуточный,высокая,170.82802611172121,161,131,158,0.8649520309454239,False
1125,211,3,Тип 3 — быстрый узкий,высокая,90.77744977822879,166,71,70,1.0374565688940434,False
1126,338,1,Тип 1 — медленный широкий,высокая,179.71333709424977,164,156,199,0.7224656767608032,False
1127,425,3,Тип 3 — быстрый узкий,высокая,78.3940948981279,166,67,62,1.0115367083629407,False
1128,292,2,Тип 2 — промежуточный,высокая,168.7787127015887,161,129,157,0.8600189182246558,False
1129,92,3,Тип 3 — быстрый узкий,высокая,170.02000029275612,160,116,133,1.0226766934902625,False
1130,277,1,Тип 1 — медленный широкий,высокая,124.4114538503392,164,115,136,0.7318320814725835,False
1131,219,1,Тип 1 — медленный широкий,низкая,10.746674016759693,160,29,21,0.4093971054003693,False
1132,161,1,Тип 1 — медленный широкий,высокая,92.36159161834775,164,91,101,0.7315769633136456,False
1133,498,1,Тип 1 — медленный широкий,низкая,7.198195635697378,155,25,27,0.21327987068732973,False
1134,279,1,Тип 1 — медленный широкий,высокая,32.23319671182237,161,47,37,0.6969339829583217,False
1135,187,3,Тип 3 — быстрый узкий,высокая,153.5492626455767,160,107,119,1.032263950558499,False
1136,136,1,Тип 1 — медленный широкий,высокая,183.77351466616764,163,158,206,0.7136835521016219,False
1137,15,1,Тип 1 — медленный широкий,высокая,40.158718254225185,161,52,43,0.7471389442646547,False
1138,119,1,Тип 1 — медленный широкий,высокая,57.298244459640806,164,64,64,0.7162280557455101,False
1139,499,2,Тип 2 — промежуточный,высокая,105.02153517408385,164,89,96,0.8751794597840322,False
1140,178,1,Тип 1 — медленный широкий,низкая,28.263174709091928,161,44,37,0.6110956693857714,False
1141,343,3,Тип 3 — быстрый узкий,высокая,193.6017490147842,160,129,151,1.025704630541903,False
1142,377,2,Тип 2 — промежуточный,высокая,120.50163702222038,164,99,112,0.8607259787301456,False
1143,320,2,Тип 2 — промежуточный,высокая,33.22191402711881,160,41,31,0.8573397168288724,False
1144,240,2,Тип 2 — промежуточный,высокая,90.56737575210185,164,80,84,0.8625464357343033,False
1145,243,1,Тип 1 — медленный широкий,низкая,25.178981162900858,157,40,31,0.6497801590426028,False
1146,497,1,Тип 1 — медленный широкий,высокая,38.17968410659097,161,51,42,0.7272320782207804,False
1147,500,3,Тип 3 — быстрый узкий,высокая,64.13334252729292,160,58,50,1.0261334804366868,False
1148,334,1,Тип 1 — медленный широкий,низкая,8.61461203365348,157,29,18,0.38287164594015466,False
1149,123,1,Тип 1 — медленный широкий,высокая,58.32468716056789,164,67,65,0.7178423035146818,False
1150,121,2,Тип 2 — промежуточный,высокая,174.94121126149878,161,134,162,0.8639072161061668,False
1151,54,2,Тип 2 — промежуточный,высокая,189.30500799000592,161,144,177,0.8556158553220607,False
1152,501,2,Тип 2 — промежуточный,высокая,39.45258457890707,161,49,38,0.830580727976991,False
1153,502,2,Тип 2 — промежуточный,высокая,50.52446589079199,161,56,49,0.8248892390333387,False
1154,463,3,Тип 3 — быстрый узкий,высокая,113.49225742470371,166,85,89,1.0201551229186852,False
1155,272,1,Тип 1 — медленный широкий,высокая,31.786857228179514,157,45,35,0.7265567366441031,False
1156,265,3,Тип 3 — быстрый узкий,высокая,79.42532454537745,166,67,62,1.024842897359709,False
1157,151,2,Тип 2 — промежуточный,высокая,131.85777625061453,164,104,122,0.8646411557417347,False
1158,503,1,Тип 1 — медленный широкий,высокая,45.13556997376109,161,55,50,0.7221691195801775,False
1159,158,2,Тип 2 — промежуточный,высокая,125.6847386340568,164,102,117,0.859382828267055,False
1160,184,3,Тип 3 — быстрый узкий,высокая,120.69871649872941,166,88,93,1.0382685290213283,False
1161,441,1,Тип 1 — медленный широкий,высокая,101.70685653265124,164,99,112,0.7264775466617946,False
1162,252,1,Тип 1 — медленный широкий,низкая,11.901113501533786,155,33,31,0.3071255097170009,False
1163,245,1,Тип 1 — медленный широкий,высокая,63.456212938626976,164,70,69,0.7357242079840809,False
1164,139,3,Тип 3 — быстрый узкий,высокая,105.23782844813343,166,80,81,1.0393859599815647,False
1165,504,1,Тип 1 — медленный широкий,высокая,52.18336316253245,164,61,58,0.719770526379758,False
1166,414,2,Тип 2 — промежуточный,высокая,121.53405956167775,164,100,112,0.8681004254405554,False
1167,242,1,Тип 1 — медленный широкий,высокая,47.13288907750829,161,57,52,0.7251213704232045,False
1168,17,1,Тип 1 — медленный широкий,низкая,5.846769743476025,151,25,27,0.17323762202891924,False
1169,375,1,Тип 1 — медленный широкий,высокая,180.72810070150794,164,156,202,0.7157548542633978,False
1170,40,1,Тип 1 — медленный широкий,высокая,155.20239488802042,164,137,174,0.7135742293702089,False
1171,106,1,Тип 1 — медленный широкий,высокая,132.6378518099938,164,121,148,0.7169613611351017,False
1172,418,1,Тип 1 — медленный широкий,высокая,87.17139344047341,164,87,95,0.7340748921303024,False
1173,172,1,Тип 1 — медленный широкий,высокая,160.35533706979433,164,142,179,0.7166718975186338,False
1174,505,1,Тип 1 — медленный широкий,низкая,10.909343390619856,157,32,28,0.3116955254462816,False
1175,338,1,Тип 1 — медленный широкий,высокая,179.71333709424977,164,156,199,0.7224656767608032,False
1176,145,3,Тип 3 — быстрый узкий,высокая,165.89389153901655,160,114,130,1.020885486393948,False
1177,506,1,Тип 1 — медленный широкий,высокая,159.3228977548275,164,141,180,0.7081017677992334,False
1178,314,2,Тип 2 — промежуточный,высокая,111.21058900500259,164,93,101,0.8808759525148719,False
1179,366,1,Тип 1 — медленный широкий,высокая,149.04711454914354,164,133,167,0.7139981535288314,False
1180,495,1,Тип 1 — медленный широкий,высокая,41.15512426868411,161,52,46,0.715741291629289,False
1181,271,2,Тип 2 — промежуточный,высокая,166.72939941280575,161,128,154,0.8661267501963935,False
1182,275,1,Тип 1 — медленный широкий,высокая,172.5971308580513,164,152,192,0.719154711908547,False
1183,39,2,Тип 2 — промежуточный,высокая,63.739153352205335,164,63,59,0.8642597064705809,False
1184,255,1,Тип 1 — медленный широкий,низкая,14.134440669299766,160,32,26,0.4349058667476851,False
1185,165,2,Тип 2 — промежуточный,высокая,170.82802611172121,161,131,158,0.8649520309454239,False
1186,507,3,Тип 3 — быстрый узкий,высокая,144.30422043419506,166,102,111,1.0400304175437483,False
1187,415,1,Тип 1 — медленный широкий,высокая,123.38236540176062,164,115,136,0.7257786200103566,False
1188,508,2,Тип 2 — промежуточный,высокая,173.9083111227945,161,133,162,0.8588064746804667,False
1189,273,1,Тип 1 — медленный широкий,высокая,80.9632900882941,164,82,87,0.7444900238004056,False
1190,406,1,Тип 1 — медленный широкий,низкая,19.357347738492624,161,38,28,0.5530670782426464,False
1191,156,1,Тип 1 — медленный широкий,высокая,138.7973693372071,164,128,155,0.7163735191597786,False
1192,147,1,Тип 1 — медленный широкий,высокая,71.68365030093278,164,76,78,0.7352169261634132,False
1193,145,3,Тип 3 — быстрый узкий,высокая,165.89389153901655,160,114,130,1.020885486393948,False
1194,236,2,Тип 2 — промежуточный,высокая,149.3352253393489,164,118,140,0.8533441447962795,False
1195,26,1,Тип 1 — медленный широкий,низкая,12.533057497549368,157,32,28,0.3580873570728391,False
1196,305,3,Тип 3 — быстрый узкий,высокая,187.46962197876726,160,126,147,1.0202428407007742,False
1197,211,3,Тип 3 — быстрый узкий,высокая,90.77744977822879,166,71,70,1.0374565688940434,False
1198,459,1,Тип 1 — медленный широкий,высокая,77.86829667474481,164,80,84,0.7416028254737602,False
1199,221,1,Тип 1 — медленный широкий,низкая,15.90928745108307,160,32,26,0.4895165369564022,False
1200,13,3,Тип 3 — быстрый узкий,высокая,145.3263213257126,166,102,113,1.0288589120404432,False
1201,8,2,Тип 2 — промежуточный,высокая,96.7633163465348,164,84,88,0.8796665122412254,False
1202,124,2,Тип 2 — промежуточный,высокая,186.24996604596532,161,141,173,0.861271519287701,False
1203,509,3,Тип 3 — быстрый узкий,высокая,117.61115043595731,166,86,92,1.0227056559648462,False
1204,51,3,Тип 3 — быстрый узкий,высокая,178.25922988571827,160,119,140,1.018624170775533,False
1205,510,2,Тип 2 — промежуточный,высокая,184.20871721601,161,139,172,0.8567847312372557,False
1206,350,3,Тип 3 — быстрый узкий,высокая,75.30161551795237,166,63,60,1.004021540239365,False
1207,171,3,Тип 3 — быстрый узкий,высокая,62.11874720961757,160,58,48,1.0353124534936262,False
1208,304,2,Тип 2 — промежуточный,высокая,147.28536191240258,164,115,135,0.8728021446660894,False
1209,98,2,Тип 2 — промежуточный,высокая,172.87672926740026,161,133,159,0.8698200214711963,False
1210,196,1,Тип 1 — медленный широкий,низкая,11.558621633835386,160,29,21,0.440328443193729,False
1211,511,1,Тип 1 — медленный широкий,высокая,135.71815514290142,164,126,150,0.723830160762141,False
1212,280,3,Тип 3 — быстрый узкий,высокая,106.27223120762964,166,80,81,1.0496022835321446,False
1213,195,2,Тип 2 — промежуточный,высокая,154.45415024782542,164,120,144,0.8580786124879191,False
1214,96,1,Тип 1 — медленный широкий,низкая,20.342862175689024,161,38,28,0.5812246335911151,False
1215,180,2,Тип 2 — промежуточный,высокая,57.61059239371625,161,59,55,0.8379722529995093,False
1216,262,2,Тип 2 — промежуточный,высокая,183.1864611917974,161,138,169,0.867154845878331,False
1217,512,1,Тип 1 — медленный широкий,высокая,90.28332889712772,164,91,99,0.7295622537141634,False
1218,435,2,Тип 2 — промежуточный,высокая,62.711445346334926,164,63,59,0.8503246826621685,False
1219,68,3,Тип 3 — быстрый узкий,высокая,114.52205058227008,166,86,90,1.0179737829535118,False
1220,513,1,Тип 1 — медленный широкий,низкая,16.432364931898583,161,36,28,0.46949614091138814,False
1221,5,1,Тип 1 — медленный широкий,низкая,29.894178516459473,157,43,34,0.7033924356813994,False
1222,267,1,Тип 1 — медленный широкий,низкая,2.7252244847719456,157,3,7,0.31145422683107954,False
1223,252,1,Тип 1 — медленный широкий,низкая,11.901113501533786,155,33,31,0.3071255097170009,False
1224,284,1,Тип 1 — медленный широкий,низкая,12.730358847979556,155,34,24,0.4243452949326519,False
1225,355,1,Тип 1 — медленный широкий,высокая,116.17244089677851,164,111,128,0.7260777556048658,False
1226,490,3,Тип 3 — быстрый узкий,высокая,123.78402780261578,166,89,98,1.0104818596131901,False
1227,299,2,Тип 2 — промежуточный,высокая,159.56734218572208,164,123,148,0.8625261739768761,False
1228,486,1,Тип 1 — медленный широкий,высокая,54.22929021422305,164,63,62,0.6997327769577169,False
1229,343,3,Тип 3 — быстрый узкий,высокая,193.6017490147842,160,129,151,1.025704630541903,False
1230,19,1,Тип 1 — медленный широкий,высокая,50.1430920870544,164,59,55,0.7293540667207913,False
1231,217,1,Тип 1 — медленный широкий,низкая,27.05375403892895,157,42,33,0.655848582761914,False
1232,267,1,Тип 1 — медленный широкий,низкая,2.7252244847719456,157,3,7,0.31145422683107954,False
1233,218,1,Тип 1 — медленный широкий,высокая,72.71366299248933,164,76,81,0.7181596344937219,False
1234,99,1,Тип 1 — медленный широкий,низкая,27.308435799580256,160,39,29,0.7533361599884209,False
1235,252,1,Тип 1 — медленный широкий,низкая,11.901113501533786,155,33,31,0.3071255097170009,False
1236,83,3,Тип 3 — быстрый узкий,высокая,185.42780414396887,160,125,144,1.0301544674664938,False
1237,102,3,Тип 3 — быстрый узкий,высокая,93.87830105236762,166,74,72,1.0430922339151958,False
1238,388,1,Тип 1 — медленный широкий,низкая,22.457954391411043,160,36,29,0.6195297763147875,False
1239,353,1,Тип 1 — медленный широкий,низкая,29.280061096534595,160,40,30,0.7808016292409226,False
1240,258,2,Тип 2 — промежуточный,высокая,97.79575604403466,164,84,88,0.8890523276730424,False
1241,350,3,Тип 3 — быстрый узкий,высокая,75.30161551795237,166,63,60,1.004021540239365,False
1242,185,3,Тип 3 — быстрый узкий,высокая,158.68886262992103,160,109,122,1.0405827057699741,False
1243,514,3,Тип 3 — быстрый узкий,высокая,140.21193023476542,166,99,108,1.038606890627892,False
1244,216,3,Тип 3 — быстрый узкий,высокая,189.5125880721388,160,128,150,1.010733803051407,False
1245,515,3,Тип 3 — быстрый узкий,высокая,134.0654749911986,166,97,105,1.02145123802818,False
1246,306,3,Тип 3 — быстрый узкий,высокая,147.37384234106162,160,103,114,1.0342024023934149,False
1247,402,2,Тип 2 — промежуточный,высокая,181.13757928584084,161,138,168,0.8625599013611469,False
1248,240,2,Тип 2 — промежуточный,высокая,90.56737575210185,164,80,84,0.8625464357343033,False
1249,235,3,Тип 3 — быстрый узкий,высокая,148.40403113730397,160,105,114,1.0414317974547647,False
1250,496,2,Тип 2 — промежуточный,высокая,101.92558553465373,164,87,95,0.858320720291821,False
1251,501,2,Тип 2 — промежуточный,высокая,39.45258457890707,161,49,38,0.830580727976991,False
1252,87,2,Тип 2 — промежуточный,высокая,169.80336939464996,161,130,158,0.8597638956691138,False
1253,516,2,Тип 2 — промежуточный,высокая,122.57497268038927,164,101,113,0.8677874172062957,False
1254,515,3,Тип 3 — быстрый узкий,высокая,134.0654749911986,166,97,105,1.02145123802818,False
1255,99,1,Тип 1 — медленный широкий,низкая,27.308435799580256,160,39,29,0.7533361599884209,False
1256,216,3,Тип 3 — быстрый узкий,высокая,189.5125880721388,160,128,150,1.010733803051407,False
1257,65,1,Тип 1 — медленный широкий,низкая,11.710884051628835,157,32,28,0.33459668718939534,False
1258,157,1,Тип 1 — медленный широкий,низкая,25.290609264196753,161,43,31,0.6526608842373356,False
1259,145,3,Тип 3 — быстрый узкий,высокая,165.89389153901655,160,114,130,1.020885486393948,False
1260,67,2,Тип 2 — промежуточный,высокая,61.68366667534663,164,62,57,0.8657356726364439,False
1261,517,1,Тип 1 — медленный широкий,низкая,9.360087225651881,157,29,28,0.26743106359005375,False
1262,473,3,Тип 3 — быстрый узкий,высокая,42.15365764443945,160,46,35,0.9635121747300446,False
1263,376,1,Тип 1 — медленный широкий,высокая,99.63450071991619,164,97,108,0.7380333386660459,False
1264,384,1,Тип 1 — медленный широкий,высокая,103.77920123692091,164,100,112,0.7412800088351494,False
1265,269,3,Тип 3 — быстрый узкий,высокая,164.8605237498769,160,113,129,1.0223908449604768,False
1266,97,3,Тип 3 — быстрый узкий,высокая,130.98956559324444,166,94,102,1.0273691419077995,False
1267,509,3,Тип 3 — быстрый узкий,высокая,117.61115043595731,166,86,92,1.0227056559648462,False
1268,275,1,Тип 1 — медленный широкий,высокая,172.5971308580513,164,152,192,0.719154711908547,False
1269,509,3,Тип 3 — быстрый узкий,высокая,117.61115043595731,166,86,92,1.0227056559648462,False
1270,492,2,Тип 2 — промежуточный,высокая,46.494385969769326,161,52,45,0.826566861684788,False
1271,164,3,Тип 3 — быстрый узкий,высокая,104.20345637652946,166,80,81,1.0291699395212788,False
1272,359,1,Тип 1 — медленный широкий,низкая,25.364988332037736,160,37,27,0.7515552098381553,False
1273,518,2,Тип 2 — промежуточный,высокая,142.126212753801,164,112,130,0.8746228477156985,False
1274,100,3,Тип 3 — быстрый узкий,высокая,124.81246607539046,166,91,98,1.0188772740848202,False
1275,59,3,Тип 3 — быстрый узкий,высокая,137.14085874359705,166,98,106,1.0350253490082797,False
1276,274,1,Тип 1 — медленный широкий,высокая,88.20708267969752,164,87,96,0.7350590223308128,False
1277,185,3,Тип 3 — быстрый узкий,высокая,158.68886262992103,160,109,122,1.0405827057699741,False
1278,211,3,Тип 3 — быстрый узкий,высокая,90.77744977822879,166,71,70,1.0374565688940434,False
1279,106,1,Тип 1 — медленный широкий,высокая,132.6378518099938,164,121,148,0.7169613611351017,False
1280,242,1,Тип 1 — медленный широкий,высокая,47.13288907750829,161,57,52,0.7251213704232045,False
1281,16,3,Тип 3 — быстрый узкий,высокая,191.55748356308752,160,128,152,1.008197281910987,False
1282,519,1,Тип 1 — медленный широкий,высокая,44.141230448257495,161,55,48,0.7356871741376249,False
1283,308,3,Тип 3 — быстрый узкий,высокая,48.12041974526425,160,49,40,0.9624083949052851,False
1284,292,2,Тип 2 — промежуточный,высокая,168.7787127015887,161,129,157,0.8600189182246558,False
1285,359,1,Тип 1 — медленный широкий,низкая,25.364988332037736,160,37,27,0.7515552098381553,False
1286,520,1,Тип 1 — медленный широкий,высокая,55.2522411279185,164,63,60,0.7366965483722467,False
1287,237,1,Тип 1 — медленный широкий,низкая,3.1397472717548105,151,9,14,0.17941412981456062,False
1288,521,1,Тип 1 — медленный широкий,высокая,154.17904072970535,164,137,173,0.7129666623338976,False
1289,522,1,Тип 1 — медленный широкий,высокая,86.13605908639285,164,86,94,0.7330728432884498,False
1290,523,1,Тип 1 — медленный широкий,высокая,70.65369276994525,164,73,78,0.7246532591789256,False
1291,335,1,Тип 1 — медленный широкий,высокая,105.85146531914287,164,101,115,0.7363580196114288,False
1292,244,2,Тип 2 — промежуточный,высокая,86.43034964962003,164,76,79,0.8752440470847599,False
1293,324,3,Тип 3 — быстрый узкий,высокая,162.79615235391114,160,113,127,1.025487573882905,False
1294,149,1,Тип 1 — медленный широкий,высокая,107.9210532999669,164,104,119,0.7255196860501977,False
1295,485,3,Тип 3 — быстрый узкий,высокая,136.1159575827169,166,98,106,1.0272902459072975,False
1296,524,3,Тип 3 — быстрый узкий,высокая,99.03680146368356,166,76,77,1.0289537814408682,False
1297,517,1,Тип 1 — медленный широкий,низкая,9.360087225651881,157,29,28,0.26743106359005375,False
1298,251,3,Тип 3 — быстрый узкий,высокая,68.17062185973276,160,60,54,1.0099351386627076,False
1299,230,1,Тип 1 — медленный широкий,высокая,137.77096452734992,164,126,153,0.7203710563521565,False
1300,138,3,Тип 3 — быстрый узкий,высокая,58.10606094631098,160,55,45,1.0329966390455285,False
1301,91,2,Тип 2 — промежуточный,высокая,124.65169720199064,164,102,116,0.8596668772551079,False
1302,350,3,Тип 3 — быстрый узкий,высокая,75.30161551795237,166,63,60,1.004021540239365,False
1303,496,2,Тип 2 — промежуточный,высокая,101.92558553465373,164,87,95,0.858320720291821,False
1304,188,2,Тип 2 — промежуточный,высокая,109.14841073828256,164,93,101,0.8645418672339213,False
1305,287,1,Тип 1 — медленный широкий,высокая,121.32367927221078,164,114,135,0.7189551364279158,False
1306,312,1,Тип 1 — медленный широкий,низкая,26.33647203106727,160,37,27,0.7803399120316229,False
1307,283,3,Тип 3 — быстрый узкий,высокая,100.06842649468375,166,76,77,1.0396719635811298,False
1308,239,3,Тип 3 — быстрый узкий,высокая,174.14641572413592,160,119,136,1.0243906807302114,False
1309,305,3,Тип 3 — быстрый узкий,высокая,187.46962197876726,160,126,147,1.0202428407007742,False
1310,453,3,Тип 3 — быстрый узкий,высокая,52.10717611380001,160,51,41,1.0167253875863418,False
1311,39,2,Тип 2 — промежуточный,высокая,63.739153352205335,164,63,59,0.8642597064705809,False
1312,470,2,Тип 2 — промежуточный,высокая,179.06430516659205,161,136,167,0.8577930786423572,False
1313,106,1,Тип 1 — медленный широкий,высокая,132.6378518099938,164,121,148,0.7169613611351017,False
1314,494,2,Тип 2 — промежуточный,высокая,133.91193749658626,164,108,124,0.8639479838489437,False
1315,325,1,Тип 1 — медленный широкий,низкая,15.472955468524184,161,36,25,0.4951345749927739,False
1316,340,1,Тип 1 — медленный широкий,высокая,113.0789430353976,164,107,123,0.7354728002302284,False
1317,503,1,Тип 1 — медленный широкий,высокая,45.13556997376109,161,55,50,0.7221691195801775,False
1318,375,1,Тип 1 — медленный широкий,высокая,180.72810070150794,164,156,202,0.7157548542633978,False
1319,271,2,Тип 2 — промежуточный,высокая,166.72939941280575,161,128,154,0.8661267501963935,False
1320,264,1,Тип 1 — медленный широкий,низкая,4.111300308865549,151,21,21,0.156620964147259,False
1321,171,3,Тип 3 — быстрый узкий,высокая,62.11874720961757,160,58,48,1.0353124534936262,False
1322,312,1,Тип 1 — медленный широкий,низкая,26.33647203106727,160,37,27,0.7803399120316229,False
1323,16,3,Тип 3 — быстрый узкий,высокая,191.55748356308752,160,128,152,1.008197281910987,False
1324,323,3,Тип 3 — быстрый узкий,высокая,183.38121818351757,160,125,145,1.0117584451504418,False
1325,82,2,Тип 2 — промежуточный,высокая,160.58986268941894,164,125,147,0.873958436405001,False
1326,427,2,Тип 2 — промежуточный,высокая,34.215685387158096,160,41,32,0.8553921346789525,False
1327,338,1,Тип 1 — медленный широкий,высокая,179.71333709424977,164,156,199,0.7224656767608032,False
1328,131,3,Тип 3 — быстрый узкий,высокая,56.10031815426071,160,53,45,0.9973389894090794,False
1329,311,3,Тип 3 — быстрый узкий,высокая,152.52024676113524,160,107,118,1.0340355712619338,False
1330,339,1,Тип 1 — медленный широкий,высокая,162.40098236602495,164,144,181,0.7177943971979004,False
1331,510,2,Тип 2 — промежуточный,высокая,184.20871721601,161,139,172,0.8567847312372557,False
1332,237,1,Тип 1 — медленный широкий,низкая,3.1397472717548105,151,9,14,0.17941412981456062,False
1333,505,1,Тип 1 — медленный широкий,низкая,10.909343390619856,157,32,28,0.3116955254462816,False
1334,409,1,Тип 1 — медленный широкий,высокая,182.75753355608686,163,158,204,0.7166962100238701,False
1335,239,3,Тип 3 — быстрый узкий,высокая,174.14641572413592,160,119,136,1.0243906807302114,False
1336,148,3,Тип 3 — быстрый узкий,высокая,156.6334380217536,160,109,121,1.0355929786562221,False
1337,153,1,Тип 1 — медленный широкий,низкая,15.987991878651753,157,34,31,0.41259333880391624,False
1338,447,3,Тип 3 — быстрый узкий,высокая,150.46221325300718,160,105,116,1.0376704362276359,False
1339,193,2,Тип 2 — промежуточный,высокая,38.444170975413634,161,49,37,0.8312253183873218,False
1340,24,2,Тип 2 — промежуточный,высокая,59.64063368389887,161,60,55,0.8675001263112563,False
1341,318,3,Тип 3 — быстрый узкий,высокая,108.33831302157677,166,81,85,1.0196547107913108,False
1342,488,2,Тип 2 — промежуточный,высокая,140.07067683108718,164,111,129,0.8686553601927888,False
1343,247,1,Тип 1 — медленный широкий,низкая,9.174164288154028,160,29,17,0.43172537826607194,False
1344,459,1,Тип 1 — медленный широкий,высокая,77.86829667474481,164,80,84,0.7416028254737602,False
1345,461,3,Тип 3 — быстрый узкий,высокая,92.84462030468018,166,74,72,1.0316068922742243,False
1346,331,1,Тип 1 — медленный широкий,высокая,145.97126046647406,164,131,162,0.7208457306986373,False
1347,525,2,Тип 2 — промежуточный,высокая,77.12868765106437,164,72,71,0.8690556355049507,False
1348,177,3,Тип 3 — быстрый узкий,высокая,102.13481576492747,166,76,79,1.0342766153410377,False
1349,526,2,Тип 2 — промежуточный,высокая,42.46929809372159,161,50,40,0.8493859618744318,False
1350,209,1,Тип 1 — медленный широкий,высокая,64.48373907536981,164,70,70,0.7369570180042265,False
1351,7,2,Тип 2 — промежуточный,высокая,58.62629131400764,161,60,55,0.8527460554764748,False
1352,25,1,Тип 1 — медленный широкий,высокая,168.521799039909,164,148,187,0.7209488728980065,False
1353,385,1,Тип 1 — медленный широкий,низкая,12.403807843199306,160,29,21,0.47252601307425934,False
1354,227,1,Тип 1 — медленный широкий,высокая,128.52666070850637,164,119,143,0.7190302696979378,False
1355,87,2,Тип 2 — промежуточный,высокая,169.80336939464996,161,130,158,0.8597638956691138,False
1356,245,1,Тип 1 — медленный широкий,высокая,63.456212938626976,164,70,69,0.7357242079840809,False
1357,135,2,Тип 2 — промежуточный,высокая,83.3277141514719,164,74,77,0.8657424846906172,False
1358,373,1,Тип 1 — медленный широкий,высокая,81.99677159991116,164,83,89,0.7370496323587521,False
1359,512,1,Тип 1 — медленный широкий,высокая,90.28332889712772,164,91,99,0.7295622537141634,False
1360,63,1,Тип 1 — медленный широкий,высокая,120.2934315241281,164,112,132,0.729051100146231,False
1361,527,3,Тип 3 — быстрый узкий,высокая,91.81100273527112,166,74,70,1.049268602688813,False
1362,455,2,Тип 2 — промежуточный,высокая,177.00365908359169,161,136,164,0.8634324833345937,False
1363,102,3,Тип 3 — быстрый узкий,высокая,93.87830105236762,166,74,72,1.0430922339151958,False
1364,488,2,Тип 2 — промежуточный,высокая,140.07067683108718,164,111,129,0.8686553601927888,False
1365,13,3,Тип 3 — быстрый узкий,высокая,145.3263213257126,166,102,113,1.0288589120404432,False
1366,383,1,Тип 1 — медленный широкий,высокая,33.68219066006812,157,46,37,0.7282635818393107,False
1367,33,1,Тип 1 — медленный широкий,высокая,61.40508725216782,164,68,67,0.7331950716676755,False
1368,501,2,Тип 2 — промежуточный,высокая,39.45258457890707,161,49,38,0.830580727976991,False
1369,288,1,Тип 1 — медленный широкий,низкая,17.74093386968938,160,32,28,0.506883824848268,False
1370,435,2,Тип 2 — промежуточный,высокая,62.711445346334926,164,63,59,0.8503246826621685,False
1371,523,1,Тип 1 — медленный широкий,высокая,70.65369276994525,164,73,78,0.7246532591789256,False
1372,390,1,Тип 1 — медленный широкий,высокая,144.94765347415162,164,130,161,0.7202367874492006,False
1373,505,1,Тип 1 — медленный широкий,низкая,10.909343390619856,157,32,28,0.3116955254462816,False
1374,528,1,Тип 1 — медленный широкий,низкая,20.55256361349395,160,36,27,0.6089648478072281,False
1375,77,1,Тип 1 — медленный широкий,низкая,2.703350790206454,151,3,14,0.15447718801179738,False
1376,309,2,Тип 2 — промежуточный,высокая,165.7037777885335,161,127,153,0.8664249819008288,False
1377,139,3,Тип 3 — быстрый узкий,высокая,105.23782844813343,166,80,81,1.0393859599815647,False
1378,35,2,Тип 2 — промежуточный,высокая,116.3695354099528,164,96,108,0.861996558592243,False
1379,147,1,Тип 1 — медленный широкий,высокая,71.68365030093278,164,76,78,0.7352169261634132,False
1380,505,1,Тип 1 — медленный широкий,низкая,10.909343390619856,157,32,28,0.3116955254462816,False
1381,49,1,Тип 1 — медленный широкий,высокая,151.1036508937477,164,136,168,0.719541194732132,False
1382,529,3,Тип 3 — быстрый узкий,высокая,194.62081120345474,160,129,152,1.0243200589655512,False
1383,99,1,Тип 1 — медленный широкий,низкая,27.308435799580256,160,39,29,0.7533361599884209,False
1384,530,1,Тип 1 — медленный широкий,низкая,13.262954884491142,160,31,21,0.5052554241710911,False
1385,255,1,Тип 1 — медленный широкий,низкая,14.134440669299766,160,32,26,0.4349058667476851,False
1386,174,1,Тип 1 — медленный широкий,низкая,14.520553589672321,161,36,24,0.4840184529890774,False
1387,331,1,Тип 1 — медленный широкий,высокая,145.97126046647406,164,131,162,0.7208457306986373,False
1388,125,1,Тип 1 — медленный широкий,высокая,60.37819969427708,164,67,66,0.7318569659912374,False
1389,499,2,Тип 2 — промежуточный,высокая,105.02153517408385,164,89,96,0.8751794597840322,False
1390,124,2,Тип 2 — промежуточный,высокая,186.24996604596532,161,141,173,0.861271519287701,False
1391,501,2,Тип 2 — промежуточный,высокая,39.45258457890707,161,49,38,0.830580727976991,False
1392,448,3,Тип 3 — быстрый узкий,высокая,186.44871302212619,160,126,146,1.0216367836828832,False
1393,335,1,Тип 1 — медленный широкий,высокая,105.85146531914287,164,101,115,0.7363580196114288,False
1394,111,1,Тип 1 — медленный широкий,высокая,131.61005380334282,164,121,145,0.7261244347770639,False
1395,531,3,Тип 3 — быстрый узкий,высокая,109.36906569636876,166,82,85,1.029355912436412,False
1396,176,3,Тип 3 — быстрый узкий,высокая,184.404687648927,160,125,145,1.0174051732354592,False
1397,532,2,Тип 2 — промежуточный,высокая,66.8217968383089,164,66,62,0.8622167333975342,False
1398,223,1,Тип 1 — медленный широкий,высокая,164.44146280452364,164,146,184,0.7149628817587985,False
1399,464,2,Тип 2 — промежуточный,высокая,115.33640524853604,164,96,106,0.8704634358380079,False
1400,168,1,Тип 1 — медленный широкий,высокая,169.54063199910289,164,149,189,0.7176323047581076,False
1401,184,3,Тип 3 — быстрый узкий,высокая,120.69871649872941,166,88,93,1.0382685290213283,False
1402,333,1,Тип 1 — медленный широкий,высокая,108.95309388904909,164,104,120,0.7263539592603273,False
1403,420,2,Тип 2 — промежуточный,высокая,37.49420562121005,157,48,37,0.8106855269450822,False
1404,321,1,Тип 1 — медленный широкий,высокая,157.26139736205684,164,141,176,0.7148245334638947,False
1405,306,3,Тип 3 — быстрый узкий,высокая,147.37384234106162,160,103,114,1.0342024023934149,False
1406,202,3,Тип 3 — быстрый узкий,высокая,154.5780123092776,160,108,119,1.039179914684219,False
1407,85,2,Тип 2 — промежуточный,высокая,91.59998840396362,164,80,83,0.8828914544960349,False
1408,58,1,Тип 1 — медленный широкий,низкая,7.2152410877539666,157,29,18,0.3206773816779541,False
1409,350,3,Тип 3 — быстрый узкий,высокая,75.30161551795237,166,63,60,1.004021540239365,False
1410,96,1,Тип 1 — медленный широкий,низкая,20.342862175689024,161,38,28,0.5812246335911151,False
1411,168,1,Тип 1 — медленный широкий,высокая,169.54063199910289,164,149,189,0.7176323047581076,False
1412,182,1,Тип 1 — медленный широкий,высокая,32.730549319060884,157,46,36,0.7273455404235752,False
1413,359,1,Тип 1 — медленный широкий,низкая,25.364988332037736,160,37,27,0.7515552098381553,False
1414,533,1,Тип 1 — медленный широкий,низкая,15.110598475718229,157,32,31,0.3899509284056317,False
1415,311,3,Тип 3 — быстрый узкий,высокая,152.52024676113524,160,107,118,1.0340355712619338,False
1416,130,3,Тип 3 — быстрый узкий,высокая,39.17010808017771,160,45,32,0.9792527020044428,False
1417,438,3,Тип 3 — быстрый узкий,высокая,69.18498071291457,160,61,55,1.0063269921878482,False
1418,420,2,Тип 2 — промежуточный,высокая,37.49420562121005,157,48,37,0.8106855269450822,False
1419,61,1,Тип 1 — медленный широкий,низкая,6.974128036854599,160,26,14,0.3985216021059771,False
1420,111,1,Тип 1 — медленный широкий,высокая,131.61005380334282,164,121,145,0.7261244347770639,False
1421,197,1,Тип 1 — медленный широкий,низкая,22.36148259772997,157,38,30,0.5963062026061327,False
1422,337,1,Тип 1 — медленный широкий,высокая,166.48175589410405,164,147,187,0.71222141558975,False
1423,75,3,Тип 3 — быстрый узкий,высокая,76.3324648706218,166,65,62,0.9849350305886685,False
1424,462,1,Тип 1 — медленный широкий,низкая,5.047573248804104,160,25,14,0.28843275707452026,False
1425,53,1,Тип 1 — медленный широкий,высокая,112.0476994608148,164,105,123,0.728765524948389,False
1426,212,1,Тип 1 — медленный широкий,низкая,5.950519901954288,157,21,18,0.2644675511979684,False
1427,305,3,Тип 3 — быстрый узкий,высокая,187.46962197876726,160,126,147,1.0202428407007742,False
1428,43,2,Тип 2 — промежуточный,высокая,89.53450890113623,164,80,83,0.8629832183242047,False
1429,24,2,Тип 2 — промежуточный,высокая,59.64063368389887,161,60,55,0.8675001263112563,False
1430,54,2,Тип 2 — промежуточный,высокая,189.30500799000592,161,144,177,0.8556158553220607,False
1431,334,1,Тип 1 — медленный широкий,низкая,8.61461203365348,157,29,18,0.38287164594015466,False
1432,377,2,Тип 2 — промежуточный,высокая,120.50163702222038,164,99,112,0.8607259787301456,False
1433,41,3,Тип 3 — быстрый узкий,высокая,163.8271559948141,160,113,128,1.0239197249675882,False
1434,169,3,Тип 3 — быстрый узкий,высокая,175.17848781447327,160,119,137,1.022940074829041,False
1435,350,3,Тип 3 — быстрый узкий,высокая,75.30161551795237,166,63,60,1.004021540239365,False
1436,185,3,Тип 3 — быстрый узкий,высокая,158.68886262992103,160,109,122,1.0405827057699741,False
1437,186,1,Тип 1 — медленный широкий,высокая,109.98513347447268,164,105,120,0.7332342231631512,False
1438,464,2,Тип 2 — промежуточный,высокая,115.33640524853604,164,96,106,0.8704634358380079,False
1439,220,1,Тип 1 — медленный широкий,низкая,11.08532321551454,155,33,33,0.26873510825489794,False
1440,255,1,Тип 1 — медленный широкий,низкая,14.134440669299766,160,32,26,0.4349058667476851,False
1441,435,2,Тип 2 — промежуточный,высокая,62.711445346334926,164,63,59,0.8503246826621685,False
1442,299,2,Тип 2 — промежуточный,высокая,159.56734218572208,164,123,148,0.8625261739768761,False
1443,435,2,Тип 2 — промежуточный,высокая,62.711445346334926,164,63,59,0.8503246826621685,False
1444,151,2,Тип 2 — промежуточный,высокая,131.85777625061453,164,104,122,0.8646411557417347,False
1445,465,1,Тип 1 — медленный широкий,низкая,6.305315858852972,160,26,14,0.360303763363027,False
1446,242,1,Тип 1 — медленный широкий,высокая,47.13288907750829,161,57,52,0.7251213704232045,False
1447,37,3,Тип 3 — быстрый узкий,высокая,195.63913190096895,160,130,153,1.0229497092861124,False
1448,494,2,Тип 2 — промежуточный,высокая,133.91193749658626,164,108,124,0.8639479838489437,False
1449,160,3,Тип 3 — быстрый узкий,высокая,45.133654767541884,160,48,36,1.0029701059453753,False
1450,534,3,Тип 3 — быстрый узкий,высокая,180.30817984293498,160,121,142,1.015820731509493,False
1451,287,1,Тип 1 — медленный широкий,высокая,121.32367927221078,164,114,135,0.7189551364279158,False
1452,340,1,Тип 1 — медленный широкий,высокая,113.0789430353976,164,107,123,0.7354728002302284,False
1453,498,1,Тип 1 — медленный широкий,низкая,7.198195635697378,155,25,27,0.21327987068732973,False
1454,245,1,Тип 1 — медленный широкий,высокая,63.456212938626976,164,70,69,0.7357242079840809,False
1455,535,1,Тип 1 — медленный широкий,низкая,21.498706161106597,160,36,29,0.5930677561684579,False
1456,530,1,Тип 1 — медленный широкий,низкая,13.262954884491142,160,31,21,0.5052554241710911,False
1457,532,2,Тип 2 — промежуточный,высокая,66.8217968383089,164,66,62,0.8622167333975342,False
1458,479,1,Тип 1 — медленный широкий,высокая,43.1464707701153,161,55,47,0.7344080131083456,False
1459,104,1,Тип 1 — медленный широкий,низкая,2.300075425537707,151,3,12,0.1533383617025138,False
1460,394,1,Тип 1 — медленный широкий,низкая,9.951344857956306,160,29,21,0.3790988517316688,False
1461,274,1,Тип 1 — медленный широкий,высокая,88.20708267969752,164,87,96,0.7350590223308128,False
1462,403,3,Тип 3 — быстрый узкий,высокая,166.92658447855084,160,114,131,1.01939898918199,False
1463,417,1,Тип 1 — медленный широкий,низкая,18.672842135573813,160,32,27,0.5532693966095944,False
1464,117,1,Тип 1 — медленный широкий,высокая,68.59471113038528,164,72,74,0.7415644446528138,False
1465,140,1,Тип 1 — медленный широкий,низкая,6.567783531294809,157,25,18,0.2919014902797693,False
1466,253,3,Тип 3 — быстрый узкий,высокая,54.1027880509509,160,53,40,1.082055761019018,False
1467,358,3,Тип 3 — быстрый узкий,высокая,133.04022944079728,166,95,104,1.0233863803138252,False
1468,380,1,Тип 1 — медленный широкий,высокая,62.430598821363674,164,68,69,0.7238330298129122,False
1469,512,1,Тип 1 — медленный широкий,высокая,90.28332889712772,164,91,99,0.7295622537141634,False
1470,322,2,Тип 2 — промежуточный,высокая,190.32268275576735,161,144,178,0.8553828438461455,False
1471,321,1,Тип 1 — медленный широкий,высокая,157.26139736205684,164,141,176,0.7148245334638947,False
1472,482,3,Тип 3 — быстрый узкий,высокая,43.1452359012911,160,46,36,0.9587830200286912,False
1473,159,1,Тип 1 — медленный широкий,высокая,69.62379086111812,164,73,76,0.7328820090644014,False
1474,183,2,Тип 2 — промежуточный,высокая,130.82961123330014,164,104,119,0.8795267982070599,False
1475,256,1,Тип 1 — медленный широкий,высокая,98.5983180213225,164,95,106,0.7441382492175284,False
1476,511,1,Тип 1 — медленный широкий,высокая,135.71815514290142,164,126,150,0.723830160762141,False
1477,284,1,Тип 1 — медленный широкий,низкая,12.730358847979556,155,34,24,0.4243452949326519,False
1478,5,1,Тип 1 — медленный широкий,низкая,29.894178516459473,157,43,34,0.7033924356813994,False
1479,349,2,Тип 2 — промежуточный,высокая,36.1991162516392,160,43,33,0.8775543333730714,False
1480,274,1,Тип 1 — медленный широкий,высокая,88.20708267969752,164,87,96,0.7350590223308128,False
1481,83,3,Тип 3 — быстрый узкий,высокая,185.42780414396887,160,125,144,1.0301544674664938,False
1482,536,1,Тип 1 — медленный широкий,высокая,171.57829790765308,164,151,189,0.7262573456408596,False
1483,537,1,Тип 1 — медленный широкий,высокая,39.169674213616986,161,51,43,0.7287381249045022,False
1484,511,1,Тип 1 — медленный широкий,высокая,135.71815514290142,164,126,150,0.723830160762141,False
1485,342,1,Тип 1 — медленный широкий,высокая,30.248561643753572,161,47,36,0.6721902587500794,False
1486,6,1,Тип 1 — медленный широкий,высокая,46.13166860909622,161,57,52,0.7097179786014802,False
1487,538,3,Тип 3 — быстрый узкий,высокая,86.64529033582701,166,69,66,1.05024594346457,False
1488,183,2,Тип 2 — промежуточный,высокая,130.82961123330014,164,104,119,0.8795267982070599,False
1489,444,3,Тип 3 — быстрый узкий,высокая,132.01498111966077,166,94,103,1.0253590766575595,False
1490,137,3,Тип 3 — быстрый узкий,высокая,188.4905310082839,160,127,147,1.0257988082083478,False
1491,93,3,Тип 3 — быстрый узкий,высокая,177.23395723032965,160,119,139,1.020051552404775,False
1492,480,2,Тип 2 — промежуточный,высокая,49.51478192096725,161,56,48,0.8252463653494543,False
1493,296,1,Тип 1 — медленный широкий,низкая,13.581391359676406,155,36,24,0.4527130453225469,False
1494,201,1,Тип 1 — медленный широкий,высокая,36.19592437460549,161,51,40,0.7239184874921099,False
1495,378,1,Тип 1 — медленный широкий,высокая,35.59151306013435,157,48,38,0.7492950117923022,False
1496,96,1,Тип 1 — медленный широкий,низкая,20.342862175689024,161,38,28,0.5812246335911151,False
1497,207,2,Тип 2 — промежуточный,высокая,93.66529348814132,164,83,86,0.8713050557036401,False
1498,122,1,Тип 1 — медленный широкий,высокая,190.89096870155407,163,164,215,0.7102919765639222,False
1499,295,1,Тип 1 — медленный широкий,низкая,23.425219590468963,160,36,31,0.60452179588307,False
1500,244,2,Тип 2 — промежуточный,высокая,86.43034964962003,164,76,79,0.8752440470847599,False
1501,434,1,Тип 1 — медленный широкий,низкая,4.810898755807535,157,21,14,0.27490850033185915,False
1502,372,1,Тип 1 — медленный широкий,низкая,18.373309010536495,161,38,28,0.5249516860153285,False
1503,121,2,Тип 2 — промежуточный,высокая,174.94121126149878,161,134,162,0.8639072161061668,False
1504,215,1,Тип 1 — медленный широкий,высокая,96.522099418275,164,92,106,0.7284686748549057,False
1505,417,1,Тип 1 — медленный широкий,низкая,18.672842135573813,160,32,27,0.5532693966095944,False
1506,25,1,Тип 1 — медленный широкий,высокая,168.521799039909,164,148,187,0.7209488728980065,False
1507,470,2,Тип 2 — промежуточный,высокая,179.06430516659205,161,136,167,0.8577930786423572,False
1508,164,3,Тип 3 — быстрый узкий,высокая,104.20345637652946,166,80,81,1.0291699395212788,False
1509,43,2,Тип 2 — промежуточный,высокая,89.53450890113623,164,80,83,0.8629832183242047,False
1510,362,2,Тип 2 — промежуточный,высокая,152.40657983757575,164,119,141,0.8647181834756071,False
1511,84,3,Тип 3 — быстрый узкий,высокая,155.60572533322457,160,109,121,1.0287981840213194,False
1512,309,2,Тип 2 — промежуточный,высокая,165.7037777885335,161,127,153,0.8664249819008288,False
1513,120,3,Тип 3 — быстрый узкий,высокая,38.176657737751995,160,44,32,0.9544164434437999,False
1514,513,1,Тип 1 — медленный широкий,низкая,16.432364931898583,161,36,28,0.46949614091138814,False
1515,305,3,Тип 3 — быстрый узкий,высокая,187.46962197876726,160,126,147,1.0202428407007742,False
1516,39,2,Тип 2 — промежуточный,высокая,63.739153352205335,164,63,59,0.8642597064705809,False
1517,445,2,Тип 2 — промежуточный,высокая,151.3827948590852,164,118,141,0.8589094743777884,False
1518,170,1,Тип 1 — медленный широкий,высокая,173.6159638061221,164,152,194,0.7159421187881323,False
1519,51,3,Тип 3 — быстрый узкий,высокая,178.25922988571827,160,119,140,1.018624170775533,False
1520,51,3,Тип 3 — быстрый узкий,высокая,178.25922988571827,160,119,140,1.018624170775533,False
1521,49,1,Тип 1 — медленный широкий,высокая,151.1036508937477,164,136,168,0.719541194732132,False
1522,19,1,Тип 1 — медленный широкий,высокая,50.1430920870544,164,59,55,0.7293540667207913,False
1523,267,1,Тип 1 — медленный широкий,низкая,2.7252244847719456,157,3,7,0.31145422683107954,False
1524,147,1,Тип 1 — медленный широкий,высокая,71.68365030093278,164,76,78,0.7352169261634132,False
1525,70,3,Тип 3 — быстрый узкий,высокая,143.28211739503664,166,102,111,1.0326639091534173,False
1526,443,1,Тип 1 — медленный широкий,высокая,118.23293623741881,164,111,130,0.7275872999225774,False
1527,79,1,Тип 1 — медленный широкий,высокая,59.35139619938545,164,67,65,0.7304787224539748,False
1528,539,1,Тип 1 — медленный широкий,высокая,178.69730293683963,164,156,199,0.7183811173340288,False
1529,540,1,Тип 1 — медленный широкий,низкая,16.87168522815142,157,35,30,0.4499116060840379,False
1530,271,2,Тип 2 — промежуточный,высокая,166.72939941280575,161,128,154,0.8661267501963935,False
1531,68,3,Тип 3 — быстрый узкий,высокая,114.52205058227008,166,86,90,1.0179737829535118,False
1532,47,1,Тип 1 — медленный широкий,высокая,100.67068026113056,164,97,110,0.7321504018991313,False
1533,241,2,Тип 2 — промежуточный,высокая,103.98963152708525,164,89,94,0.8850181406560447,False
1534,407,2,Тип 2 — промежуточный,высокая,143.1614125254272,164,113,132,0.8676449243965285,False
1535,53,1,Тип 1 — медленный широкий,высокая,112.0476994608148,164,105,123,0.728765524948389,False
1536,390,1,Тип 1 — медленный широкий,высокая,144.94765347415162,164,130,161,0.7202367874492006,False
1537,454,1,Тип 1 — медленный широкий,низкая,28.2941305320687,160,39,29,0.7805277388156884,False
1538,487,3,Тип 3 — быстрый узкий,высокая,135.09071771310255,166,98,106,1.0195525865139816,False
1539,321,1,Тип 1 — медленный широкий,высокая,157.26139736205684,164,141,176,0.7148245334638947,False
1540,535,1,Тип 1 — медленный широкий,низкая,21.498706161106597,160,36,29,0.5930677561684579,False
1541,255,1,Тип 1 — медленный широкий,низкая,14.134440669299766,160,32,26,0.4349058667476851,False
1542,231,2,Тип 2 — промежуточный,высокая,112.24167349233127,164,93,104,0.8633974884025483,False
1543,472,3,Тип 3 — быстрый узкий,высокая,138.16455197751839,166,99,107,1.0330059960935956,False
1544,538,3,Тип 3 — быстрый узкий,высокая,86.64529033582701,166,69,66,1.05024594346457,False
1545,541,2,Тип 2 — промежуточный,высокая,110.17950136588505,164,93,101,0.8727089217099806,False
1546,29,1,Тип 1 — медленный широкий,высокая,48.1338765665661,161,57,55,0.700129113695507,False
1547,401,1,Тип 1 — медленный широкий,высокая,67.56685119808691,164,72,74,0.7304524453847233,False
1548,185,3,Тип 3 — быстрый узкий,высокая,158.68886262992103,160,109,122,1.0405827057699741,False
1549,296,1,Тип 1 — медленный широкий,низкая,13.581391359676406,155,36,24,0.4527130453225469,False
1550,205,3,Тип 3 — быстрый узкий,высокая,96.97369963130497,166,75,74,1.0483643203384323,False
1551,542,1,Тип 1 — медленный широкий,низкая,8.696002226919903,155,30,30,0.23189339271786408,False
1552,465,1,Тип 1 — медленный широкий,низкая,6.305315858852972,160,26,14,0.360303763363027,False
1553,19,1,Тип 1 — медленный широкий,высокая,50.1430920870544,164,59,55,0.7293540667207913,False
1554,262,2,Тип 2 — промежуточный,высокая,183.1864611917974,161,138,169,0.867154845878331,False
1555,475,1,Тип 1 — медленный широкий,низкая,5.364221977580796,157,21,14,0.3065269701474741,False
1556,426,1,Тип 1 — медленный широкий,высокая,127.498720252808,164,117,141,0.7233969943421731,False
1557,197,1,Тип 1 — медленный широкий,низкая,22.36148259772997,157,38,30,0.5963062026061327,False
1558,317,1,Тип 1 — медленный широкий,низкая,23.300583098488943,157,40,31,0.6013053702835857,False
1559,515,3,Тип 3 — быстрый узкий,высокая,134.0654749911986,166,97,105,1.02145123802818,False
1560,144,3,Тип 3 — быстрый узкий,высокая,172.08227191025495,160,118,135,1.0197467965052147,False
1561,275,1,Тип 1 — медленный широкий,высокая,172.5971308580513,164,152,192,0.719154711908547,False
1562,194,3,Тип 3 — быстрый узкий,высокая,190.53503578932492,160,128,150,1.0161868575430661,False
1563,543,1,Тип 1 — медленный широкий,низкая,3.610858662489748,151,21,21,0.13755652047579994,False
1564,57,1,Тип 1 — медленный широкий,высокая,130.5822559534306,164,120,145,0.720453825949962,False
1565,200,2,Тип 2 — промежуточный,высокая,53.558375141560184,161,56,52,0.823975002177849,False
1566,88,3,Тип 3 — быстрый узкий,высокая,74.27071809235947,166,62,59,1.0070605843031792,False
1567,349,2,Тип 2 — промежуточный,высокая,36.1991162516392,160,43,33,0.8775543333730714,False
1568,358,3,Тип 3 — быстрый узкий,высокая,133.04022944079728,166,95,104,1.0233863803138252,False
1569,383,1,Тип 1 — медленный широкий,высокая,33.68219066006812,157,46,37,0.7282635818393107,False
1570,151,2,Тип 2 — промежуточный,высокая,131.85777625061453,164,104,122,0.8646411557417347,False
1571,141,2,Тип 2 — промежуточный,высокая,84.36145425343982,164,75,78,0.8652456846506649,False
1572,67,2,Тип 2 — промежуточный,высокая,61.68366667534663,164,62,57,0.8657356726364439,False
1573,133,1,Тип 1 — медленный широкий,высокая,170.55946495487356,164,149,189,0.7219448252058142,False
1574,2,0,Выброс,не применяется,1.960419751022364,135,2,1,1.5683358008178914,True
1575,319,3,Тип 3 — быстрый узкий,высокая,51.10818125621146,160,51,41,0.997232804999248,False
1576,86,2,Тип 2 — промежуточный,высокая,185.23021717650153,161,141,173,0.8565559175791978,False
1577,544,2,Тип 2 — промежуточный,высокая,82.29402922600363,164,74,76,0.8662529392210908,False
1578,319,3,Тип 3 — быстрый узкий,высокая,51.10818125621146,160,51,41,0.997232804999248,False
1579,340,1,Тип 1 — медленный широкий,высокая,113.0789430353976,164,107,123,0.7354728002302284,False
1580,2,0,Выброс,не применяется,1.960419751022364,135,2,1,1.5683358008178914,True
1581,70,3,Тип 3 — быстрый узкий,высокая,143.28211739503664,166,102,111,1.0326639091534173,False
1582,261,3,Тип 3 — быстрый узкий,высокая,196.65672618306587,160,132,154,1.0215933827691734,False
1583,392,1,Тип 1 — медленный широкий,низкая,17.39638305234985,161,36,28,0.4970395157814243,False
1584,434,1,Тип 1 — медленный широкий,низкая,4.810898755807535,157,21,14,0.27490850033185915,False
1585,305,3,Тип 3 — быстрый узкий,высокая,187.46962197876726,160,126,147,1.0202428407007742,False
1586,365,2,Тип 2 — промежуточный,высокая,155.4772613505424,164,121,144,0.8637625630585689,False
1587,185,3,Тип 3 — быстрый узкий,высокая,158.68886262992103,160,109,122,1.0405827057699741,False
1588,73,2,Тип 2 — промежуточный,высокая,106.053438069795,164,90,97,0.8746675304725362,False
1589,513,1,Тип 1 — медленный широкий,низкая,16.432364931898583,161,36,28,0.46949614091138814,False
1590,539,1,Тип 1 — медленный широкий,высокая,178.69730293683963,164,156,199,0.7183811173340288,False
1591,545,3,Тип 3 — быстрый узкий,высокая,192.5799313883038,160,129,152,1.0135785862542306,False
1592,373,1,Тип 1 — медленный широкий,высокая,81.99677159991116,164,83,89,0.7370496323587521,False
1593,206,3,Тип 3 — быстрый узкий,высокая,82.51924852535427,166,68,64,1.0314906065669285,False
1594,198,3,Тип 3 — быстрый узкий,высокая,98.00522487393178,166,75,75,1.045389065321939,False
1595,151,2,Тип 2 — промежуточный,высокая,131.85777625061453,164,104,122,0.8646411557417347,False
1596,117,1,Тип 1 — медленный широкий,высокая,68.59471113038528,164,72,74,0.7415644446528138,False
1597,360,1,Тип 1 — медленный широкий,высокая,104.81534398286101,164,101,112,0.7486810284490072,False
1598,419,2,Тип 2 — промежуточный,высокая,126.71573209367975,164,102,117,0.8664323561961009,False
1599,317,1,Тип 1 — медленный широкий,низкая,23.300583098488943,157,40,31,0.6013053702835857,False
1600,412,1,Тип 1 — медленный широкий,высокая,65.51136104207833,164,70,73,0.7179327237488037,False
1601,218,1,Тип 1 — медленный широкий,высокая,72.71366299248933,164,76,81,0.7181596344937219,False
1602,149,1,Тип 1 — медленный широкий,высокая,107.9210532999669,164,104,119,0.7255196860501977,False
1603,453,3,Тип 3 — быстрый узкий,высокая,52.10717611380001,160,51,41,1.0167253875863418,False
1604,87,2,Тип 2 — промежуточный,высокая,169.80336939464996,161,130,158,0.8597638956691138,False
1605,172,1,Тип 1 — медленный широкий,высокая,160.35533706979433,164,142,179,0.7166718975186338,False
1606,210,2,Тип 2 — промежуточный,высокая,148.3104239482628,164,115,137,0.8660462712307317,False
1607,60,1,Тип 1 — медленный широкий,высокая,139.8229713767275,164,128,156,0.7170408788550129,False
1608,41,3,Тип 3 — быстрый узкий,высокая,163.8271559948141,160,113,128,1.0239197249675882,False
1609,546,1,Тип 1 — медленный широкий,высокая,74.77381592992036,164,78,82,0.7295006432187352,False
1610,176,3,Тип 3 — быстрый узкий,высокая,184.404687648927,160,125,145,1.0174051732354592,False
1611,312,1,Тип 1 — медленный широкий,низкая,26.33647203106727,160,37,27,0.7803399120316229,False
1612,79,1,Тип 1 — медленный широкий,высокая,59.35139619938545,164,67,65,0.7304787224539748,False
1613,359,1,Тип 1 — медленный широкий,низкая,25.364988332037736,160,37,27,0.7515552098381553,False
1614,201,1,Тип 1 — медленный широкий,высокая,36.19592437460549,161,51,40,0.7239184874921099,False
1615,27,2,Тип 2 — промежуточный,высокая,81.26041091609862,164,74,75,0.8667777164383853,False
1616,246,3,Тип 3 — быстрый узкий,высокая,95.94218564464283,166,75,72,1.066024284940476,False
1617,461,3,Тип 3 — быстрый узкий,высокая,92.84462030468018,166,74,72,1.0316068922742243,False
1618,547,3,Тип 3 — быстрый узкий,высокая,160.74353810909687,160,111,124,1.0370550845748185,False
1619,533,1,Тип 1 — медленный широкий,низкая,15.110598475718229,157,32,31,0.3899509284056317,False
1620,369,1,Тип 1 — медленный широкий,высокая,89.24419233673324,164,88,98,0.7285240190753735,False
1621,131,3,Тип 3 — быстрый узкий,высокая,56.10031815426071,160,53,45,0.9973389894090794,False
1622,302,3,Тип 3 — быстрый узкий,высокая,167.95916902914743,160,114,131,1.0257048490329614,False
1623,239,3,Тип 3 — быстрый узкий,высокая,174.14641572413592,160,119,136,1.0243906807302114,False
1624,106,1,Тип 1 — медленный широкий,высокая,132.6378518099938,164,121,148,0.7169613611351017,False
1625,304,2,Тип 2 — промежуточный,высокая,147.28536191240258,164,115,135,0.8728021446660894,False
1626,206,3,Тип 3 — быстрый узкий,высокая,82.51924852535427,166,68,64,1.0314906065669285,False
1627,542,1,Тип 1 — медленный широкий,низкая,8.696002226919903,155,30,30,0.23189339271786408,False
1628,468,1,Тип 1 — медленный широкий,высокая,84.06640868602273,164,84,90,0.7472569660979798,False
1629,261,3,Тип 3 — быстрый узкий,высокая,196.65672618306587,160,132,154,1.0215933827691734,False
1630,545,3,Тип 3 — быстрый узкий,высокая,192.5799313883038,160,129,152,1.0135785862542306,False
1631,108,1,Тип 1 — медленный широкий,высокая,175.64920046093283,164,153,196,0.7169355120854402,False
1632,167,2,Тип 2 — промежуточный,высокая,138.0194522504365,164,111,127,0.8694138724436946,False
1633,433,3,Тип 3 — быстрый узкий,высокая,53.10535605754746,160,53,42,1.0115305915723327,False
1634,175,1,Тип 1 — медленный широкий,низкая,27.99427883143091,157,43,35,0.6398692304327066,False
1635,548,2,Тип 2 — промежуточный,высокая,32.23554345534983,160,41,32,0.8058885863837457,False
1636,549,2,Тип 2 — промежуточный,высокая,141.09628892530543,164,111,130,0.8682848549249566,False
1637,494,2,Тип 2 — промежуточный,высокая,133.91193749658626,164,108,124,0.8639479838489437,False
1638,505,1,Тип 1 — медленный широкий,низкая,10.909343390619856,157,32,28,0.3116955254462816,False
1639,131,3,Тип 3 — быстрый узкий,высокая,56.10031815426071,160,53,45,0.9973389894090794,False
1640,523,1,Тип 1 — медленный широкий,высокая,70.65369276994525,164,73,78,0.7246532591789256,False
1641,51,3,Тип 3 — быстрый узкий,высокая,178.25922988571827,160,119,140,1.018624170775533,False
1642,361,1,Тип 1 — медленный широкий,высокая,165.46160935219984,164,147,185,0.7155096620635668,False
1643,66,1,Тип 1 — медленный широкий,высокая,114.11018614755625,164,107,125,0.7303051913443601,False
1644,124,2,Тип 2 — промежуточный,высокая,186.24996604596532,161,141,173,0.861271519287701,False
1645,492,2,Тип 2 — промежуточный,высокая,46.494385969769326,161,52,45,0.826566861684788,False
1646,333,1,Тип 1 — медленный широкий,высокая,108.95309388904909,164,104,120,0.7263539592603273,False
1647,550,1,Тип 1 — медленный широкий,высокая,33.22256116984342,161,47,39,0.6814884342531983,False
1648,438,3,Тип 3 — быстрый узкий,высокая,69.18498071291457,160,61,55,1.0063269921878482,False
1649,184,3,Тип 3 — быстрый узкий,высокая,120.69871649872941,166,88,93,1.0382685290213283,False
1650,348,2,Тип 2 — промежуточный,высокая,136.99317513689638,164,109,126,0.86979793737712,False
1651,400,2,Тип 2 — промежуточный,высокая,74.0312495324795,164,70,69,0.8583333279128059,False
1652,414,2,Тип 2 — промежуточный,высокая,121.53405956167775,164,100,112,0.8681004254405554,False
1653,466,3,Тип 3 — быстрый узкий,высокая,107.30666189598904,166,81,84,1.0219682085332291,False
1654,122,1,Тип 1 — медленный широкий,высокая,190.89096870155407,163,164,215,0.7102919765639222,False
1655,522,1,Тип 1 — медленный широкий,высокая,86.13605908639285,164,86,94,0.7330728432884498,False
1656,538,3,Тип 3 — быстрый узкий,высокая,86.64529033582701,166,69,66,1.05024594346457,False
1657,307,2,Тип 2 — промежуточный,высокая,69.91003365233992,164,68,63,0.8877464590773324,False
1658,133,1,Тип 1 — медленный широкий,высокая,170.55946495487356,164,149,189,0.7219448252058142,False
1659,379,3,Тип 3 — быстрый узкий,высокая,94.91025506587835,166,75,72,1.0545583896208706,False
1660,551,1,Тип 1 — медленный широкий,низкая,4.4614243364518265,160,17,14,0.25493853351153295,False
1661,211,3,Тип 3 — быстрый узкий,высокая,90.77744977822879,166,71,70,1.0374565688940434,False
1662,415,1,Тип 1 — медленный широкий,высокая,123.38236540176062,164,115,136,0.7257786200103566,False
1663,93,3,Тип 3 — быстрый узкий,высокая,177.23395723032965,160,119,139,1.020051552404775,False
1664,261,3,Тип 3 — быстрый узкий,высокая,196.65672618306587,160,132,154,1.0215933827691734,False
1665,387,1,Тип 1 — медленный широкий,высокая,49.13470134563658,161,59,55,0.7146865650274412,False
1666,270,2,Тип 2 — промежуточный,высокая,135.96609638235606,164,108,124,0.8772006218216519,False
1667,116,3,Тип 3 — быстрый узкий,высокая,182.35687196799034,160,122,144,1.0130937331555019,False
1668,204,2,Тип 2 — промежуточный,высокая,44.47629580349733,161,52,41,0.8678301620194601,False
1669,146,3,Тип 3 — быстрый узкий,высокая,151.49123032490198,160,106,118,1.0270591886434033,False
1670,122,1,Тип 1 — медленный широкий,высокая,190.89096870155407,163,164,215,0.7102919765639222,False
1671,250,1,Тип 1 — медленный широкий,высокая,188.85815898077723,163,163,211,0.7160498918702455,False
1672,213,2,Тип 2 — промежуточный,высокая,60.65777417560313,164,62,58,0.8366589541462501,False
1673,247,1,Тип 1 — медленный широкий,низкая,9.174164288154028,160,29,17,0.43172537826607194,False
1674,544,2,Тип 2 — промежуточный,высокая,82.29402922600363,164,74,76,0.8662529392210908,False
1675,120,3,Тип 3 — быстрый узкий,высокая,38.176657737751995,160,44,32,0.9544164434437999,False
1676,489,1,Тип 1 — медленный широкий,низкая,5.662615059249831,160,26,14,0.32357800338570464,False
1677,263,1,Тип 1 — медленный широкий,низкая,5.243768960851287,151,23,25,0.16780060674724118,False
1678,552,2,Тип 2 — промежуточный,высокая,164.67792945506582,161,126,153,0.8610610690460959,False
1679,420,2,Тип 2 — промежуточный,высокая,37.49420562121005,157,48,37,0.8106855269450822,False
1680,550,1,Тип 1 — медленный широкий,высокая,33.22256116984342,161,47,39,0.6814884342531983,False
1681,321,1,Тип 1 — медленный широкий,высокая,157.26139736205684,164,141,176,0.7148245334638947,False
1682,516,2,Тип 2 — промежуточный,высокая,122.57497268038927,164,101,113,0.8677874172062957,False
1683,43,2,Тип 2 — промежуточный,высокая,89.53450890113623,164,80,83,0.8629832183242047,False
1684,26,1,Тип 1 — медленный широкий,низкая,12.533057497549368,157,32,28,0.3580873570728391,False
1685,59,3,Тип 3 — быстрый узкий,высокая,137.14085874359705,166,98,106,1.0350253490082797,False
1686,397,1,Тип 1 — медленный широкий,высокая,136.7445597876765,164,126,153,0.7150042341839296,False
1687,390,1,Тип 1 — медленный широкий,высокая,144.94765347415162,164,130,161,0.7202367874492006,False
1688,514,3,Тип 3 — быстрый узкий,высокая,140.21193023476542,166,99,108,1.038606890627892,False
1689,226,1,Тип 1 — медленный широкий,высокая,186.8196978592468,163,163,209,0.71509932194927,False
1690,402,2,Тип 2 — промежуточный,высокая,181.13757928584084,161,138,168,0.8625599013611469,False
1691,422,3,Тип 3 — быстрый узкий,высокая,142.2592981016185,166,100,110,1.03461307710268,False
1692,363,3,Тип 3 — быстрый узкий,высокая,72.22263078648464,160,62,58,0.9961742177446158,False
1693,436,1,Тип 1 — медленный широкий,высокая,42.15111894807327,161,55,47,0.7174658544352898,False
1694,78,1,Тип 1 — медленный широкий,высокая,83.03158744615756,164,83,90,0.7380585550769561,False
1695,243,1,Тип 1 — медленный широкий,низкая,25.178981162900858,157,40,31,0.6497801590426028,False
1696,20,1,Тип 1 — медленный широкий,высокая,134.69175059218284,164,125,150,0.7183560031583085,False
1697,100,3,Тип 3 — быстрый узкий,высокая,124.81246607539046,166,91,98,1.0188772740848202,False
1698,220,1,Тип 1 — медленный широкий,низкая,11.08532321551454,155,33,33,0.26873510825489794,False
1699,372,1,Тип 1 — медленный широкий,низкая,18.373309010536495,161,38,28,0.5249516860153285,False
1700,317,1,Тип 1 — медленный широкий,низкая,23.300583098488943,157,40,31,0.6013053702835857,False
1701,515,3,Тип 3 — быстрый узкий,высокая,134.0654749911986,166,97,105,1.02145123802818,False
1702,438,3,Тип 3 — быстрый узкий,высокая,69.18498071291457,160,61,55,1.0063269921878482,False
1703,478,2,Тип 2 — промежуточный,высокая,45.48587146379173,161,52,41,0.8875291992934972,False
1704,476,1,Тип 1 — медленный широкий,низкая,21.32892269046402,161,39,31,0.5504238113668134,False
1705,166,3,Тип 3 — быстрый узкий,высокая,139.18824245045616,166,99,109,1.021565082205183,False
1706,103,3,Тип 3 — быстрый узкий,высокая,83.55063533642381,166,68,65,1.0283155118329084,False
1707,553,3,Тип 3 — быстрый узкий,высокая,44.13541420966291,160,48,36,0.9807869824369537,False
1708,554,1,Тип 1 — медленный широкий,высокая,140.84790771388543,164,128,158,0.7131539631082807,False
1709,497,1,Тип 1 — медленный широкий,высокая,38.17968410659097,161,51,42,0.7272320782207804,False
1710,51,3,Тип 3 — быстрый узкий,высокая,178.25922988571827,160,119,140,1.018624170775533,False
1711,383,1,Тип 1 — медленный широкий,высокая,33.68219066006812,157,46,37,0.7282635818393107,False
1712,12,2,Тип 2 — промежуточный,высокая,161.61131852087465,164,125,150,0.8619270321113315,False
1713,495,1,Тип 1 — медленный широкий,высокая,41.15512426868411,161,52,46,0.715741291629289,False
1714,365,2,Тип 2 — промежуточный,высокая,155.4772613505424,164,121,144,0.8637625630585689,False
1715,34,2,Тип 2 — промежуточный,высокая,163.6538882367355,164,126,151,0.8670404674793935,False
1716,385,1,Тип 1 — медленный широкий,низкая,12.403807843199306,160,29,21,0.47252601307425934,False
1717,459,1,Тип 1 — медленный широкий,высокая,77.86829667474481,164,80,84,0.7416028254737602,False
1718,454,1,Тип 1 — медленный широкий,низкая,28.2941305320687,160,39,29,0.7805277388156884,False
1719,512,1,Тип 1 — медленный широкий,высокая,90.28332889712772,164,91,99,0.7295622537141634,False
1720,258,2,Тип 2 — промежуточный,высокая,97.79575604403466,164,84,88,0.8890523276730424,False
1721,402,2,Тип 2 — промежуточный,высокая,181.13757928584084,161,138,168,0.8625599013611469,False
1722,459,1,Тип 1 — медленный широкий,высокая,77.86829667474481,164,80,84,0.7416028254737602,False
1723,110,2,Тип 2 — промежуточный,высокая,71.9697109210964,164,69,66,0.872360132376926,False
1724,279,1,Тип 1 — медленный широкий,высокая,32.23319671182237,161,47,37,0.6969339829583217,False
1725,452,3,Тип 3 — быстрый узкий,высокая,181.33252585280562,160,122,142,1.0215916949453838,False
1726,525,2,Тип 2 — промежуточный,высокая,77.12868765106437,164,72,71,0.8690556355049507,False
1727,246,3,Тип 3 — быстрый узкий,высокая,95.94218564464283,166,75,72,1.066024284940476,False
1728,374,2,Тип 2 — промежуточный,высокая,35.20811224103583,160,42,33,0.8535299937220807,False
1729,555,1,Тип 1 — медленный широкий,низкая,10.12555542220306,157,29,28,0.289301583491516,False
1730,209,1,Тип 1 — медленный широкий,высокая,64.48373907536981,164,70,70,0.7369570180042265,False
1731,51,3,Тип 3 — быстрый узкий,высокая,178.25922988571827,160,119,140,1.018624170775533,False
1732,174,1,Тип 1 — медленный широкий,низкая,14.520553589672321,161,36,24,0.4840184529890774,False
1733,395,1,Тип 1 — медленный широкий,высокая,36.54362508988995,157,48,38,0.7693394755766306,False
1734,159,1,Тип 1 — медленный широкий,высокая,69.62379086111812,164,73,76,0.7328820090644014,False
1735,400,2,Тип 2 — промежуточный,высокая,74.0312495324795,164,70,69,0.8583333279128059,False
1736,36,2,Тип 2 — промежуточный,высокая,175.97300257447884,161,134,162,0.8690024818492782,False
1737,275,1,Тип 1 — медленный широкий,высокая,172.5971308580513,164,152,192,0.719154711908547,False
1738,435,2,Тип 2 — промежуточный,высокая,62.711445346334926,164,63,59,0.8503246826621685,False
1739,549,2,Тип 2 — промежуточный,высокая,141.09628892530543,164,111,130,0.8682848549249566,False
1740,137,3,Тип 3 — быстрый узкий,высокая,188.4905310082839,160,127,147,1.0257988082083478,False
1741,534,3,Тип 3 — быстрый узкий,высокая,180.30817984293498,160,121,142,1.015820731509493,False
1742,486,1,Тип 1 — медленный широкий,высокая,54.22929021422305,164,63,62,0.6997327769577169,False
1743,160,3,Тип 3 — быстрый узкий,высокая,45.133654767541884,160,48,36,1.0029701059453753,False
1744,531,3,Тип 3 — быстрый узкий,высокая,109.36906569636876,166,82,85,1.029355912436412,False
1745,309,2,Тип 2 — промежуточный,высокая,165.7037777885335,161,127,153,0.8664249819008288,False
1746,256,1,Тип 1 — медленный широкий,высокая,98.5983180213225,164,95,106,0.7441382492175284,False
1747,85,2,Тип 2 — промежуточный,высокая,91.59998840396362,164,80,83,0.8828914544960349,False
1748,194,3,Тип 3 — быстрый узкий,высокая,190.53503578932492,160,128,150,1.0161868575430661,False
1749,246,3,Тип 3 — быстрый узкий,высокая,95.94218564464283,166,75,72,1.066024284940476,False
1750,57,1,Тип 1 — медленный широкий,высокая,130.5822559534306,164,120,145,0.720453825949962,False
1751,35,2,Тип 2 — промежуточный,высокая,116.3695354099528,164,96,108,0.861996558592243,False
1752,18,1,Тип 1 — медленный широкий,высокая,97.5622378756908,164,95,106,0.736318776420308,False
1753,401,1,Тип 1 — медленный широкий,высокая,67.56685119808691,164,72,74,0.7304524453847233,False
1754,165,2,Тип 2 — промежуточный,высокая,170.82802611172121,161,131,158,0.8649520309454239,False
1755,161,1,Тип 1 — медленный широкий,высокая,92.36159161834775,164,91,101,0.7315769633136456,False
1756,232,1,Тип 1 — медленный широкий,высокая,125.44054248242084,164,116,139,0.7219599567333573,False
1757,290,3,Тип 3 — быстрый узкий,высокая,50.108303095275176,160,51,41,0.9777229872248815,False
1758,357,3,Тип 3 — быстрый узкий,высокая,59.10823405217551,160,55,45,1.0508130498164536,False
1759,206,3,Тип 3 — быстрый узкий,высокая,82.51924852535427,166,68,64,1.0314906065669285,False
1760,298,2,Тип 2 — промежуточный,высокая,88.49975101004696,164,80,82,0.863412204976068,False
1761,338,1,Тип 1 — медленный широкий,высокая,179.71333709424977,164,156,199,0.7224656767608032,False
1762,523,1,Тип 1 — медленный широкий,высокая,70.65369276994525,164,73,78,0.7246532591789256,False
1763,536,1,Тип 1 — медленный широкий,высокая,171.57829790765308,164,151,189,0.7262573456408596,False
1764,48,1,Тип 1 — медленный широкий,низкая,3.9055961430336703,160,16,11,0.2840433558569942,False
1765,391,2,Тип 2 — промежуточный,высокая,134.9390171843394,164,108,124,0.870574304415093,False
1766,109,1,Тип 1 — медленный широкий,низкая,18.686075333227038,157,36,27,0.5536614913548752,False
1767,230,1,Тип 1 — медленный широкий,высокая,137.77096452734992,164,126,153,0.7203710563521565,False
1768,211,3,Тип 3 — быстрый узкий,высокая,90.77744977822879,166,71,70,1.0374565688940434,False
1769,348,2,Тип 2 — промежуточный,высокая,136.99317513689638,164,109,126,0.86979793737712,False
1770,456,3,Тип 3 — быстрый узкий,высокая,157.66115043556536,160,109,122,1.0338436094135435,False
1771,150,1,Тип 1 — медленный широкий,высокая,189.87616541976854,163,164,212,0.7165138317727116,False
1772,416,1,Тип 1 — медленный широкий,низкая,24.29597385059102,161,41,31,0.6269928735636393,False
1773,42,3,Тип 3 — быстрый узкий,высокая,55.099537195617415,160,53,44,1.001809767193044,False
1774,412,1,Тип 1 — медленный широкий,высокая,65.51136104207833,164,70,73,0.7179327237488037,False
1775,34,2,Тип 2 — промежуточный,высокая,163.6538882367355,164,126,151,0.8670404674793935,False
1776,556,1,Тип 1 — медленный широкий,высокая,148.0187511056315,164,133,166,0.7133433788223206,False
1777,206,3,Тип 3 — быстрый узкий,высокая,82.51924852535427,166,68,64,1.0314906065669285,False
1778,225,3,Тип 3 — быстрый узкий,высокая,116.58144284803573,166,86,91,1.0248918052574572,False
1779,105,2,Тип 2 — промежуточный,высокая,145.22388400959466,164,114,134,0.8670082627438487,False
1780,365,2,Тип 2 — промежуточный,высокая,155.4772613505424,164,121,144,0.8637625630585689,False
1781,505,1,Тип 1 — медленный широкий,низкая,10.909343390619856,157,32,28,0.3116955254462816,False
1782,457,2,Тип 2 — промежуточный,высокая,127.74420383048214,164,102,118,0.8660623988507264,False
1783,32,2,Тип 2 — промежуточный,высокая,139.04506462467992,164,111,128,0.8690316539042495,False
1784,267,1,Тип 1 — медленный широкий,низкая,2.7252244847719456,157,3,7,0.31145422683107954,False
1785,266,2,Тип 2 — промежуточный,высокая,153.43036497207413,164,120,143,0.8583516921514638,False
1786,175,1,Тип 1 — медленный широкий,низкая,27.99427883143091,157,43,35,0.6398692304327066,False
1787,113,3,Тип 3 — быстрый узкий,высокая,110.39983869639039,166,82,86,1.0269752436873525,False
1788,267,1,Тип 1 — медленный широкий,низкая,2.7252244847719456,157,3,7,0.31145422683107954,False
1789,270,2,Тип 2 — промежуточный,высокая,135.96609638235606,164,108,124,0.8772006218216519,False
1790,347,2,Тип 2 — промежуточный,высокая,162.63260333111873,164,126,151,0.8616296865224833,False
1791,557,2,Тип 2 — промежуточный,высокая,76.09661895304475,164,72,70,0.8696756451776544,False
1792,150,1,Тип 1 — медленный широкий,высокая,189.87616541976854,163,164,212,0.7165138317727116,False
1793,510,2,Тип 2 — промежуточный,высокая,184.20871721601,161,139,172,0.8567847312372557,False
1794,336,3,Тип 3 — быстрый узкий,высокая,84.58209269806598,166,69,65,1.0410103716685044,False
1795,533,1,Тип 1 — медленный широкий,низкая,15.110598475718229,157,32,31,0.3899509284056317,False
1796,362,2,Тип 2 — промежуточный,высокая,152.40657983757575,164,119,141,0.8647181834756071,False
1797,308,3,Тип 3 — быстрый узкий,высокая,48.12041974526425,160,49,40,0.9624083949052851,False
1798,137,3,Тип 3 — быстрый узкий,высокая,188.4905310082839,160,127,147,1.0257988082083478,False
1799,534,3,Тип 3 — быстрый узкий,высокая,180.30817984293498,160,121,142,1.015820731509493,False
1800,193,2,Тип 2 — промежуточный,высокая,38.444170975413634,161,49,37,0.8312253183873218,False
1801,386,1,Тип 1 — медленный широкий,высокая,79.93145854054482,164,82,87,0.7350019176142053,False
1802,462,1,Тип 1 — медленный широкий,низкая,5.047573248804104,160,25,14,0.28843275707452026,False
1803,260,1,Тип 1 — медленный широкий,высокая,73.74371737586564,164,77,82,0.7194509012279575,False
1804,128,2,Тип 2 — промежуточный,высокая,30.266075421143398,160,41,30,0.8070953445638239,False
1805,34,2,Тип 2 — промежуточный,высокая,163.6538882367355,164,126,151,0.8670404674793935,False
1806,455,2,Тип 2 — промежуточный,высокая,177.00365908359169,161,136,164,0.8634324833345937,False
1807,77,1,Тип 1 — медленный широкий,низкая,2.703350790206454,151,3,14,0.15447718801179738,False
1808,487,3,Тип 3 — быстрый узкий,высокая,135.09071771310255,166,98,106,1.0195525865139816,False
1809,246,3,Тип 3 — быстрый узкий,высокая,95.94218564464283,166,75,72,1.066024284940476,False
1810,245,1,Тип 1 — медленный широкий,высокая,63.456212938626976,164,70,69,0.7357242079840809,False
1811,424,1,Тип 1 — медленный широкий,низкая,16.815560518712783,160,32,28,0.4804445862489367,False
1812,59,3,Тип 3 — быстрый узкий,высокая,137.14085874359705,166,98,106,1.0350253490082797,False
1813,558,3,Тип 3 — быстрый узкий,высокая,115.55174240393508,166,86,91,1.0158394936609678,False
1814,553,3,Тип 3 — быстрый узкий,высокая,44.13541420966291,160,48,36,0.9807869824369537,False
1815,461,3,Тип 3 — быстрый узкий,высокая,92.84462030468018,166,74,72,1.0316068922742243,False
1816,203,2,Тип 2 — промежуточный,высокая,191.33969865641936,161,144,179,0.8551494912018743,False
1817,320,2,Тип 2 — промежуточный,высокая,33.22191402711881,160,41,31,0.8573397168288724,False
1818,415,1,Тип 1 — медленный широкий,высокая,123.38236540176062,164,115,136,0.7257786200103566,False
1819,348,2,Тип 2 — промежуточный,высокая,136.99317513689638,164,109,126,0.86979793737712,False
1820,246,3,Тип 3 — быстрый узкий,высокая,95.94218564464283,166,75,72,1.066024284940476,False
1821,140,1,Тип 1 — медленный широкий,низкая,6.567783531294809,157,25,18,0.2919014902797693,False
1822,179,1,Тип 1 — медленный широкий,низкая,26.283560087529942,161,43,33,0.6371772142431502,False
1823,407,2,Тип 2 — промежуточный,высокая,143.1614125254272,164,113,132,0.8676449243965285,False
1824,537,1,Тип 1 — медленный широкий,высокая,39.169674213616986,161,51,43,0.7287381249045022,False
1825,51,3,Тип 3 — быстрый узкий,высокая,178.25922988571827,160,119,140,1.018624170775533,False
1826,244,2,Тип 2 — промежуточный,высокая,86.43034964962003,164,76,79,0.8752440470847599,False
1827,41,3,Тип 3 — быстрый узкий,высокая,163.8271559948141,160,113,128,1.0239197249675882,False
1828,133,1,Тип 1 — медленный широкий,высокая,170.55946495487356,164,149,189,0.7219448252058142,False
1829,220,1,Тип 1 — медленный широкий,низкая,11.08532321551454,155,33,33,0.26873510825489794,False
1830,113,3,Тип 3 — быстрый узкий,высокая,110.39983869639039,166,82,86,1.0269752436873525,False
1831,426,1,Тип 1 — медленный широкий,высокая,127.498720252808,164,117,141,0.7233969943421731,False
1832,349,2,Тип 2 — промежуточный,высокая,36.1991162516392,160,43,33,0.8775543333730714,False
1833,532,2,Тип 2 — промежуточный,высокая,66.8217968383089,164,66,62,0.8622167333975342,False
1834,444,3,Тип 3 — быстрый узкий,высокая,132.01498111966077,166,94,103,1.0253590766575595,False
1835,5,1,Тип 1 — медленный широкий,низкая,29.894178516459473,157,43,34,0.7033924356813994,False
1836,234,2,Тип 2 — промежуточный,высокая,113.27275472567949,164,95,105,0.8630305121956533,False
1837,527,3,Тип 3 — быстрый узкий,высокая,91.81100273527112,166,74,70,1.049268602688813,False
1838,337,1,Тип 1 — медленный широкий,высокая,166.48175589410405,164,147,187,0.71222141558975,False
1839,132,1,Тип 1 — медленный широкий,низкая,7.6805466046893915,160,27,18,0.3413576268750841,False
1840,481,1,Тип 1 — медленный широкий,высокая,143.92271698675697,164,130,160,0.7196135849337849,False
1841,501,2,Тип 2 — промежуточный,высокая,39.45258457890707,161,49,38,0.830580727976991,False
1842,81,1,Тип 1 — медленный широкий,высокая,76.8367447313626,164,80,83,0.7405951299408444,False
1843,175,1,Тип 1 — медленный широкий,низкая,27.99427883143091,157,43,35,0.6398692304327066,False
1844,559,1,Тип 1 — медленный широкий,высокая,133.66534615286966,164,121,148,0.7225153846101062,False
1845,210,2,Тип 2 — промежуточный,высокая,148.3104239482628,164,115,137,0.8660462712307317,False
1846,439,1,Тип 1 — медленный широкий,высокая,115.14142893411139,164,108,126,0.7310566916451517,False
1847,539,1,Тип 1 — медленный широкий,высокая,178.69730293683963,164,156,199,0.7183811173340288,False
1848,95,1,Тип 1 — медленный широкий,низкая,26.116946592232075,157,40,33,0.633138099205626,False
1849,317,1,Тип 1 — медленный широкий,низкая,23.300583098488943,157,40,31,0.6013053702835857,False
1850,537,1,Тип 1 — медленный широкий,высокая,39.169674213616986,161,51,43,0.7287381249045022,False
1851,527,3,Тип 3 — быстрый узкий,высокая,91.81100273527112,166,74,70,1.049268602688813,False
1852,308,3,Тип 3 — быстрый узкий,высокая,48.12041974526425,160,49,40,0.9624083949052851,False
1853,63,1,Тип 1 — медленный широкий,высокая,120.2934315241281,164,112,132,0.729051100146231,False
1854,109,1,Тип 1 — медленный широкий,низкая,18.686075333227038,157,36,27,0.5536614913548752,False
1855,180,2,Тип 2 — промежуточный,высокая,57.61059239371625,161,59,55,0.8379722529995093,False
1856,290,3,Тип 3 — быстрый узкий,высокая,50.108303095275176,160,51,41,0.9777229872248815,False
1857,560,3,Тип 3 — быстрый узкий,высокая,49.113631759594234,160,51,40,0.9822726351918847,False
1858,41,3,Тип 3 — быстрый узкий,высокая,163.8271559948141,160,113,128,1.0239197249675882,False
1859,395,1,Тип 1 — медленный широкий,высокая,36.54362508988995,157,48,38,0.7693394755766306,False
1860,89,3,Тип 3 — быстрый узкий,высокая,127.89683237782839,166,93,98,1.044055774512885,False
1861,561,1,Тип 1 — медленный широкий,высокая,156.2321250394754,164,139,174,0.7183086208711513,False
1862,434,1,Тип 1 — медленный широкий,низкая,4.810898755807535,157,21,14,0.27490850033185915,False
1863,371,1,Тип 1 — медленный широкий,высокая,126.46963127780118,164,116,140,0.7226836073017211,False
1864,204,2,Тип 2 — промежуточный,высокая,44.47629580349733,161,52,41,0.8678301620194601,False
1865,554,1,Тип 1 — медленный широкий,высокая,140.84790771388543,164,128,158,0.7131539631082807,False
1866,337,1,Тип 1 — медленный широкий,высокая,166.48175589410405,164,147,187,0.71222141558975,False
1867,150,1,Тип 1 — медленный широкий,высокая,189.87616541976854,163,164,212,0.7165138317727116,False
1868,145,3,Тип 3 — быстрый узкий,высокая,165.89389153901655,160,114,130,1.020885486393948,False
1869,551,1,Тип 1 — медленный широкий,низкая,4.4614243364518265,160,17,14,0.25493853351153295,False
1870,375,1,Тип 1 — медленный широкий,высокая,180.72810070150794,164,156,202,0.7157548542633978,False
1871,290,3,Тип 3 — быстрый узкий,высокая,50.108303095275176,160,51,41,0.9777229872248815,False
1872,446,3,Тип 3 — быстрый узкий,высокая,161.76984525576313,160,111,126,1.0271101286080198,False
1873,562,1,Тип 1 — медленный широкий,низкая,4.659495958622579,151,23,25,0.14910387067592254,False
1874,465,1,Тип 1 — медленный широкий,низкая,6.305315858852972,160,26,14,0.360303763363027,False
1875,294,1,Тип 1 — медленный широкий,низкая,7.925760487146572,155,29,29,0.21864166861093992,False
1876,249,2,Тип 2 — промежуточный,высокая,78.16083794979805,164,72,71,0.8806854980258936,False
1877,265,3,Тип 3 — быстрый узкий,высокая,79.42532454537745,166,67,62,1.024842897359709,False
1878,412,1,Тип 1 — медленный широкий,высокая,65.51136104207833,164,70,73,0.7179327237488037,False
1879,192,1,Тип 1 — медленный широкий,высокая,176.66523462041326,164,156,198,0.7137989277592455,False
1880,21,2,Тип 2 — промежуточный,высокая,64.76681805561192,164,65,60,0.8635575740748256,False
1881,372,1,Тип 1 — медленный широкий,низкая,18.373309010536495,161,38,28,0.5249516860153285,False
1882,0,1,Тип 1 — медленный широкий,высокая,163.42131625136872,164,145,183,0.7144101256890436,False
1883,519,1,Тип 1 — медленный широкий,высокая,44.141230448257495,161,55,48,0.7356871741376249,False
1884,98,2,Тип 2 — промежуточный,высокая,172.87672926740026,161,133,159,0.8698200214711963,False
1885,4,3,Тип 3 — быстрый узкий,высокая,125.84012150811344,166,92,97,1.0378566722318636,False
1886,309,2,Тип 2 — промежуточный,высокая,165.7037777885335,161,127,153,0.8664249819008288,False
1887,434,1,Тип 1 — медленный широкий,низкая,4.810898755807535,157,21,14,0.27490850033185915,False
1888,320,2,Тип 2 — промежуточный,высокая,33.22191402711881,160,41,31,0.8573397168288724,False
1889,348,2,Тип 2 — промежуточный,высокая,136.99317513689638,164,109,126,0.86979793737712,False
1890,65,1,Тип 1 — медленный широкий,низкая,11.710884051628835,157,32,28,0.33459668718939534,False
1891,158,2,Тип 2 — промежуточный,высокая,125.6847386340568,164,102,117,0.859382828267055,False
1892,398,3,Тип 3 — быстрый узкий,высокая,173.11434375661057,160,119,135,1.0258627778169516,False
1893,465,1,Тип 1 — медленный широкий,низкая,6.305315858852972,160,26,14,0.360303763363027,False
1894,133,1,Тип 1 — медленный широкий,высокая,170.55946495487356,164,149,189,0.7219448252058142,False
1895,185,3,Тип 3 — быстрый узкий,высокая,158.68886262992103,160,109,122,1.0405827057699741,False
1896,276,2,Тип 2 — промежуточный,высокая,167.75405603848304,161,129,157,0.8547977377757099,False
1897,60,1,Тип 1 — медленный широкий,высокая,139.8229713767275,164,128,156,0.7170408788550129,False
1898,436,1,Тип 1 — медленный широкий,высокая,42.15111894807327,161,55,47,0.7174658544352898,False
1899,551,1,Тип 1 — медленный широкий,низкая,4.4614243364518265,160,17,14,0.25493853351153295,False
1900,187,3,Тип 3 — быстрый узкий,высокая,153.5492626455767,160,107,119,1.032263950558499,False
1901,48,1,Тип 1 — медленный широкий,низкая,3.9055961430336703,160,16,11,0.2840433558569942,False
1902,270,2,Тип 2 — промежуточный,высокая,135.96609638235606,164,108,124,0.8772006218216519,False
1903,71,2,Тип 2 — промежуточный,высокая,72.9996587486652,164,69,66,0.8848443484686691,False
1904,471,3,Тип 3 — быстрый узкий,высокая,47.12611632583142,160,49,38,0.9921287647543457,False
1905,315,1,Тип 1 — медленный широкий,высокая,158.290268268321,164,141,176,0.7195012194014591,False
1906,400,2,Тип 2 — промежуточный,высокая,74.0312495324795,164,70,69,0.8583333279128059,False
1907,235,3,Тип 3 — быстрый узкий,высокая,148.40403113730397,160,105,114,1.0414317974547647,False
1908,331,1,Тип 1 — медленный широкий,высокая,145.97126046647406,164,131,162,0.7208457306986373,False
1909,77,1,Тип 1 — медленный широкий,низкая,2.703350790206454,151,3,14,0.15447718801179738,False
1910,447,3,Тип 3 — быстрый узкий,высокая,150.46221325300718,160,105,116,1.0376704362276359,False
1911,502,2,Тип 2 — промежуточный,высокая,50.52446589079199,161,56,49,0.8248892390333387,False
1912,308,3,Тип 3 — быстрый узкий,высокая,48.12041974526425,160,49,40,0.9624083949052851,False
1913,482,3,Тип 3 — быстрый узкий,высокая,43.1452359012911,160,46,36,0.9587830200286912,False
1914,248,1,Тип 1 — медленный широкий,низкая,20.520519483812638,157,36,29,0.5660832961051763,False
1915,447,3,Тип 3 — быстрый узкий,высокая,150.46221325300718,160,105,116,1.0376704362276359,False
1916,271,2,Тип 2 — промежуточный,высокая,166.72939941280575,161,128,154,0.8661267501963935,False
1917,103,3,Тип 3 — быстрый узкий,высокая,83.55063533642381,166,68,65,1.0283155118329084,False
1918,69,2,Тип 2 — промежуточный,высокая,158.5448217896913,164,123,147,0.862828962120769,False
1919,223,1,Тип 1 — медленный широкий,высокая,164.44146280452364,164,146,184,0.7149628817587985,False
1920,424,1,Тип 1 — медленный широкий,низкая,16.815560518712783,160,32,28,0.4804445862489367,False
1921,148,3,Тип 3 — быстрый узкий,высокая,156.6334380217536,160,109,121,1.0355929786562221,False
1922,30,3,Тип 3 — быстрый узкий,высокая,119.67028318582142,166,88,93,1.0294217908457757,False
1923,17,1,Тип 1 — медленный широкий,низкая,5.846769743476025,151,25,27,0.17323762202891924,False
1924,497,1,Тип 1 — медленный широкий,высокая,38.17968410659097,161,51,42,0.7272320782207804,False
1925,194,3,Тип 3 — быстрый узкий,высокая,190.53503578932492,160,128,150,1.0161868575430661,False
1926,563,3,Тип 3 — быстрый узкий,высокая,171.050375459291,160,116,134,1.0211962713987524,False
1927,556,1,Тип 1 — медленный широкий,высокая,148.0187511056315,164,133,166,0.7133433788223206,False
1928,304,2,Тип 2 — промежуточный,высокая,147.28536191240258,164,115,135,0.8728021446660894,False
1929,111,1,Тип 1 — медленный широкий,высокая,131.61005380334282,164,121,145,0.7261244347770639,False
1930,212,1,Тип 1 — медленный широкий,низкая,5.950519901954288,157,21,18,0.2644675511979684,False
1931,101,2,Тип 2 — промежуточный,высокая,80.22685727850407,164,73,73,0.8791984359288116,False
1932,0,1,Тип 1 — медленный широкий,высокая,163.42131625136872,164,145,183,0.7144101256890436,False
1933,204,2,Тип 2 — промежуточный,высокая,44.47629580349733,161,52,41,0.8678301620194601,False
1934,216,3,Тип 3 — быстрый узкий,высокая,189.5125880721388,160,128,150,1.010733803051407,False
1935,485,3,Тип 3 — быстрый узкий,высокая,136.1159575827169,166,98,106,1.0272902459072975,False
1936,69,2,Тип 2 — промежуточный,высокая,158.5448217896913,164,123,147,0.862828962120769,False
1937,159,1,Тип 1 — медленный широкий,высокая,69.62379086111812,164,73,76,0.7328820090644014,False
1938,545,3,Тип 3 — быстрый узкий,высокая,192.5799313883038,160,129,152,1.0135785862542306,False
1939,524,3,Тип 3 — быстрый узкий,высокая,99.03680146368356,166,76,77,1.0289537814408682,False
1940,96,1,Тип 1 — медленный широкий,низкая,20.342862175689024,161,38,28,0.5812246335911151,False
1941,130,3,Тип 3 — быстрый узкий,высокая,39.17010808017771,160,45,32,0.9792527020044428,False
1942,344,1,Тип 1 — медленный широкий,низкая,14.241797975429929,157,32,30,0.37978127934479816,False
1943,224,3,Тип 3 — быстрый узкий,высокая,87.67730238037592,166,70,68,1.031497675063246,False
1944,123,1,Тип 1 — медленный широкий,высокая,58.32468716056789,164,67,65,0.7178423035146818,False
1945,255,1,Тип 1 — медленный широкий,низкая,14.134440669299766,160,32,26,0.4349058667476851,False
1946,137,3,Тип 3 — быстрый узкий,высокая,188.4905310082839,160,127,147,1.0257988082083478,False
1947,536,1,Тип 1 — медленный широкий,высокая,171.57829790765308,164,151,189,0.7262573456408596,False
1948,203,2,Тип 2 — промежуточный,высокая,191.33969865641936,161,144,179,0.8551494912018743,False
1949,164,3,Тип 3 — быстрый узкий,высокая,104.20345637652946,166,80,81,1.0291699395212788,False
1950,418,1,Тип 1 — медленный широкий,высокая,87.17139344047341,164,87,95,0.7340748921303024,False
1951,444,3,Тип 3 — быстрый узкий,высокая,132.01498111966077,166,94,103,1.0253590766575595,False
1952,116,3,Тип 3 — быстрый узкий,высокая,182.35687196799034,160,122,144,1.0130937331555019,False
1953,430,1,Тип 1 — медленный широкий,высокая,85.10123315596273,164,85,94,0.7242658140932998,False
1954,116,3,Тип 3 — быстрый узкий,высокая,182.35687196799034,160,122,144,1.0130937331555019,False
1955,25,1,Тип 1 — медленный широкий,высокая,168.521799039909,164,148,187,0.7209488728980065,False
1956,476,1,Тип 1 — медленный широкий,низкая,21.32892269046402,161,39,31,0.5504238113668134,False
1957,375,1,Тип 1 — медленный широкий,высокая,180.72810070150794,164,156,202,0.7157548542633978,False
1958,564,3,Тип 3 — быстрый узкий,высокая,71.21113906077807,160,62,57,0.9994545833091659,False
1959,223,1,Тип 1 — медленный широкий,высокая,164.44146280452364,164,146,184,0.7149628817587985,False
1960,307,2,Тип 2 — промежуточный,высокая,69.91003365233992,164,68,63,0.8877464590773324,False
1961,25,1,Тип 1 — медленный широкий,высокая,168.521799039909,164,148,187,0.7209488728980065,False
1962,503,1,Тип 1 — медленный широкий,высокая,45.13556997376109,161,55,50,0.7221691195801775,False
1963,66,1,Тип 1 — медленный широкий,высокая,114.11018614755625,164,107,125,0.7303051913443601,False
1964,84,3,Тип 3 — быстрый узкий,высокая,155.60572533322457,160,109,121,1.0287981840213194,False
1965,310,1,Тип 1 — медленный широкий,высокая,185.80521293288987,163,162,209,0.7112161260589086,False
1966,384,1,Тип 1 — медленный широкий,высокая,103.77920123692091,164,100,112,0.7412800088351494,False
1967,453,3,Тип 3 — быстрый узкий,высокая,52.10717611380001,160,51,41,1.0167253875863418,False
1968,326,1,Тип 1 — медленный широкий,высокая,153.15710601522485,164,136,171,0.7165244725858473,False
1969,527,3,Тип 3 — быстрый узкий,высокая,91.81100273527112,166,74,70,1.049268602688813,False
1970,510,2,Тип 2 — промежуточный,высокая,184.20871721601,161,139,172,0.8567847312372557,False
1971,492,2,Тип 2 — промежуточный,высокая,46.494385969769326,161,52,45,0.826566861684788,False
1972,64,1,Тип 1 — медленный широкий,высокая,161.37948282303975,164,142,181,0.7132794820907835,False
1973,557,2,Тип 2 — промежуточный,высокая,76.09661895304475,164,72,70,0.8696756451776544,False
1974,485,3,Тип 3 — быстрый узкий,высокая,136.1159575827169,166,98,106,1.0272902459072975,False
1975,115,2,Тип 2 — промежуточный,высокая,65.79446331639436,164,65,62,0.8489608169857337,False
1976,382,1,Тип 1 — медленный широкий,высокая,93.40166066017105,164,92,104,0.7184743127705465,False
1977,159,1,Тип 1 — медленный широкий,высокая,69.62379086111812,164,73,76,0.7328820090644014,False
1978,306,3,Тип 3 — быстрый узкий,высокая,147.37384234106162,160,103,114,1.0342024023934149,False
1979,104,1,Тип 1 — медленный широкий,низкая,2.300075425537707,151,3,12,0.1533383617025138,False
1980,327,1,Тип 1 — медленный широкий,высокая,150.07547799620122,164,135,168,0.7146451333152439,False
1981,243,1,Тип 1 — медленный широкий,низкая,25.178981162900858,157,40,31,0.6497801590426028,False
1982,385,1,Тип 1 — медленный широкий,низкая,12.403807843199306,160,29,21,0.47252601307425934,False
1983,189,1,Тип 1 — медленный широкий,высокая,75.80521776199956,164,78,82,0.7395631001170688,False
1984,483,2,Тип 2 — промежуточный,высокая,41.16063348954439,160,46,35,0.9408144797610146,False
1985,125,1,Тип 1 — медленный широкий,высокая,60.37819969427708,164,67,66,0.7318569659912374,False
1986,211,3,Тип 3 — быстрый узкий,высокая,90.77744977822879,166,71,70,1.0374565688940434,False
1987,7,2,Тип 2 — промежуточный,высокая,58.62629131400764,161,60,55,0.8527460554764748,False
1988,550,1,Тип 1 — медленный широкий,высокая,33.22256116984342,161,47,39,0.6814884342531983,False
1989,538,3,Тип 3 — быстрый узкий,высокая,86.64529033582701,166,69,66,1.05024594346457,False
1990,477,2,Тип 2 — промежуточный,высокая,156.49978136401344,164,122,146,0.8575330485699367,False
1991,531,3,Тип 3 — быстрый узкий,высокая,109.36906569636876,166,82,85,1.029355912436412,False
1992,142,1,Тип 1 — медленный широкий,высокая,122.35327709594253,164,115,136,0.7197251593878973,False
1993,229,1,Тип 1 — медленный широкий,высокая,66.53906132571252,164,72,73,0.7291951926105482,False
1994,298,2,Тип 2 — промежуточный,высокая,88.49975101004696,164,80,82,0.863412204976068,False
1995,299,2,Тип 2 — промежуточный,высокая,159.56734218572208,164,123,148,0.8625261739768761,False
1996,87,2,Тип 2 — промежуточный,высокая,169.80336939464996,161,130,158,0.8597638956691138,False
1997,144,3,Тип 3 — быстрый узкий,высокая,172.08227191025495,160,118,135,1.0197467965052147,False
1998,49,1,Тип 1 — медленный широкий,высокая,151.1036508937477,164,136,168,0.719541194732132,False
1999,345,3,Тип 3 — быстрый узкий,высокая,77.36328561055086,166,66,62,0.9982359433619467,False
2000,256,1,Тип 1 — медленный широкий,высокая,98.5983180213225,164,95,106,0.7441382492175284,False
2001,268,1,Тип 1 — медленный широкий,высокая,34.63779685797781,157,46,38,0.7292167759574276,False
2002,503,1,Тип 1 — медленный широкий,высокая,45.13556997376109,161,55,50,0.7221691195801775,False
2003,407,2,Тип 2 — промежуточный,высокая,143.1614125254272,164,113,132,0.8676449243965285,False
2004,418,1,Тип 1 — медленный широкий,высокая,87.17139344047341,164,87,95,0.7340748921303024,False
2005,98,2,Тип 2 — промежуточный,высокая,172.87672926740026,161,133,159,0.8698200214711963,False
2006,227,1,Тип 1 — медленный широкий,высокая,128.52666070850637,164,119,143,0.7190302696979378,False
2007,449,1,Тип 1 — медленный широкий,высокая,181.7426360382278,164,156,202,0.7197728159929814,False
2008,449,1,Тип 1 — медленный широкий,высокая,181.7426360382278,164,156,202,0.7197728159929814,False
2009,433,3,Тип 3 — быстрый узкий,высокая,53.10535605754746,160,53,42,1.0115305915723327,False
2010,90,2,Тип 2 — промежуточный,высокая,41.465155774366025,161,50,39,0.8505672979357133,False
2011,565,3,Тип 3 — быстрый узкий,высокая,118.64086381751596,166,86,92,1.0316596853697042,False
2012,344,1,Тип 1 — медленный широкий,низкая,14.241797975429929,157,32,30,0.37978127934479816,False
2013,191,3,Тип 3 — быстрый узкий,высокая,179.28383394297742,160,121,142,1.0100497686928307,False
2014,289,2,Тип 2 — промежуточный,высокая,171.85268284869505,161,132,159,0.8646675866601009,False
2015,189,1,Тип 1 — медленный широкий,высокая,75.80521776199956,164,78,82,0.7395631001170688,False
2016,136,1,Тип 1 — медленный широкий,высокая,183.77351466616764,163,158,206,0.7136835521016219,False
2017,191,3,Тип 3 — быстрый узкий,высокая,179.28383394297742,160,121,142,1.0100497686928307,False
2018,39,2,Тип 2 — промежуточный,высокая,63.739153352205335,164,63,59,0.8642597064705809,False
2019,188,2,Тип 2 — промежуточный,высокая,109.14841073828256,164,93,101,0.8645418672339213,False
2020,64,1,Тип 1 — медленный широкий,высокая,161.37948282303975,164,142,181,0.7132794820907835,False
2021,1,2,Тип 2 — промежуточный,высокая,107.08533957473863,164,91,98,0.8741660373448051,False
2022,105,2,Тип 2 — промежуточный,высокая,145.22388400959466,164,114,134,0.8670082627438487,False
2023,173,2,Тип 2 — промежуточный,высокая,31.251348982524068,160,41,30,0.8333693062006418,False
2024,57,1,Тип 1 — медленный широкий,высокая,130.5822559534306,164,120,145,0.720453825949962,False
2025,83,3,Тип 3 — быстрый узкий,высокая,185.42780414396887,160,125,144,1.0301544674664938,False
2026,124,2,Тип 2 — промежуточный,высокая,186.24996604596532,161,141,173,0.861271519287701,False
2027,414,2,Тип 2 — промежуточный,высокая,121.53405956167775,164,100,112,0.8681004254405554,False
2028,143,2,Тип 2 — промежуточный,высокая,67.85058743552925,164,66,62,0.8754914507810226,False
2029,35,2,Тип 2 — промежуточный,высокая,116.3695354099528,164,96,108,0.861996558592243,False
2030,536,1,Тип 1 — медленный широкий,высокая,171.57829790765308,164,151,189,0.7262573456408596,False
2031,563,3,Тип 3 — быстрый узкий,высокая,171.050375459291,160,116,134,1.0211962713987524,False
2032,536,1,Тип 1 — медленный широкий,высокая,171.57829790765308,164,151,189,0.7262573456408596,False
2033,199,1,Тип 1 — медленный широкий,низкая,6.491486182916153,155,25,24,0.2163828727638718,False
2034,462,1,Тип 1 — медленный широкий,низкая,5.047573248804104,160,25,14,0.28843275707452026,False
2035,367,1,Тип 1 — медленный широкий,низкая,27.2744148405028,161,44,35,0.6234151963543497,False
2036,15,1,Тип 1 — медленный широкий,высокая,40.158718254225185,161,52,43,0.7471389442646547,False
2037,524,3,Тип 3 — быстрый узкий,высокая,99.03680146368356,166,76,77,1.0289537814408682,False
2038,402,2,Тип 2 — промежуточный,высокая,181.13757928584084,161,138,168,0.8625599013611469,False
2039,410,1,Тип 1 — медленный широкий,низкая,3.84597303715285,157,16,14,0.21976988783730572,False
2040,356,2,Тип 2 — промежуточный,высокая,129.8011432658217,164,104,119,0.8726127278374569,False
2041,260,1,Тип 1 — медленный широкий,высокая,73.74371737586564,164,77,82,0.7194509012279575,False
2042,518,2,Тип 2 — промежуточный,высокая,142.126212753801,164,112,130,0.8746228477156985,False
2043,410,1,Тип 1 — медленный широкий,низкая,3.84597303715285,157,16,14,0.21976988783730572,False
2044,113,3,Тип 3 — быстрый узкий,высокая,110.39983869639039,166,82,86,1.0269752436873525,False
2045,71,2,Тип 2 — промежуточный,высокая,72.9996587486652,164,69,66,0.8848443484686691,False
2046,194,3,Тип 3 — быстрый узкий,высокая,190.53503578932492,160,128,150,1.0161868575430661,False
2047,184,3,Тип 3 — быстрый узкий,высокая,120.69871649872941,166,88,93,1.0382685290213283,False
2048,57,1,Тип 1 — медленный широкий,высокая,130.5822559534306,164,120,145,0.720453825949962,False
2049,221,1,Тип 1 — медленный широкий,низкая,15.90928745108307,160,32,26,0.4895165369564022,False
2050,499,2,Тип 2 — промежуточный,высокая,105.02153517408385,164,89,96,0.8751794597840322,False
2051,390,1,Тип 1 — медленный широкий,высокая,144.94765347415162,164,130,161,0.7202367874492006,False
2052,486,1,Тип 1 — медленный широкий,высокая,54.22929021422305,164,63,62,0.6997327769577169,False
2053,167,2,Тип 2 — промежуточный,высокая,138.0194522504365,164,111,127,0.8694138724436946,False
2054,305,3,Тип 3 — быстрый узкий,высокая,187.46962197876726,160,126,147,1.0202428407007742,False
2055,381,3,Тип 3 — быстрый узкий,высокая,67.15619324751142,160,60,53,1.0136783886416818,False
2056,391,2,Тип 2 — промежуточный,высокая,134.9390171843394,164,108,124,0.870574304415093,False
2057,519,1,Тип 1 — медленный широкий,высокая,44.141230448257495,161,55,48,0.7356871741376249,False
2058,471,3,Тип 3 — быстрый узкий,высокая,47.12611632583142,160,49,38,0.9921287647543457,False
2059,416,1,Тип 1 — медленный широкий,низкая,24.29597385059102,161,41,31,0.6269928735636393,False
2060,463,3,Тип 3 — быстрый узкий,высокая,113.49225742470371,166,85,89,1.0201551229186852,False
2061,131,3,Тип 3 — быстрый узкий,высокая,56.10031815426071,160,53,45,0.9973389894090794,False
2062,113,3,Тип 3 — быстрый узкий,высокая,110.39983869639039,166,82,86,1.0269752436873525,False
2063,566,1,Тип 1 — медленный широкий,высокая,146.99467822328185,164,132,162,0.725899645547071,False
2064,558,3,Тип 3 — быстрый узкий,высокая,115.55174240393508,166,86,91,1.0158394936609678,False
2065,7,2,Тип 2 — промежуточный,высокая,58.62629131400764,161,60,55,0.8527460554764748,False
2066,322,2,Тип 2 — промежуточный,высокая,190.32268275576735,161,144,178,0.8553828438461455,False
2067,507,3,Тип 3 — быстрый узкий,высокая,144.30422043419506,166,102,111,1.0400304175437483,False
2068,297,3,Тип 3 — быстрый узкий,высокая,112.46143664801393,166,83,89,1.010889318184395,False
2069,466,3,Тип 3 — быстрый узкий,высокая,107.30666189598904,166,81,84,1.0219682085332291,False
2070,307,2,Тип 2 — промежуточный,высокая,69.91003365233992,164,68,63,0.8877464590773324,False
2071,33,1,Тип 1 — медленный широкий,высокая,61.40508725216782,164,68,67,0.7331950716676755,False
2072,79,1,Тип 1 — медленный широкий,высокая,59.35139619938545,164,67,65,0.7304787224539748,False
2073,45,3,Тип 3 — быстрый узкий,высокая,57.10344054553571,160,53,45,1.0151722763650795,False
2074,370,3,Тип 3 — быстрый узкий,высокая,73.23975069336593,166,62,59,0.9930813653337754,False
2075,367,1,Тип 1 — медленный широкий,низкая,27.2744148405028,161,44,35,0.6234151963543497,False
2076,512,1,Тип 1 — медленный широкий,высокая,90.28332889712772,164,91,99,0.7295622537141634,False
2077,447,3,Тип 3 — быстрый узкий,высокая,150.46221325300718,160,105,116,1.0376704362276359,False
2078,355,1,Тип 1 — медленный широкий,высокая,116.17244089677851,164,111,128,0.7260777556048658,False
2079,2,0,Выброс,не применяется,1.960419751022364,135,2,1,1.5683358008178914,True
2080,567,2,Тип 2 — промежуточный,высокая,52.54752560843794,161,56,51,0.824274911504909,False
2081,299,2,Тип 2 — промежуточный,высокая,159.56734218572208,164,123,148,0.8625261739768761,False
2082,417,1,Тип 1 — медленный широкий,низкая,18.672842135573813,160,32,27,0.5532693966095944,False
2083,295,1,Тип 1 — медленный широкий,низкая,23.425219590468963,160,36,31,0.60452179588307,False
2084,131,3,Тип 3 — быстрый узкий,высокая,56.10031815426071,160,53,45,0.9973389894090794,False
2085,188,2,Тип 2 — промежуточный,высокая,109.14841073828256,164,93,101,0.8645418672339213,False
2086,30,3,Тип 3 — быстрый узкий,высокая,119.67028318582142,166,88,93,1.0294217908457757,False
2087,496,2,Тип 2 — промежуточный,высокая,101.92558553465373,164,87,95,0.858320720291821,False
2088,247,1,Тип 1 — медленный широкий,низкая,9.174164288154028,160,29,17,0.43172537826607194,False
2089,134,1,Тип 1 — медленный широкий,высокая,91.32246208649279,164,91,100,0.7305796966919423,False
2090,463,3,Тип 3 — быстрый узкий,высокая,113.49225742470371,166,85,89,1.0201551229186852,False
2091,305,3,Тип 3 — быстрый узкий,высокая,187.46962197876726,160,126,147,1.0202428407007742,False
2092,170,1,Тип 1 — медленный широкий,высокая,173.6159638061221,164,152,194,0.7159421187881323,False
2093,562,1,Тип 1 — медленный широкий,низкая,4.659495958622579,151,23,25,0.14910387067592254,False
2094,369,1,Тип 1 — медленный широкий,высокая,89.24419233673324,164,88,98,0.7285240190753735,False
2095,485,3,Тип 3 — быстрый узкий,высокая,136.1159575827169,166,98,106,1.0272902459072975,False
2096,304,2,Тип 2 — промежуточный,высокая,147.28536191240258,164,115,135,0.8728021446660894,False
2097,524,3,Тип 3 — быстрый узкий,высокая,99.03680146368356,166,76,77,1.0289537814408682,False
2098,157,1,Тип 1 — медленный широкий,низкая,25.290609264196753,161,43,31,0.6526608842373356,False
2099,382,1,Тип 1 — медленный широкий,высокая,93.40166066017105,164,92,104,0.7184743127705465,False
2100,336,3,Тип 3 — быстрый узкий,высокая,84.58209269806598,166,69,65,1.0410103716685044,False
2101,189,1,Тип 1 — медленный широкий,высокая,75.80521776199956,164,78,82,0.7395631001170688,False
2102,502,2,Тип 2 — промежуточный,высокая,50.52446589079199,161,56,49,0.8248892390333387,False
2103,18,1,Тип 1 — медленный широкий,высокая,97.5622378756908,164,95,106,0.736318776420308,False
2104,358,3,Тип 3 — быстрый узкий,высокая,133.04022944079728,166,95,104,1.0233863803138252,False
2105,320,2,Тип 2 — промежуточный,высокая,33.22191402711881,160,41,31,0.8573397168288724,False
2106,401,1,Тип 1 — медленный широкий,высокая,67.56685119808691,164,72,74,0.7304524453847233,False
2107,173,2,Тип 2 — промежуточный,высокая,31.251348982524068,160,41,30,0.8333693062006418,False
2108,114,3,Тип 3 — быстрый узкий,высокая,81.48790659711531,166,68,62,1.051456859317617,False
2109,396,1,Тип 1 — медленный широкий,высокая,51.16183825506593,164,59,55,0.744172192800959,False
2110,80,3,Тип 3 — быстрый узкий,высокая,89.74398238482371,166,71,68,1.0558115574685143,False
2111,165,2,Тип 2 — промежуточный,высокая,170.82802611172121,161,131,158,0.8649520309454239,False
2112,379,3,Тип 3 — быстрый узкий,высокая,94.91025506587835,166,75,72,1.0545583896208706,False
2113,270,2,Тип 2 — промежуточный,высокая,135.96609638235606,164,108,124,0.8772006218216519,False
2114,413,3,Тип 3 — быстрый узкий,высокая,63.12615513134549,160,58,50,1.010018482101528,False
2115,251,3,Тип 3 — быстрый узкий,высокая,68.17062185973276,160,60,54,1.0099351386627076,False
2116,285,2,Тип 2 — промежуточный,высокая,99.86066068251684,164,86,90,0.8876503171779275,False
2117,4,3,Тип 3 — быстрый узкий,высокая,125.84012150811344,166,92,97,1.0378566722318636,False
2118,45,3,Тип 3 — быстрый узкий,высокая,57.10344054553571,160,53,45,1.0151722763650795,False
2119,332,3,Тип 3 — быстрый узкий,высокая,146.34842019708375,166,103,114,1.0270064575233948,False
2120,273,1,Тип 1 — медленный широкий,высокая,80.9632900882941,164,82,87,0.7444900238004056,False
2121,395,1,Тип 1 — медленный широкий,высокая,36.54362508988995,157,48,38,0.7693394755766306,False
2122,10,3,Тип 3 — быстрый узкий,высокая,103.16911784159632,166,79,80,1.0316911784159633,False
2123,43,2,Тип 2 — промежуточный,высокая,89.53450890113623,164,80,83,0.8629832183242047,False
2124,474,3,Тип 3 — быстрый узкий,высокая,149.43319545565137,160,105,116,1.030573761763113,False
2125,261,3,Тип 3 — быстрый узкий,высокая,196.65672618306587,160,132,154,1.0215933827691734,False
2126,458,2,Тип 2 — промежуточный,высокая,150.35901002949493,164,118,140,0.8591943430256853,False
2127,264,1,Тип 1 — медленный широкий,низкая,4.111300308865549,151,21,21,0.156620964147259,False
2128,465,1,Тип 1 — медленный широкий,низкая,6.305315858852972,160,26,14,0.360303763363027,False
2129,82,2,Тип 2 — промежуточный,высокая,160.58986268941894,164,125,147,0.873958436405001,False
2130,302,3,Тип 3 — быстрый узкий,высокая,167.95916902914743,160,114,131,1.0257048490329614,False
2131,135,2,Тип 2 — промежуточный,высокая,83.3277141514719,164,74,77,0.8657424846906172,False
2132,499,2,Тип 2 — промежуточный,высокая,105.02153517408385,164,89,96,0.8751794597840322,False
2133,444,3,Тип 3 — быстрый узкий,высокая,132.01498111966077,166,94,103,1.0253590766575595,False
2134,290,3,Тип 3 — быстрый узкий,высокая,50.108303095275176,160,51,41,0.9777229872248815,False
2135,399,2,Тип 2 — промежуточный,высокая,123.61725782415871,164,102,115,0.859946141385452,False
2136,85,2,Тип 2 — промежуточный,высокая,91.59998840396362,164,80,83,0.8828914544960349,False
2137,268,1,Тип 1 — медленный широкий,высокая,34.63779685797781,157,46,38,0.7292167759574276,False
2138,157,1,Тип 1 — медленный широкий,низкая,25.290609264196753,161,43,31,0.6526608842373356,False
2139,394,1,Тип 1 — медленный широкий,низкая,9.951344857956306,160,29,21,0.3790988517316688,False
2140,474,3,Тип 3 — быстрый узкий,высокая,149.43319545565137,160,105,116,1.030573761763113,False
2141,566,1,Тип 1 — медленный широкий,высокая,146.99467822328185,164,132,162,0.725899645547071,False
2142,182,1,Тип 1 — медленный широкий,высокая,32.730549319060884,157,46,36,0.7273455404235752,False
2143,263,1,Тип 1 — медленный широкий,низкая,5.243768960851287,151,23,25,0.16780060674724118,False
2144,568,1,Тип 1 — медленный широкий,высокая,111.01645527766905,164,105,121,0.7339930927449193,False
2145,51,3,Тип 3 — быстрый узкий,высокая,178.25922988571827,160,119,140,1.018624170775533,False
2146,202,3,Тип 3 — быстрый узкий,высокая,154.5780123092776,160,108,119,1.039179914684219,False
2147,426,1,Тип 1 — медленный широкий,высокая,127.498720252808,164,117,141,0.7233969943421731,False
2148,449,1,Тип 1 — медленный широкий,высокая,181.7426360382278,164,156,202,0.7197728159929814,False
2149,464,2,Тип 2 — промежуточный,высокая,115.33640524853604,164,96,106,0.8704634358380079,False
2150,188,2,Тип 2 — промежуточный,высокая,109.14841073828256,164,93,101,0.8645418672339213,False
2151,211,3,Тип 3 — быстрый узкий,высокая,90.77744977822879,166,71,70,1.0374565688940434,False
2152,547,3,Тип 3 — быстрый узкий,высокая,160.74353810909687,160,111,124,1.0370550845748185,False
2153,119,1,Тип 1 — медленный широкий,высокая,57.298244459640806,164,64,64,0.7162280557455101,False
2154,479,1,Тип 1 — медленный широкий,высокая,43.1464707701153,161,55,47,0.7344080131083456,False
2155,210,2,Тип 2 — промежуточный,высокая,148.3104239482628,164,115,137,0.8660462712307317,False
2156,184,3,Тип 3 — быстрый узкий,высокая,120.69871649872941,166,88,93,1.0382685290213283,False
2157,258,2,Тип 2 — промежуточный,высокая,97.79575604403466,164,84,88,0.8890523276730424,False
2158,421,2,Тип 2 — промежуточный,высокая,68.8802866915482,164,67,61,0.9033480221842388,False
2159,416,1,Тип 1 — медленный широкий,низкая,24.29597385059102,161,41,31,0.6269928735636393,False
2160,23,3,Тип 3 — быстрый узкий,высокая,159.71657465483372,160,109,124,1.030429513902153,False
2161,271,2,Тип 2 — промежуточный,высокая,166.72939941280575,161,128,154,0.8661267501963935,False
2162,105,2,Тип 2 — промежуточный,высокая,145.22388400959466,164,114,134,0.8670082627438487,False
2163,13,3,Тип 3 — быстрый узкий,высокая,145.3263213257126,166,102,113,1.0288589120404432,False
2164,1,2,Тип 2 — промежуточный,высокая,107.08533957473863,164,91,98,0.8741660373448051,False
2165,324,3,Тип 3 — быстрый узкий,высокая,162.79615235391114,160,113,127,1.025487573882905,False
2166,278,2,Тип 2 — промежуточный,высокая,51.53624466584389,161,56,49,0.8414080761770432,False
2167,382,1,Тип 1 — медленный широкий,высокая,93.40166066017105,164,92,104,0.7184743127705465,False
2168,62,1,Тип 1 — медленный широкий,высокая,37.188399695504785,161,51,39,0.7628389681129187,False
2169,62,1,Тип 1 — медленный широкий,высокая,37.188399695504785,161,51,39,0.7628389681129187,False
2170,204,2,Тип 2 — промежуточный,высокая,44.47629580349733,161,52,41,0.8678301620194601,False
2171,274,1,Тип 1 — медленный широкий,высокая,88.20708267969752,164,87,96,0.7350590223308128,False
2172,377,2,Тип 2 — промежуточный,высокая,120.50163702222038,164,99,112,0.8607259787301456,False
2173,433,3,Тип 3 — быстрый узкий,высокая,53.10535605754746,160,53,42,1.0115305915723327,False
2174,223,1,Тип 1 — медленный широкий,высокая,164.44146280452364,164,146,184,0.7149628817587985,False
2175,249,2,Тип 2 — промежуточный,высокая,78.16083794979805,164,72,71,0.8806854980258936,False
2176,275,1,Тип 1 — медленный широкий,высокая,172.5971308580513,164,152,192,0.719154711908547,False
2177,278,2,Тип 2 — промежуточный,высокая,51.53624466584389,161,56,49,0.8414080761770432,False
2178,257,2,Тип 2 — промежуточный,высокая,92.6326293423275,164,82,84,0.8822155175459763,False
2179,233,3,Тип 3 — быстрый узкий,высокая,176.20892331107567,160,119,139,1.0141520766105074,False
2180,34,2,Тип 2 — промежуточный,высокая,163.6538882367355,164,126,151,0.8670404674793935,False
2181,392,1,Тип 1 — медленный широкий,низкая,17.39638305234985,161,36,28,0.4970395157814243,False
2182,393,1,Тип 1 — медленный широкий,высокая,187.8365661130523,163,163,211,0.7121765539831366,False
2183,89,3,Тип 3 — быстрый узкий,высокая,127.89683237782839,166,93,98,1.044055774512885,False
2184,36,2,Тип 2 — промежуточный,высокая,175.97300257447884,161,134,162,0.8690024818492782,False
2185,390,1,Тип 1 — медленный широкий,высокая,144.94765347415162,164,130,161,0.7202367874492006,False
2186,86,2,Тип 2 — промежуточный,высокая,185.23021717650153,161,141,173,0.8565559175791978,False
2187,416,1,Тип 1 — медленный широкий,низкая,24.29597385059102,161,41,31,0.6269928735636393,False
2188,426,1,Тип 1 — медленный широкий,высокая,127.498720252808,164,117,141,0.7233969943421731,False
2189,206,3,Тип 3 — быстрый узкий,высокая,82.51924852535427,166,68,64,1.0314906065669285,False
2190,174,1,Тип 1 — медленный широкий,низкая,14.520553589672321,161,36,24,0.4840184529890774,False
2191,347,2,Тип 2 — промежуточный,высокая,162.63260333111873,164,126,151,0.8616296865224833,False
2192,255,1,Тип 1 — медленный широкий,низкая,14.134440669299766,160,32,26,0.4349058667476851,False
2193,153,1,Тип 1 — медленный широкий,низкая,15.987991878651753,157,34,31,0.41259333880391624,False
2194,105,2,Тип 2 — промежуточный,высокая,145.22388400959466,164,114,134,0.8670082627438487,False
2195,30,3,Тип 3 — быстрый узкий,высокая,119.67028318582142,166,88,93,1.0294217908457757,False
2196,62,1,Тип 1 — медленный широкий,высокая,37.188399695504785,161,51,39,0.7628389681129187,False
2197,132,1,Тип 1 — медленный широкий,низкая,7.6805466046893915,160,27,18,0.3413576268750841,False
2198,569,2,Тип 2 — промежуточный,высокая,180.1034962984816,161,136,168,0.8576356966594363,False
2199,24,2,Тип 2 — промежуточный,высокая,59.64063368389887,161,60,55,0.8675001263112563,False
2200,296,1,Тип 1 — медленный широкий,низкая,13.581391359676406,155,36,24,0.4527130453225469,False
2201,313,1,Тип 1 — медленный широкий,высокая,152.13108076926238,164,136,169,0.7201471279018339,False
2202,36,2,Тип 2 — промежуточный,высокая,175.97300257447884,161,134,162,0.8690024818492782,False
2203,17,1,Тип 1 — медленный широкий,низкая,5.846769743476025,151,25,27,0.17323762202891924,False
2204,48,1,Тип 1 — медленный широкий,низкая,3.9055961430336703,160,16,11,0.2840433558569942,False
2205,156,1,Тип 1 — медленный широкий,высокая,138.7973693372071,164,128,155,0.7163735191597786,False
2206,383,1,Тип 1 — медленный широкий,высокая,33.68219066006812,157,46,37,0.7282635818393107,False
2207,132,1,Тип 1 — медленный широкий,низкая,7.6805466046893915,160,27,18,0.3413576268750841,False
2208,225,3,Тип 3 — быстрый узкий,высокая,116.58144284803573,166,86,91,1.0248918052574572,False
2209,258,2,Тип 2 — промежуточный,высокая,97.79575604403466,164,84,88,0.8890523276730424,False
2210,423,1,Тип 1 — медленный широкий,высокая,35.201913674791534,161,48,41,0.6868666082886153,False
2211,291,0,Выброс,не применяется,2.4532116321078687,141,3,23,0.08532910024723023,True
2212,78,1,Тип 1 — медленный широкий,высокая,83.03158744615756,164,83,90,0.7380585550769561,False
2213,56,1,Тип 1 — медленный широкий,высокая,142.89778052792508,164,129,160,0.7144889026396254,False
2214,333,1,Тип 1 — медленный широкий,высокая,108.95309388904909,164,104,120,0.7263539592603273,False
2215,323,3,Тип 3 — быстрый узкий,высокая,183.38121818351757,160,125,145,1.0117584451504418,False
2216,570,3,Тип 3 — быстрый узкий,высокая,88.71060952057302,166,70,67,1.0592311584546032,False
2217,108,1,Тип 1 — медленный широкий,высокая,175.64920046093283,164,153,196,0.7169355120854402,False
2218,186,1,Тип 1 — медленный широкий,высокая,109.98513347447268,164,105,120,0.7332342231631512,False
2219,65,1,Тип 1 — медленный широкий,низкая,11.710884051628835,157,32,28,0.33459668718939534,False
2220,58,1,Тип 1 — медленный широкий,низкая,7.2152410877539666,157,29,18,0.3206773816779541,False
2221,81,1,Тип 1 — медленный широкий,высокая,76.8367447313626,164,80,83,0.7405951299408444,False
2222,47,1,Тип 1 — медленный широкий,высокая,100.67068026113056,164,97,110,0.7321504018991313,False
2223,197,1,Тип 1 — медленный широкий,низкая,22.36148259772997,157,38,30,0.5963062026061327,False
2224,227,1,Тип 1 — медленный широкий,высокая,128.52666070850637,164,119,143,0.7190302696979378,False
2225,68,3,Тип 3 — быстрый узкий,высокая,114.52205058227008,166,86,90,1.0179737829535118,False
2226,34,2,Тип 2 — промежуточный,высокая,163.6538882367355,164,126,151,0.8670404674793935,False
2227,36,2,Тип 2 — промежуточный,высокая,175.97300257447884,161,134,162,0.8690024818492782,False
2228,251,3,Тип 3 — быстрый узкий,высокая,68.17062185973276,160,60,54,1.0099351386627076,False
2229,264,1,Тип 1 — медленный широкий,низкая,4.111300308865549,151,21,21,0.156620964147259,False
2230,119,1,Тип 1 — медленный широкий,высокая,57.298244459640806,164,64,64,0.7162280557455101,False
2231,564,3,Тип 3 — быстрый узкий,высокая,71.21113906077807,160,62,57,0.9994545833091659,False
2232,310,1,Тип 1 — медленный широкий,высокая,185.80521293288987,163,162,209,0.7112161260589086,False
2233,498,1,Тип 1 — медленный широкий,низкая,7.198195635697378,155,25,27,0.21327987068732973,False
2234,257,2,Тип 2 — промежуточный,высокая,92.6326293423275,164,82,84,0.8822155175459763,False
2235,315,1,Тип 1 — медленный широкий,высокая,158.290268268321,164,141,176,0.7195012194014591,False
2236,49,1,Тип 1 — медленный широкий,высокая,151.1036508937477,164,136,168,0.719541194732132,False
2237,127,3,Тип 3 — быстрый узкий,высокая,60.11001151326698,160,56,48,1.0018335252211166,False
2238,238,1,Тип 1 — медленный широкий,низкая,3.058596405723839,157,5,14,0.17477693746993367,False
2239,236,2,Тип 2 — промежуточный,высокая,149.3352253393489,164,118,140,0.8533441447962795,False
2240,146,3,Тип 3 — быстрый узкий,высокая,151.49123032490198,160,106,118,1.0270591886434033,False
2241,519,1,Тип 1 — медленный широкий,высокая,44.141230448257495,161,55,48,0.7356871741376249,False
2242,155,2,Тип 2 — промежуточный,высокая,98.82820484938112,164,84,90,0.8784729319944989,False
2243,350,3,Тип 3 — быстрый узкий,высокая,75.30161551795237,166,63,60,1.004021540239365,False
2244,571,1,Тип 1 — медленный широкий,низкая,28.945075991066783,157,43,32,0.7236268997766696,False
2245,94,2,Тип 2 — промежуточный,высокая,70.9398375296969,164,69,63,0.9008233337104369,False
2246,278,2,Тип 2 — промежуточный,высокая,51.53624466584389,161,56,49,0.8414080761770432,False
2247,128,2,Тип 2 — промежуточный,высокая,30.266075421143398,160,41,30,0.8070953445638239,False
2248,162,1,Тип 1 — медленный широкий,высокая,117.20268860688785,164,111,129,0.7268383789574441,False
2249,112,1,Тип 1 — медленный широкий,высокая,177.6812687789744,164,156,198,0.7179041162786844,False
2250,543,1,Тип 1 — медленный широкий,низкая,3.610858662489748,151,21,21,0.13755652047579994,False
2251,74,1,Тип 1 — медленный широкий,низкая,29.25315298489843,161,45,38,0.6158558523136513,False
2252,482,3,Тип 3 — быстрый узкий,высокая,43.1452359012911,160,46,36,0.9587830200286912,False
2253,272,1,Тип 1 — медленный широкий,высокая,31.786857228179514,157,45,35,0.7265567366441031,False
2254,144,3,Тип 3 — быстрый узкий,высокая,172.08227191025495,160,118,135,1.0197467965052147,False
2255,294,1,Тип 1 — медленный широкий,низкая,7.925760487146572,155,29,29,0.21864166861093992,False
2256,208,1,Тип 1 — медленный широкий,низкая,3.432455950933298,157,15,14,0.1961403400533313,False
2257,544,2,Тип 2 — промежуточный,высокая,82.29402922600363,164,74,76,0.8662529392210908,False
2258,97,3,Тип 3 — быстрый узкий,высокая,130.98956559324444,166,94,102,1.0273691419077995,False
2259,482,3,Тип 3 — быстрый узкий,высокая,43.1452359012911,160,46,36,0.9587830200286912,False
2260,569,2,Тип 2 — промежуточный,высокая,180.1034962984816,161,136,168,0.8576356966594363,False
2261,452,3,Тип 3 — быстрый узкий,высокая,181.33252585280562,160,122,142,1.0215916949453838,False
2262,323,3,Тип 3 — быстрый узкий,высокая,183.38121818351757,160,125,145,1.0117584451504418,False
2263,450,2,Тип 2 — промежуточный,высокая,114.30359998536004,164,95,106,0.8626686791347928,False
2264,572,1,Тип 1 — медленный широкий,высокая,78.89986858032805,164,82,85,0.7425869984030875,False
2265,279,1,Тип 1 — медленный широкий,высокая,32.23319671182237,161,47,37,0.6969339829583217,False
2266,400,2,Тип 2 — промежуточный,высокая,74.0312495324795,164,70,69,0.8583333279128059,False
2267,319,3,Тип 3 — быстрый узкий,высокая,51.10818125621146,160,51,41,0.997232804999248,False
2268,243,1,Тип 1 — медленный широкий,низкая,25.178981162900858,157,40,31,0.6497801590426028,False
2269,191,3,Тип 3 — быстрый узкий,высокая,179.28383394297742,160,121,142,1.0100497686928307,False
2270,315,1,Тип 1 — медленный широкий,высокая,158.290268268321,164,141,176,0.7195012194014591,False
2271,497,1,Тип 1 — медленный широкий,высокая,38.17968410659097,161,51,42,0.7272320782207804,False
2272,124,2,Тип 2 — промежуточный,высокая,186.24996604596532,161,141,173,0.861271519287701,False
2273,57,1,Тип 1 — медленный широкий,высокая,130.5822559534306,164,120,145,0.720453825949962,False
2274,163,2,Тип 2 — промежуточный,высокая,37.18864267064049,160,44,33,0.9015428526215876,False
2275,374,2,Тип 2 — промежуточный,высокая,35.20811224103583,160,42,33,0.8535299937220807,False
2276,201,1,Тип 1 — медленный широкий,высокая,36.19592437460549,161,51,40,0.7239184874921099,False
2277,282,1,Тип 1 — медленный широкий,низкая,17.773289156233833,157,35,31,0.45866552661248605,False
2278,527,3,Тип 3 — быстрый узкий,высокая,91.81100273527112,166,74,70,1.049268602688813,False
2279,212,1,Тип 1 — медленный широкий,низкая,5.950519901954288,157,21,18,0.2644675511979684,False
2280,294,1,Тип 1 — медленный широкий,низкая,7.925760487146572,155,29,29,0.21864166861093992,False
2281,441,1,Тип 1 — медленный широкий,высокая,101.70685653265124,164,99,112,0.7264775466617946,False
2282,204,2,Тип 2 — промежуточный,высокая,44.47629580349733,161,52,41,0.8678301620194601,False
2283,437,3,Тип 3 — быстрый узкий,высокая,121.72715227898294,166,88,96,1.014392935658191,False
2284,83,3,Тип 3 — быстрый узкий,высокая,185.42780414396887,160,125,144,1.0301544674664938,False
2285,391,2,Тип 2 — промежуточный,высокая,134.9390171843394,164,108,124,0.870574304415093,False
2286,79,1,Тип 1 — медленный широкий,высокая,59.35139619938545,164,67,65,0.7304787224539748,False
2287,150,1,Тип 1 — медленный широкий,высокая,189.87616541976854,163,164,212,0.7165138317727116,False
2288,425,3,Тип 3 — быстрый узкий,высокая,78.3940948981279,166,67,62,1.0115367083629407,False
2289,512,1,Тип 1 — медленный широкий,высокая,90.28332889712772,164,91,99,0.7295622537141634,False
2290,445,2,Тип 2 — промежуточный,высокая,151.3827948590852,164,118,141,0.8589094743777884,False
2291,99,1,Тип 1 — медленный широкий,низкая,27.308435799580256,160,39,29,0.7533361599884209,False
2292,413,3,Тип 3 — быстрый узкий,высокая,63.12615513134549,160,58,50,1.010018482101528,False
2293,71,2,Тип 2 — промежуточный,высокая,72.9996587486652,164,69,66,0.8848443484686691,False
2294,464,2,Тип 2 — промежуточный,высокая,115.33640524853604,164,96,106,0.8704634358380079,False
2295,109,1,Тип 1 — медленный широкий,низкая,18.686075333227038,157,36,27,0.5536614913548752,False
2296,311,3,Тип 3 — быстрый узкий,высокая,152.52024676113524,160,107,118,1.0340355712619338,False
2297,377,2,Тип 2 — промежуточный,высокая,120.50163702222038,164,99,112,0.8607259787301456,False
2298,305,3,Тип 3 — быстрый узкий,высокая,187.46962197876726,160,126,147,1.0202428407007742,False
2299,415,1,Тип 1 — медленный широкий,высокая,123.38236540176062,164,115,136,0.7257786200103566,False
2300,69,2,Тип 2 — промежуточный,высокая,158.5448217896913,164,123,147,0.862828962120769,False
2301,38,2,Тип 2 — промежуточный,высокая,119.46890731672892,164,99,111,0.8610371698502985,False
2302,387,1,Тип 1 — медленный широкий,высокая,49.13470134563658,161,59,55,0.7146865650274412,False
2303,116,3,Тип 3 — быстрый узкий,высокая,182.35687196799034,160,122,144,1.0130937331555019,False
2304,396,1,Тип 1 — медленный широкий,высокая,51.16183825506593,164,59,55,0.744172192800959,False
2305,332,3,Тип 3 — быстрый узкий,высокая,146.34842019708375,166,103,114,1.0270064575233948,False
2306,90,2,Тип 2 — промежуточный,высокая,41.465155774366025,161,50,39,0.8505672979357133,False
2307,385,1,Тип 1 — медленный широкий,низкая,12.403807843199306,160,29,21,0.47252601307425934,False
2308,81,1,Тип 1 — медленный широкий,высокая,76.8367447313626,164,80,83,0.7405951299408444,False
2309,573,1,Тип 1 — медленный широкий,низкая,9.48082737006563,155,33,30,0.2528220632017501,False
2310,361,1,Тип 1 — медленный широкий,высокая,165.46160935219984,164,147,185,0.7155096620635668,False
2311,471,3,Тип 3 — быстрый узкий,высокая,47.12611632583142,160,49,38,0.9921287647543457,False
2312,410,1,Тип 1 — медленный широкий,низкая,3.84597303715285,157,16,14,0.21976988783730572,False
2313,422,3,Тип 3 — быстрый узкий,высокая,142.2592981016185,166,100,110,1.03461307710268,False
2314,376,1,Тип 1 — медленный широкий,высокая,99.63450071991619,164,97,108,0.7380333386660459,False
2315,536,1,Тип 1 — медленный широкий,высокая,171.57829790765308,164,151,189,0.7262573456408596,False
2316,392,1,Тип 1 — медленный широкий,низкая,17.39638305234985,161,36,28,0.4970395157814243,False
2317,228,3,Тип 3 — быстрый узкий,высокая,85.61366143896942,166,69,65,1.0537066023257775,False
2318,127,3,Тип 3 — быстрый узкий,высокая,60.11001151326698,160,56,48,1.0018335252211166,False
2319,536,1,Тип 1 — медленный широкий,высокая,171.57829790765308,164,151,189,0.7262573456408596,False
2320,128,2,Тип 2 — промежуточный,высокая,30.266075421143398,160,41,30,0.8070953445638239,False
2321,407,2,Тип 2 — промежуточный,высокая,143.1614125254272,164,113,132,0.8676449243965285,False
2322,17,1,Тип 1 — медленный широкий,низкая,5.846769743476025,151,25,27,0.17323762202891924,False
2323,211,3,Тип 3 — быстрый узкий,высокая,90.77744977822879,166,71,70,1.0374565688940434,False
2324,420,2,Тип 2 — промежуточный,высокая,37.49420562121005,157,48,37,0.8106855269450822,False
2325,61,1,Тип 1 — медленный широкий,низкая,6.974128036854599,160,26,14,0.3985216021059771,False
2326,574,3,Тип 3 — быстрый узкий,высокая,80.456601737025,166,67,61,1.0551685473708197,False
2327,117,1,Тип 1 — медленный широкий,высокая,68.59471113038528,164,72,74,0.7415644446528138,False
2328,249,2,Тип 2 — промежуточный,высокая,78.16083794979805,164,72,71,0.8806854980258936,False
2329,396,1,Тип 1 — медленный широкий,высокая,51.16183825506593,164,59,55,0.744172192800959,False
2330,575,2,Тип 2 — промежуточный,высокая,100.89312137747231,164,87,92,0.8773314902388897,False
2331,458,2,Тип 2 — промежуточный,высокая,150.35901002949493,164,118,140,0.8591943430256853,False
2332,54,2,Тип 2 — промежуточный,высокая,189.30500799000592,161,144,177,0.8556158553220607,False
2333,536,1,Тип 1 — медленный широкий,высокая,171.57829790765308,164,151,189,0.7262573456408596,False
2334,477,2,Тип 2 — промежуточный,высокая,156.49978136401344,164,122,146,0.8575330485699367,False
2335,66,1,Тип 1 — медленный широкий,высокая,114.11018614755625,164,107,125,0.7303051913443601,False
2336,25,1,Тип 1 — медленный широкий,высокая,168.521799039909,164,148,187,0.7209488728980065,False
2337,164,3,Тип 3 — быстрый узкий,высокая,104.20345637652946,166,80,81,1.0291699395212788,False
2338,263,1,Тип 1 — медленный широкий,низкая,5.243768960851287,151,23,25,0.16780060674724118,False
2339,1,2,Тип 2 — промежуточный,высокая,107.08533957473863,164,91,98,0.8741660373448051,False
2340,318,3,Тип 3 — быстрый узкий,высокая,108.33831302157677,166,81,85,1.0196547107913108,False
2341,21,2,Тип 2 — промежуточный,высокая,64.76681805561192,164,65,60,0.8635575740748256,False
2342,240,2,Тип 2 — промежуточный,высокая,90.56737575210185,164,80,84,0.8625464357343033,False
2343,335,1,Тип 1 — медленный широкий,высокая,105.85146531914287,164,101,115,0.7363580196114288,False
2344,283,3,Тип 3 — быстрый узкий,высокая,100.06842649468375,166,76,77,1.0396719635811298,False
2345,70,3,Тип 3 — быстрый узкий,высокая,143.28211739503664,166,102,111,1.0326639091534173,False
2346,167,2,Тип 2 — промежуточный,высокая,138.0194522504365,164,111,127,0.8694138724436946,False
2347,346,3,Тип 3 — быстрый узкий,высокая,168.98962523236113,160,116,133,1.0164789487660821,False
2348,25,1,Тип 1 — медленный широкий,высокая,168.521799039909,164,148,187,0.7209488728980065,False
2349,459,1,Тип 1 — медленный широкий,высокая,77.86829667474481,164,80,84,0.7416028254737602,False
2350,571,1,Тип 1 — медленный широкий,низкая,28.945075991066783,157,43,32,0.7236268997766696,False
2351,4,3,Тип 3 — быстрый узкий,высокая,125.84012150811344,166,92,97,1.0378566722318636,False
2352,576,1,Тип 1 — медленный широкий,высокая,53.2063406933529,164,61,60,0.7094178759113721,False
2353,12,2,Тип 2 — промежуточный,высокая,161.61131852087465,164,125,150,0.8619270321113315,False
2354,534,3,Тип 3 — быстрый узкий,высокая,180.30817984293498,160,121,142,1.015820731509493,False
2355,107,2,Тип 2 — промежуточный,высокая,40.45962353073204,161,49,39,0.8299409955021957,False
2356,420,2,Тип 2 — промежуточный,высокая,37.49420562121005,157,48,37,0.8106855269450822,False
2357,232,1,Тип 1 — медленный широкий,высокая,125.44054248242084,164,116,139,0.7219599567333573,False
2358,201,1,Тип 1 — медленный широкий,высокая,36.19592437460549,161,51,40,0.7239184874921099,False
2359,160,3,Тип 3 — быстрый узкий,высокая,45.133654767541884,160,48,36,1.0029701059453753,False
2360,277,1,Тип 1 — медленный широкий,высокая,124.4114538503392,164,115,136,0.7318320814725835,False
2361,510,2,Тип 2 — промежуточный,высокая,184.20871721601,161,139,172,0.8567847312372557,False
2362,136,1,Тип 1 — медленный широкий,высокая,183.77351466616764,163,158,206,0.7136835521016219,False
2363,318,3,Тип 3 — быстрый узкий,высокая,108.33831302157677,166,81,85,1.0196547107913108,False
2364,220,1,Тип 1 — медленный широкий,низкая,11.08532321551454,155,33,33,0.26873510825489794,False
2365,133,1,Тип 1 — медленный широкий,высокая,170.55946495487356,164,149,189,0.7219448252058142,False
2366,267,1,Тип 1 — медленный широкий,низкая,2.7252244847719456,157,3,7,0.31145422683107954,False
2367,44,2,Тип 2 — промежуточный,высокая,43.4721387791423,161,52,40,0.869442775582846,False
2368,194,3,Тип 3 — быстрый узкий,высокая,190.53503578932492,160,128,150,1.0161868575430661,False
2369,271,2,Тип 2 — промежуточный,высокая,166.72939941280575,161,128,154,0.8661267501963935,False
2370,43,2,Тип 2 — промежуточный,высокая,89.53450890113623,164,80,83,0.8629832183242047,False
2371,140,1,Тип 1 — медленный широкий,низкая,6.567783531294809,157,25,18,0.2919014902797693,False
2372,278,2,Тип 2 — промежуточный,высокая,51.53624466584389,161,56,49,0.8414080761770432,False
2373,70,3,Тип 3 — быстрый узкий,высокая,143.28211739503664,166,102,111,1.0326639091534173,False
2374,420,2,Тип 2 — промежуточный,высокая,37.49420562121005,157,48,37,0.8106855269450822,False
2375,560,3,Тип 3 — быстрый узкий,высокая,49.113631759594234,160,51,40,0.9822726351918847,False
2376,577,1,Тип 1 — медленный широкий,высокая,191.90503167681223,163,164,216,0.7107593765807861,False
2377,525,2,Тип 2 — промежуточный,высокая,77.12868765106437,164,72,71,0.8690556355049507,False
2378,70,3,Тип 3 — быстрый узкий,высокая,143.28211739503664,166,102,111,1.0326639091534173,False
2379,252,1,Тип 1 — медленный широкий,низкая,11.901113501533786,155,33,31,0.3071255097170009,False
2380,93,3,Тип 3 — быстрый узкий,высокая,177.23395723032965,160,119,139,1.020051552404775,False
2381,130,3,Тип 3 — быстрый узкий,высокая,39.17010808017771,160,45,32,0.9792527020044428,False
2382,313,1,Тип 1 — медленный широкий,высокая,152.13108076926238,164,136,169,0.7201471279018339,False
2383,210,2,Тип 2 — промежуточный,высокая,148.3104239482628,164,115,137,0.8660462712307317,False
2384,40,1,Тип 1 — медленный широкий,высокая,155.20239488802042,164,137,174,0.7135742293702089,False
2385,36,2,Тип 2 — промежуточный,высокая,175.97300257447884,161,134,162,0.8690024818492782,False
2386,225,3,Тип 3 — быстрый узкий,высокая,116.58144284803573,166,86,91,1.0248918052574572,False
2387,266,2,Тип 2 — промежуточный,высокая,153.43036497207413,164,120,143,0.8583516921514638,False
2388,176,3,Тип 3 — быстрый узкий,высокая,184.404687648927,160,125,145,1.0174051732354592,False
2389,336,3,Тип 3 — быстрый узкий,высокая,84.58209269806598,166,69,65,1.0410103716685044,False
2390,442,1,Тип 1 — медленный широкий,низкая,24.39441057155467,160,36,31,0.6295331760401205,False
2391,396,1,Тип 1 — медленный широкий,высокая,51.16183825506593,164,59,55,0.744172192800959,False
2392,241,2,Тип 2 — промежуточный,высокая,103.98963152708525,164,89,94,0.8850181406560447,False
2393,263,1,Тип 1 — медленный широкий,низкая,5.243768960851287,151,23,25,0.16780060674724118,False
2394,549,2,Тип 2 — промежуточный,высокая,141.09628892530543,164,111,130,0.8682848549249566,False
2395,242,1,Тип 1 — медленный широкий,высокая,47.13288907750829,161,57,52,0.7251213704232045,False
2396,169,3,Тип 3 — быстрый узкий,высокая,175.17848781447327,160,119,137,1.022940074829041,False
2397,384,1,Тип 1 — медленный широкий,высокая,103.77920123692091,164,100,112,0.7412800088351494,False
2398,195,2,Тип 2 — промежуточный,высокая,154.45415024782542,164,120,144,0.8580786124879191,False
2399,162,1,Тип 1 — медленный широкий,высокая,117.20268860688785,164,111,129,0.7268383789574441,False
2400,229,1,Тип 1 — медленный широкий,высокая,66.53906132571252,164,72,73,0.7291951926105482,False
2401,472,3,Тип 3 — быстрый узкий,высокая,138.16455197751839,166,99,107,1.0330059960935956,False
2402,171,3,Тип 3 — быстрый узкий,высокая,62.11874720961757,160,58,48,1.0353124534936262,False
2403,209,1,Тип 1 — медленный широкий,высокая,64.48373907536981,164,70,70,0.7369570180042265,False
2404,282,1,Тип 1 — медленный широкий,низкая,17.773289156233833,157,35,31,0.45866552661248605,False
2405,389,2,Тип 2 — промежуточный,высокая,55.579015112178666,161,58,51,0.8718276880341753,False
2406,380,1,Тип 1 — медленный широкий,высокая,62.430598821363674,164,68,69,0.7238330298129122,False
2407,184,3,Тип 3 — быстрый узкий,высокая,120.69871649872941,166,88,93,1.0382685290213283,False
2408,432,2,Тип 2 — промежуточный,высокая,132.8848572209663,164,105,122,0.8713761129243692,False
2409,255,1,Тип 1 — медленный широкий,низкая,14.134440669299766,160,32,26,0.4349058667476851,False
2410,186,1,Тип 1 — медленный широкий,высокая,109.98513347447268,164,105,120,0.7332342231631512,False
2411,458,2,Тип 2 — промежуточный,высокая,150.35901002949493,164,118,140,0.8591943430256853,False
2412,567,2,Тип 2 — промежуточный,высокая,52.54752560843794,161,56,51,0.824274911504909,False
2413,241,2,Тип 2 — промежуточный,высокая,103.98963152708525,164,89,94,0.8850181406560447,False
2414,103,3,Тип 3 — быстрый узкий,высокая,83.55063533642381,166,68,65,1.0283155118329084,False
2415,155,2,Тип 2 — промежуточный,высокая,98.82820484938112,164,84,90,0.8784729319944989,False
2416,457,2,Тип 2 — промежуточный,высокая,127.74420383048214,164,102,118,0.8660623988507264,False
2417,461,3,Тип 3 — быстрый узкий,высокая,92.84462030468018,166,74,72,1.0316068922742243,False
2418,411,2,Тип 2 — промежуточный,высокая,118.43578632862547,164,99,109,0.8692534776412879,False
2419,554,1,Тип 1 — медленный широкий,высокая,140.84790771388543,164,128,158,0.7131539631082807,False
2420,171,3,Тип 3 — быстрый узкий,высокая,62.11874720961757,160,58,48,1.0353124534936262,False
2421,514,3,Тип 3 — быстрый узкий,высокая,140.21193023476542,166,99,108,1.038606890627892,False
2422,531,3,Тип 3 — быстрый узкий,высокая,109.36906569636876,166,82,85,1.029355912436412,False
2423,218,1,Тип 1 — медленный широкий,высокая,72.71366299248933,164,76,81,0.7181596344937219,False
2424,309,2,Тип 2 — промежуточный,высокая,165.7037777885335,161,127,153,0.8664249819008288,False
2425,150,1,Тип 1 — медленный широкий,высокая,189.87616541976854,163,164,212,0.7165138317727116,False
2426,197,1,Тип 1 — медленный широкий,низкая,22.36148259772997,157,38,30,0.5963062026061327,False
2427,216,3,Тип 3 — быстрый узкий,высокая,189.5125880721388,160,128,150,1.010733803051407,False
2428,58,1,Тип 1 — медленный широкий,низкая,7.2152410877539666,157,29,18,0.3206773816779541,False
2429,578,1,Тип 1 — медленный широкий,высокая,106.8875848913421,164,102,117,0.7308552813083221,False
2430,312,1,Тип 1 — медленный широкий,низкая,26.33647203106727,160,37,27,0.7803399120316229,False
2431,407,2,Тип 2 — промежуточный,высокая,143.1614125254272,164,113,132,0.8676449243965285,False
2432,411,2,Тип 2 — промежуточный,высокая,118.43578632862547,164,99,109,0.8692534776412879,False
2433,12,2,Тип 2 — промежуточный,высокая,161.61131852087465,164,125,150,0.8619270321113315,False
2434,540,1,Тип 1 — медленный широкий,низкая,16.87168522815142,157,35,30,0.4499116060840379,False
2435,181,2,Тип 2 — промежуточный,высокая,128.77267417085585,164,104,117,0.8804969174075614,False
2436,555,1,Тип 1 — медленный широкий,низкая,10.12555542220306,157,29,28,0.289301583491516,False
2437,175,1,Тип 1 — медленный широкий,низкая,27.99427883143091,157,43,35,0.6398692304327066,False
2438,158,2,Тип 2 — промежуточный,высокая,125.6847386340568,164,102,117,0.859382828267055,False
2439,165,2,Тип 2 — промежуточный,высокая,170.82802611172121,161,131,158,0.8649520309454239,False
2440,21,2,Тип 2 — промежуточный,высокая,64.76681805561192,164,65,60,0.8635575740748256,False
2441,190,1,Тип 1 — медленный широкий,высокая,30.841396528201837,157,45,34,0.7256799183106315,False
2442,136,1,Тип 1 — медленный широкий,высокая,183.77351466616764,163,158,206,0.7136835521016219,False
2443,32,2,Тип 2 — промежуточный,высокая,139.04506462467992,164,111,128,0.8690316539042495,False
2444,528,1,Тип 1 — медленный широкий,низкая,20.55256361349395,160,36,27,0.6089648478072281,False
2445,367,1,Тип 1 — медленный широкий,низкая,27.2744148405028,161,44,35,0.6234151963543497,False
2446,93,3,Тип 3 — быстрый узкий,высокая,177.23395723032965,160,119,139,1.020051552404775,False
2447,259,1,Тип 1 — медленный широкий,высокая,141.87284410045982,164,129,158,0.718343514432708,False
2448,189,1,Тип 1 — медленный широкий,высокая,75.80521776199956,164,78,82,0.7395631001170688,False
2449,504,1,Тип 1 — медленный широкий,высокая,52.18336316253245,164,61,58,0.719770526379758,False
2450,46,3,Тип 3 — быстрый узкий,высокая,70.19929166746122,160,61,55,1.0210806060721633,False
2451,41,3,Тип 3 — быстрый узкий,высокая,163.8271559948141,160,113,128,1.0239197249675882,False
2452,487,3,Тип 3 — быстрый узкий,высокая,135.09071771310255,166,98,106,1.0195525865139816,False
2453,562,1,Тип 1 — медленный широкий,низкая,4.659495958622579,151,23,25,0.14910387067592254,False
2454,539,1,Тип 1 — медленный широкий,высокая,178.69730293683963,164,156,199,0.7183811173340288,False
2455,19,1,Тип 1 — медленный широкий,высокая,50.1430920870544,164,59,55,0.7293540667207913,False
2456,10,3,Тип 3 — быстрый узкий,высокая,103.16911784159632,166,79,80,1.0316911784159633,False
2457,38,2,Тип 2 — промежуточный,высокая,119.46890731672892,164,99,111,0.8610371698502985,False
2458,492,2,Тип 2 — промежуточный,высокая,46.494385969769326,161,52,45,0.826566861684788,False
2459,456,3,Тип 3 — быстрый узкий,высокая,157.66115043556536,160,109,122,1.0338436094135435,False
2460,216,3,Тип 3 — быстрый узкий,высокая,189.5125880721388,160,128,150,1.010733803051407,False
2461,256,1,Тип 1 — медленный широкий,высокая,98.5983180213225,164,95,106,0.7441382492175284,False
2462,360,1,Тип 1 — медленный широкий,высокая,104.81534398286101,164,101,112,0.7486810284490072,False
2463,435,2,Тип 2 — промежуточный,высокая,62.711445346334926,164,63,59,0.8503246826621685,False
2464,295,1,Тип 1 — медленный широкий,низкая,23.425219590468963,160,36,31,0.60452179588307,False
2465,91,2,Тип 2 — промежуточный,высокая,124.65169720199064,164,102,116,0.8596668772551079,False
2466,534,3,Тип 3 — быстрый узкий,высокая,180.30817984293498,160,121,142,1.015820731509493,False
2467,97,3,Тип 3 — быстрый узкий,высокая,130.98956559324444,166,94,102,1.0273691419077995,False
2468,479,1,Тип 1 — медленный широкий,высокая,43.1464707701153,161,55,47,0.7344080131083456,False
2469,333,1,Тип 1 — медленный широкий,высокая,108.95309388904909,164,104,120,0.7263539592603273,False
2470,440,3,Тип 3 — быстрый узкий,высокая,66.14719652047935,160,59,53,0.9984482493657262,False
2471,535,1,Тип 1 — медленный широкий,низкая,21.498706161106597,160,36,29,0.5930677561684579,False
2472,513,1,Тип 1 — медленный широкий,низкая,16.432364931898583,161,36,28,0.46949614091138814,False
2473,307,2,Тип 2 — промежуточный,высокая,69.91003365233992,164,68,63,0.8877464590773324,False
2474,79,1,Тип 1 — медленный широкий,высокая,59.35139619938545,164,67,65,0.7304787224539748,False
2475,556,1,Тип 1 — медленный широкий,высокая,148.0187511056315,164,133,166,0.7133433788223206,False
2476,224,3,Тип 3 — быстрый узкий,высокая,87.67730238037592,166,70,68,1.031497675063246,False
2477,112,1,Тип 1 — медленный широкий,высокая,177.6812687789744,164,156,198,0.7179041162786844,False
2478,351,2,Тип 2 — промежуточный,высокая,144.19094949028315,164,114,132,0.8738845423653524,False
2479,545,3,Тип 3 — быстрый узкий,высокая,192.5799313883038,160,129,152,1.0135785862542306,False
2480,130,3,Тип 3 — быстрый узкий,высокая,39.17010808017771,160,45,32,0.9792527020044428,False
2481,300,3,Тип 3 — быстрый узкий,высокая,141.23561541831617,166,100,109,1.036591672794981,False
2482,15,1,Тип 1 — медленный широкий,высокая,40.158718254225185,161,52,43,0.7471389442646547,False
2483,217,1,Тип 1 — медленный широкий,низкая,27.05375403892895,157,42,33,0.655848582761914,False
2484,485,3,Тип 3 — быстрый узкий,высокая,136.1159575827169,166,98,106,1.0272902459072975,False
2485,308,3,Тип 3 — быстрый узкий,высокая,48.12041974526425,160,49,40,0.9624083949052851,False
2486,266,2,Тип 2 — промежуточный,высокая,153.43036497207413,164,120,143,0.8583516921514638,False
2487,257,2,Тип 2 — промежуточный,высокая,92.6326293423275,164,82,84,0.8822155175459763,False
2488,117,1,Тип 1 — медленный широкий,высокая,68.59471113038528,164,72,74,0.7415644446528138,False
2489,55,2,Тип 2 — промежуточный,высокая,40.16612602586194,160,46,36,0.8925805783524877,False
2490,45,3,Тип 3 — быстрый узкий,высокая,57.10344054553571,160,53,45,1.0151722763650795,False
2491,123,1,Тип 1 — медленный широкий,высокая,58.32468716056789,164,67,65,0.7178423035146818,False
2492,235,3,Тип 3 — быстрый узкий,высокая,148.40403113730397,160,105,114,1.0414317974547647,False
2493,473,3,Тип 3 — быстрый узкий,высокая,42.15365764443945,160,46,35,0.9635121747300446,False
2494,16,3,Тип 3 — быстрый узкий,высокая,191.55748356308752,160,128,152,1.008197281910987,False
2495,148,3,Тип 3 — быстрый узкий,высокая,156.6334380217536,160,109,121,1.0355929786562221,False
2496,250,1,Тип 1 — медленный широкий,высокая,188.85815898077723,163,163,211,0.7160498918702455,False
2497,283,3,Тип 3 — быстрый узкий,высокая,100.06842649468375,166,76,77,1.0396719635811298,False
2498,525,2,Тип 2 — промежуточный,высокая,77.12868765106437,164,72,71,0.8690556355049507,False
2499,300,3,Тип 3 — быстрый узкий,высокая,141.23561541831617,166,100,109,1.036591672794981,False
2500,515,3,Тип 3 — быстрый узкий,высокая,134.0654749911986,166,97,105,1.02145123802818,False
2501,29,1,Тип 1 — медленный широкий,высокая,48.1338765665661,161,57,55,0.700129113695507,False
2502,280,3,Тип 3 — быстрый узкий,высокая,106.27223120762964,166,80,81,1.0496022835321446,False
2503,380,1,Тип 1 — медленный широкий,высокая,62.430598821363674,164,68,69,0.7238330298129122,False
2504,115,2,Тип 2 — промежуточный,высокая,65.79446331639436,164,65,62,0.8489608169857337,False
2505,7,2,Тип 2 — промежуточный,высокая,58.62629131400764,161,60,55,0.8527460554764748,False
2506,215,1,Тип 1 — медленный широкий,высокая,96.522099418275,164,92,106,0.7284686748549057,False
2507,416,1,Тип 1 — медленный широкий,низкая,24.29597385059102,161,41,31,0.6269928735636393,False
2508,284,1,Тип 1 — медленный широкий,низкая,12.730358847979556,155,34,24,0.4243452949326519,False
2509,497,1,Тип 1 — медленный широкий,высокая,38.17968410659097,161,51,42,0.7272320782207804,False
2510,564,3,Тип 3 — быстрый узкий,высокая,71.21113906077807,160,62,57,0.9994545833091659,False
2511,394,1,Тип 1 — медленный широкий,низкая,9.951344857956306,160,29,21,0.3790988517316688,False
2512,161,1,Тип 1 — медленный широкий,высокая,92.36159161834775,164,91,101,0.7315769633136456,False
2513,362,2,Тип 2 — промежуточный,высокая,152.40657983757575,164,119,141,0.8647181834756071,False
2514,301,1,Тип 1 — медленный широкий,высокая,184.7894957764388,163,160,206,0.7176291098114128,False
2515,80,3,Тип 3 — быстрый узкий,высокая,89.74398238482371,166,71,68,1.0558115574685143,False
2516,526,2,Тип 2 — промежуточный,высокая,42.46929809372159,161,50,40,0.8493859618744318,False
2517,462,1,Тип 1 — медленный широкий,низкая,5.047573248804104,160,25,14,0.28843275707452026,False
2518,522,1,Тип 1 — медленный широкий,высокая,86.13605908639285,164,86,94,0.7330728432884498,False
2519,531,3,Тип 3 — быстрый узкий,высокая,109.36906569636876,166,82,85,1.029355912436412,False
2520,278,2,Тип 2 — промежуточный,высокая,51.53624466584389,161,56,49,0.8414080761770432,False
2521,77,1,Тип 1 — медленный широкий,низкая,2.703350790206454,151,3,14,0.15447718801179738,False
2522,114,3,Тип 3 — быстрый узкий,высокая,81.48790659711531,166,68,62,1.051456859317617,False
2523,572,1,Тип 1 — медленный широкий,высокая,78.89986858032805,164,82,85,0.7425869984030875,False
2524,528,1,Тип 1 — медленный широкий,низкая,20.55256361349395,160,36,27,0.6089648478072281,False
2525,524,3,Тип 3 — быстрый узкий,высокая,99.03680146368356,166,76,77,1.0289537814408682,False
2526,469,1,Тип 1 — медленный широкий,низкая,10.278506013250851,155,33,30,0.2740934936866894,False
2527,71,2,Тип 2 — промежуточный,высокая,72.9996587486652,164,69,66,0.8848443484686691,False
2528,4,3,Тип 3 — быстрый узкий,высокая,125.84012150811344,166,92,97,1.0378566722318636,False
2529,362,2,Тип 2 — промежуточный,высокая,152.40657983757575,164,119,141,0.8647181834756071,False
2530,474,3,Тип 3 — быстрый узкий,высокая,149.43319545565137,160,105,116,1.030573761763113,False
2531,192,1,Тип 1 — медленный широкий,высокая,176.66523462041326,164,156,198,0.7137989277592455,False
2532,304,2,Тип 2 — промежуточный,высокая,147.28536191240258,164,115,135,0.8728021446660894,False
2533,303,3,Тип 3 — быстрый узкий,высокая,122.7555896413525,166,88,97,1.0124172341554845,False
2534,29,1,Тип 1 — медленный широкий,высокая,48.1338765665661,161,57,55,0.700129113695507,False
2535,309,2,Тип 2 — промежуточный,высокая,165.7037777885335,161,127,153,0.8664249819008288,False
2536,560,3,Тип 3 — быстрый узкий,высокая,49.113631759594234,160,51,40,0.9822726351918847,False
2537,77,1,Тип 1 — медленный широкий,низкая,2.703350790206454,151,3,14,0.15447718801179738,False
2538,37,3,Тип 3 — быстрый узкий,высокая,195.63913190096895,160,130,153,1.0229497092861124,False
2539,156,1,Тип 1 — медленный широкий,высокая,138.7973693372071,164,128,155,0.7163735191597786,False
2540,81,1,Тип 1 — медленный широкий,высокая,76.8367447313626,164,80,83,0.7405951299408444,False
2541,402,2,Тип 2 — промежуточный,высокая,181.13757928584084,161,138,168,0.8625599013611469,False
2542,34,2,Тип 2 — промежуточный,высокая,163.6538882367355,164,126,151,0.8670404674793935,False
2543,502,2,Тип 2 — промежуточный,высокая,50.52446589079199,161,56,49,0.8248892390333387,False
2544,328,1,Тип 1 — медленный широкий,низкая,15.016962708384776,160,32,26,0.46206039102722396,False
2545,497,1,Тип 1 — медленный широкий,высокая,38.17968410659097,161,51,42,0.7272320782207804,False
2546,273,1,Тип 1 — медленный широкий,высокая,80.9632900882941,164,82,87,0.7444900238004056,False
2547,204,2,Тип 2 — промежуточный,высокая,44.47629580349733,161,52,41,0.8678301620194601,False
2548,191,3,Тип 3 — быстрый узкий,высокая,179.28383394297742,160,121,142,1.0100497686928307,False
2549,330,2,Тип 2 — промежуточный,высокая,85.39571426505525,164,76,79,0.8647667267347366,False
2550,542,1,Тип 1 — медленный широкий,низкая,8.696002226919903,155,30,30,0.23189339271786408,False
2551,279,1,Тип 1 — медленный широкий,высокая,32.23319671182237,161,47,37,0.6969339829583217,False
2552,142,1,Тип 1 — медленный широкий,высокая,122.35327709594253,164,115,136,0.7197251593878973,False
2553,207,2,Тип 2 — промежуточный,высокая,93.66529348814132,164,83,86,0.8713050557036401,False
2554,270,2,Тип 2 — промежуточный,высокая,135.96609638235606,164,108,124,0.8772006218216519,False
2555,451,2,Тип 2 — промежуточный,высокая,47.50198485970368,161,53,45,0.8444797308391766,False
2556,216,3,Тип 3 — быстрый узкий,высокая,189.5125880721388,160,128,150,1.010733803051407,False
2557,288,1,Тип 1 — медленный широкий,низкая,17.74093386968938,160,32,28,0.506883824848268,False
2558,578,1,Тип 1 — медленный широкий,высокая,106.8875848913421,164,102,117,0.7308552813083221,False
2559,39,2,Тип 2 — промежуточный,высокая,63.739153352205335,164,63,59,0.8642597064705809,False
2560,481,1,Тип 1 — медленный широкий,высокая,143.92271698675697,164,130,160,0.7196135849337849,False
2561,368,1,Тип 1 — медленный широкий,высокая,119.26318385938684,164,112,130,0.7339272852885345,False
2562,296,1,Тип 1 — медленный широкий,низкая,13.581391359676406,155,36,24,0.4527130453225469,False
2563,446,3,Тип 3 — быстрый узкий,высокая,161.76984525576313,160,111,126,1.0271101286080198,False
2564,486,1,Тип 1 — медленный широкий,высокая,54.22929021422305,164,63,62,0.6997327769577169,False
2565,83,3,Тип 3 — быстрый узкий,высокая,185.42780414396887,160,125,144,1.0301544674664938,False
2566,424,1,Тип 1 — медленный широкий,низкая,16.815560518712783,160,32,28,0.4804445862489367,False
2567,398,3,Тип 3 — быстрый узкий,высокая,173.11434375661057,160,119,135,1.0258627778169516,False
2568,137,3,Тип 3 — быстрый узкий,высокая,188.4905310082839,160,127,147,1.0257988082083478,False
2569,102,3,Тип 3 — быстрый узкий,высокая,93.87830105236762,166,74,72,1.0430922339151958,False
2570,125,1,Тип 1 — медленный широкий,высокая,60.37819969427708,164,67,66,0.7318569659912374,False
2571,383,1,Тип 1 — медленный широкий,высокая,33.68219066006812,157,46,37,0.7282635818393107,False
2572,195,2,Тип 2 — промежуточный,высокая,154.45415024782542,164,120,144,0.8580786124879191,False
2573,264,1,Тип 1 — медленный широкий,низкая,4.111300308865549,151,21,21,0.156620964147259,False
2574,275,1,Тип 1 — медленный широкий,высокая,172.5971308580513,164,152,192,0.719154711908547,False
2575,483,2,Тип 2 — промежуточный,высокая,41.16063348954439,160,46,35,0.9408144797610146,False
2576,174,1,Тип 1 — медленный широкий,низкая,14.520553589672321,161,36,24,0.4840184529890774,False
2577,351,2,Тип 2 — промежуточный,высокая,144.19094949028315,164,114,132,0.8738845423653524,False
2578,512,1,Тип 1 — медленный широкий,высокая,90.28332889712772,164,91,99,0.7295622537141634,False
2579,484,1,Тип 1 — медленный широкий,высокая,102.74303026693158,164,99,111,0.7404903082301376,False
2580,59,3,Тип 3 — быстрый узкий,высокая,137.14085874359705,166,98,106,1.0350253490082797,False
2581,172,1,Тип 1 — медленный широкий,высокая,160.35533706979433,164,142,179,0.7166718975186338,False
2582,196,1,Тип 1 — медленный широкий,низкая,11.558621633835386,160,29,21,0.440328443193729,False
2583,379,3,Тип 3 — быстрый узкий,высокая,94.91025506587835,166,75,72,1.0545583896208706,False
2584,342,1,Тип 1 — медленный широкий,высокая,30.248561643753572,161,47,36,0.6721902587500794,False
2585,380,1,Тип 1 — медленный широкий,высокая,62.430598821363674,164,68,69,0.7238330298129122,False
2586,11,1,Тип 1 — медленный широкий,низкая,4.300888511822121,157,19,14,0.24576505781840693,False
2587,502,2,Тип 2 — промежуточный,высокая,50.52446589079199,161,56,49,0.8248892390333387,False
2588,25,1,Тип 1 — медленный широкий,высокая,168.521799039909,164,148,187,0.7209488728980065,False
2589,538,3,Тип 3 — быстрый узкий,высокая,86.64529033582701,166,69,66,1.05024594346457,False
2590,407,2,Тип 2 — промежуточный,высокая,143.1614125254272,164,113,132,0.8676449243965285,False
2591,263,1,Тип 1 — медленный широкий,низкая,5.243768960851287,151,23,25,0.16780060674724118,False
2592,373,1,Тип 1 — медленный широкий,высокая,81.99677159991116,164,83,89,0.7370496323587521,False
2593,281,1,Тип 1 — медленный широкий,высокая,95.4819573325756,164,92,104,0.7344765948659663,False
2594,256,1,Тип 1 — медленный широкий,высокая,98.5983180213225,164,95,106,0.7441382492175284,False
2595,247,1,Тип 1 — медленный широкий,низкая,9.174164288154028,160,29,17,0.43172537826607194,False
2596,100,3,Тип 3 — быстрый узкий,высокая,124.81246607539046,166,91,98,1.0188772740848202,False
2597,577,1,Тип 1 — медленный широкий,высокая,191.90503167681223,163,164,216,0.7107593765807861,False
2598,419,2,Тип 2 — промежуточный,высокая,126.71573209367975,164,102,117,0.8664323561961009,False
2599,214,2,Тип 2 — промежуточный,высокая,54.56885503098035,161,58,53,0.8236808306563073,False
2600,30,3,Тип 3 — быстрый узкий,высокая,119.67028318582142,166,88,93,1.0294217908457757,False
2601,10,3,Тип 3 — быстрый узкий,высокая,103.16911784159632,166,79,80,1.0316911784159633,False
2602,458,2,Тип 2 — промежуточный,высокая,150.35901002949493,164,118,140,0.8591943430256853,False
2603,44,2,Тип 2 — промежуточный,высокая,43.4721387791423,161,52,40,0.869442775582846,False
2604,388,1,Тип 1 — медленный широкий,низкая,22.457954391411043,160,36,29,0.6195297763147875,False
2605,185,3,Тип 3 — быстрый узкий,высокая,158.68886262992103,160,109,122,1.0405827057699741,False
2606,385,1,Тип 1 — медленный широкий,низкая,12.403807843199306,160,29,21,0.47252601307425934,False
2607,120,3,Тип 3 — быстрый узкий,высокая,38.176657737751995,160,44,32,0.9544164434437999,False
2608,194,3,Тип 3 — быстрый узкий,высокая,190.53503578932492,160,128,150,1.0161868575430661,False
2609,93,3,Тип 3 — быстрый узкий,высокая,177.23395723032965,160,119,139,1.020051552404775,False
2610,527,3,Тип 3 — быстрый узкий,высокая,91.81100273527112,166,74,70,1.049268602688813,False
2611,1,2,Тип 2 — промежуточный,высокая,107.08533957473863,164,91,98,0.8741660373448051,False
2612,284,1,Тип 1 — медленный широкий,низкая,12.730358847979556,155,34,24,0.4243452949326519,False
2613,461,3,Тип 3 — быстрый узкий,высокая,92.84462030468018,166,74,72,1.0316068922742243,False
2614,182,1,Тип 1 — медленный широкий,высокая,32.730549319060884,157,46,36,0.7273455404235752,False
2615,126,1,Тип 1 — медленный широкий,низкая,21.440568062058524,157,36,29,0.5914639465395456,False
2616,355,1,Тип 1 — медленный широкий,высокая,116.17244089677851,164,111,128,0.7260777556048658,False
2617,291,0,Выброс,не применяется,2.4532116321078687,141,3,23,0.08532910024723023,True
2618,389,2,Тип 2 — промежуточный,высокая,55.579015112178666,161,58,51,0.8718276880341753,False
2619,194,3,Тип 3 — быстрый узкий,высокая,190.53503578932492,160,128,150,1.0161868575430661,False
2620,391,2,Тип 2 — промежуточный,высокая,134.9390171843394,164,108,124,0.870574304415093,False
2621,90,2,Тип 2 — промежуточный,высокая,41.465155774366025,161,50,39,0.8505672979357133,False
2622,354,2,Тип 2 — промежуточный,высокая,146.2568186051299,164,115,135,0.8667070732155846,False
2623,542,1,Тип 1 — медленный широкий,низкая,8.696002226919903,155,30,30,0.23189339271786408,False
2624,337,1,Тип 1 — медленный широкий,высокая,166.48175589410405,164,147,187,0.71222141558975,False
2625,230,1,Тип 1 — медленный широкий,высокая,137.77096452734992,164,126,153,0.7203710563521565,False
2626,197,1,Тип 1 — медленный широкий,низкая,22.36148259772997,157,38,30,0.5963062026061327,False
2627,447,3,Тип 3 — быстрый узкий,высокая,150.46221325300718,160,105,116,1.0376704362276359,False
2628,2,0,Выброс,не применяется,1.960419751022364,135,2,1,1.5683358008178914,True
2629,189,1,Тип 1 — медленный широкий,высокая,75.80521776199956,164,78,82,0.7395631001170688,False
2630,64,1,Тип 1 — медленный широкий,высокая,161.37948282303975,164,142,181,0.7132794820907835,False
2631,305,3,Тип 3 — быстрый узкий,высокая,187.46962197876726,160,126,147,1.0202428407007742,False
2632,549,2,Тип 2 — промежуточный,высокая,141.09628892530543,164,111,130,0.8682848549249566,False
2633,382,1,Тип 1 — медленный широкий,высокая,93.40166066017105,164,92,104,0.7184743127705465,False
2634,391,2,Тип 2 — промежуточный,высокая,134.9390171843394,164,108,124,0.870574304415093,False
2635,140,1,Тип 1 — медленный широкий,низкая,6.567783531294809,157,25,18,0.2919014902797693,False
2636,271,2,Тип 2 — промежуточный,высокая,166.72939941280575,161,128,154,0.8661267501963935,False
2637,109,1,Тип 1 — медленный широкий,низкая,18.686075333227038,157,36,27,0.5536614913548752,False
2638,422,3,Тип 3 — быстрый узкий,высокая,142.2592981016185,166,100,110,1.03461307710268,False
2639,137,3,Тип 3 — быстрый узкий,высокая,188.4905310082839,160,127,147,1.0257988082083478,False
2640,340,1,Тип 1 — медленный широкий,высокая,113.0789430353976,164,107,123,0.7354728002302284,False
2641,538,3,Тип 3 — быстрый узкий,высокая,86.64529033582701,166,69,66,1.05024594346457,False
2642,208,1,Тип 1 — медленный широкий,низкая,3.432455950933298,157,15,14,0.1961403400533313,False
2643,313,1,Тип 1 — медленный широкий,высокая,152.13108076926238,164,136,169,0.7201471279018339,False
2644,47,1,Тип 1 — медленный широкий,высокая,100.67068026113056,164,97,110,0.7321504018991313,False
2645,338,1,Тип 1 — медленный широкий,высокая,179.71333709424977,164,156,199,0.7224656767608032,False
2646,276,2,Тип 2 — промежуточный,высокая,167.75405603848304,161,129,157,0.8547977377757099,False
2647,153,1,Тип 1 — медленный широкий,низкая,15.987991878651753,157,34,31,0.41259333880391624,False
2648,147,1,Тип 1 — медленный широкий,высокая,71.68365030093278,164,76,78,0.7352169261634132,False
2649,267,1,Тип 1 — медленный широкий,низкая,2.7252244847719456,157,3,7,0.31145422683107954,False
2650,4,3,Тип 3 — быстрый узкий,высокая,125.84012150811344,166,92,97,1.0378566722318636,False
2651,238,1,Тип 1 — медленный широкий,низкая,3.058596405723839,157,5,14,0.17477693746993367,False
2652,313,1,Тип 1 — медленный широкий,высокая,152.13108076926238,164,136,169,0.7201471279018339,False
2653,545,3,Тип 3 — быстрый узкий,высокая,192.5799313883038,160,129,152,1.0135785862542306,False
2654,227,1,Тип 1 — медленный широкий,высокая,128.52666070850637,164,119,143,0.7190302696979378,False
2655,351,2,Тип 2 — промежуточный,высокая,144.19094949028315,164,114,132,0.8738845423653524,False
2656,507,3,Тип 3 — быстрый узкий,высокая,144.30422043419506,166,102,111,1.0400304175437483,False
2657,356,2,Тип 2 — промежуточный,высокая,129.8011432658217,164,104,119,0.8726127278374569,False
2658,228,3,Тип 3 — быстрый узкий,высокая,85.61366143896942,166,69,65,1.0537066023257775,False
2659,536,1,Тип 1 — медленный широкий,высокая,171.57829790765308,164,151,189,0.7262573456408596,False
2660,572,1,Тип 1 — медленный широкий,высокая,78.89986858032805,164,82,85,0.7425869984030875,False
2661,9,2,Тип 2 — промежуточный,высокая,157.5223015083712,164,123,147,0.8572642258958978,False
2662,286,2,Тип 2 — промежуточный,высокая,188.28666068149488,161,144,175,0.8607390202582623,False
2663,306,3,Тип 3 — быстрый узкий,высокая,147.37384234106162,160,103,114,1.0342024023934149,False
2664,445,2,Тип 2 — промежуточный,высокая,151.3827948590852,164,118,141,0.8589094743777884,False
2665,206,3,Тип 3 — быстрый узкий,высокая,82.51924852535427,166,68,64,1.0314906065669285,False
2666,316,2,Тип 2 — промежуточный,высокая,117.40266240163496,164,96,108,0.869649351123222,False
2667,449,1,Тип 1 — медленный широкий,высокая,181.7426360382278,164,156,202,0.7197728159929814,False
2668,56,1,Тип 1 — медленный широкий,высокая,142.89778052792508,164,129,160,0.7144889026396254,False
2669,264,1,Тип 1 — медленный широкий,низкая,4.111300308865549,151,21,21,0.156620964147259,False
2670,298,2,Тип 2 — промежуточный,высокая,88.49975101004696,164,80,82,0.863412204976068,False
2671,464,2,Тип 2 — промежуточный,высокая,115.33640524853604,164,96,106,0.8704634358380079,False
2672,258,2,Тип 2 — промежуточный,высокая,97.79575604403466,164,84,88,0.8890523276730424,False
2673,61,1,Тип 1 — медленный широкий,низкая,6.974128036854599,160,26,14,0.3985216021059771,False
2674,49,1,Тип 1 — медленный широкий,высокая,151.1036508937477,164,136,168,0.719541194732132,False
2675,428,1,Тип 1 — медленный широкий,высокая,94.44181084452886,164,92,103,0.7335286279186708,False
2676,527,3,Тип 3 — быстрый узкий,высокая,91.81100273527112,166,74,70,1.049268602688813,False
2677,467,2,Тип 2 — промежуточный,высокая,75.06339352119412,164,70,69,0.8703002147384825,False
2678,213,2,Тип 2 — промежуточный,высокая,60.65777417560313,164,62,58,0.8366589541462501,False
2679,555,1,Тип 1 — медленный широкий,низкая,10.12555542220306,157,29,28,0.289301583491516,False
2680,228,3,Тип 3 — быстрый узкий,высокая,85.61366143896942,166,69,65,1.0537066023257775,False
2681,455,2,Тип 2 — промежуточный,высокая,177.00365908359169,161,136,164,0.8634324833345937,False
2682,470,2,Тип 2 — промежуточный,высокая,179.06430516659205,161,136,167,0.8577930786423572,False
2683,460,3,Тип 3 — быстрый узкий,высокая,46.130653500050876,160,49,37,0.9974195351362352,False
2684,260,1,Тип 1 — медленный широкий,высокая,73.74371737586564,164,77,82,0.7194509012279575,False
2685,108,1,Тип 1 — медленный широкий,высокая,175.64920046093283,164,153,196,0.7169355120854402,False
2686,189,1,Тип 1 — медленный широкий,высокая,75.80521776199956,164,78,82,0.7395631001170688,False
2687,415,1,Тип 1 — медленный широкий,высокая,123.38236540176062,164,115,136,0.7257786200103566,False
2688,579,1,Тип 1 — медленный широкий,высокая,167.5019024316233,164,148,186,0.7204382900284875,False
2689,123,1,Тип 1 — медленный широкий,высокая,58.32468716056789,164,67,65,0.7178423035146818,False
2690,328,1,Тип 1 — медленный широкий,низкая,15.016962708384776,160,32,26,0.46206039102722396,False
2691,54,2,Тип 2 — промежуточный,высокая,189.30500799000592,161,144,177,0.8556158553220607,False
2692,230,1,Тип 1 — медленный широкий,высокая,137.77096452734992,164,126,153,0.7203710563521565,False
2693,418,1,Тип 1 — медленный широкий,высокая,87.17139344047341,164,87,95,0.7340748921303024,False
2694,318,3,Тип 3 — быстрый узкий,высокая,108.33831302157677,166,81,85,1.0196547107913108,False
2695,100,3,Тип 3 — быстрый узкий,высокая,124.81246607539046,166,91,98,1.0188772740848202,False
2696,130,3,Тип 3 — быстрый узкий,высокая,39.17010808017771,160,45,32,0.9792527020044428,False
2697,423,1,Тип 1 — медленный широкий,высокая,35.201913674791534,161,48,41,0.6868666082886153,False
2698,509,3,Тип 3 — быстрый узкий,высокая,117.61115043595731,166,86,92,1.0227056559648462,False
2699,251,3,Тип 3 — быстрый узкий,высокая,68.17062185973276,160,60,54,1.0099351386627076,False
2700,124,2,Тип 2 — промежуточный,высокая,186.24996604596532,161,141,173,0.861271519287701,False
2701,276,2,Тип 2 — промежуточный,высокая,167.75405603848304,161,129,157,0.8547977377757099,False
2702,546,1,Тип 1 — медленный широкий,высокая,74.77381592992036,164,78,82,0.7295006432187352,False
2703,191,3,Тип 3 — быстрый узкий,высокая,179.28383394297742,160,121,142,1.0100497686928307,False
2704,335,1,Тип 1 — медленный широкий,высокая,105.85146531914287,164,101,115,0.7363580196114288,False
2705,65,1,Тип 1 — медленный широкий,низкая,11.710884051628835,157,32,28,0.33459668718939534,False
2706,525,2,Тип 2 — промежуточный,высокая,77.12868765106437,164,72,71,0.8690556355049507,False
2707,505,1,Тип 1 — медленный широкий,низкая,10.909343390619856,157,32,28,0.3116955254462816,False
2708,293,1,Тип 1 — медленный широкий,низкая,7.891494538483159,157,29,18,0.3507330905992515,False
2709,62,1,Тип 1 — медленный широкий,высокая,37.188399695504785,161,51,39,0.7628389681129187,False
2710,560,3,Тип 3 — быстрый узкий,высокая,49.113631759594234,160,51,40,0.9822726351918847,False
2711,203,2,Тип 2 — промежуточный,высокая,191.33969865641936,161,144,179,0.8551494912018743,False
2712,413,3,Тип 3 — быстрый узкий,высокая,63.12615513134549,160,58,50,1.010018482101528,False
2713,40,1,Тип 1 — медленный широкий,высокая,155.20239488802042,164,137,174,0.7135742293702089,False
2714,223,1,Тип 1 — медленный широкий,высокая,164.44146280452364,164,146,184,0.7149628817587985,False
2715,203,2,Тип 2 — промежуточный,высокая,191.33969865641936,161,144,179,0.8551494912018743,False
2716,463,3,Тип 3 — быстрый узкий,высокая,113.49225742470371,166,85,89,1.0201551229186852,False
2717,153,1,Тип 1 — медленный широкий,низкая,15.987991878651753,157,34,31,0.41259333880391624,False
2718,477,2,Тип 2 — промежуточный,высокая,156.49978136401344,164,122,146,0.8575330485699367,False
2719,344,1,Тип 1 — медленный широкий,низкая,14.241797975429929,157,32,30,0.37978127934479816,False
2720,475,1,Тип 1 — медленный широкий,низкая,5.364221977580796,157,21,14,0.3065269701474741,False
2721,228,3,Тип 3 — быстрый узкий,высокая,85.61366143896942,166,69,65,1.0537066023257775,False
2722,573,1,Тип 1 — медленный широкий,низкая,9.48082737006563,155,33,30,0.2528220632017501,False
2723,250,1,Тип 1 — медленный широкий,высокая,188.85815898077723,163,163,211,0.7160498918702455,False
2724,408,2,Тип 2 — промежуточный,высокая,48.508755424167134,161,54,45,0.8623778742074157,False
2725,547,3,Тип 3 — быстрый узкий,высокая,160.74353810909687,160,111,124,1.0370550845748185,False
2726,562,1,Тип 1 — медленный широкий,низкая,4.659495958622579,151,23,25,0.14910387067592254,False
2727,355,1,Тип 1 — медленный широкий,высокая,116.17244089677851,164,111,128,0.7260777556048658,False
2728,425,3,Тип 3 — быстрый узкий,высокая,78.3940948981279,166,67,62,1.0115367083629407,False
2729,158,2,Тип 2 — промежуточный,высокая,125.6847386340568,164,102,117,0.859382828267055,False
2730,345,3,Тип 3 — быстрый узкий,высокая,77.36328561055086,166,66,62,0.9982359433619467,False
2731,359,1,Тип 1 — медленный широкий,низкая,25.364988332037736,160,37,27,0.7515552098381553,False
2732,323,3,Тип 3 — быстрый узкий,высокая,183.38121818351757,160,125,145,1.0117584451504418,False
2733,216,3,Тип 3 — быстрый узкий,высокая,189.5125880721388,160,128,150,1.010733803051407,False
2734,61,1,Тип 1 — медленный широкий,низкая,6.974128036854599,160,26,14,0.3985216021059771,False
2735,220,1,Тип 1 — медленный широкий,низкая,11.08532321551454,155,33,33,0.26873510825489794,False
2736,139,3,Тип 3 — быстрый узкий,высокая,105.23782844813343,166,80,81,1.0393859599815647,False
2737,431,1,Тип 1 — медленный широкий,низкая,23.29993611502457,161,41,30,0.6213316297339886,False
2738,540,1,Тип 1 — медленный широкий,низкая,16.87168522815142,157,35,30,0.4499116060840379,False
2739,238,1,Тип 1 — медленный широкий,низкая,3.058596405723839,157,5,14,0.17477693746993367,False
2740,214,2,Тип 2 — промежуточный,высокая,54.56885503098035,161,58,53,0.8236808306563073,False
2741,228,3,Тип 3 — быстрый узкий,высокая,85.61366143896942,166,69,65,1.0537066023257775,False
2742,0,1,Тип 1 — медленный широкий,высокая,163.42131625136872,164,145,183,0.7144101256890436,False
2743,502,2,Тип 2 — промежуточный,высокая,50.52446589079199,161,56,49,0.8248892390333387,False
2744,98,2,Тип 2 — промежуточный,высокая,172.87672926740026,161,133,159,0.8698200214711963,False
2745,204,2,Тип 2 — промежуточный,высокая,44.47629580349733,161,52,41,0.8678301620194601,False
2746,274,1,Тип 1 — медленный широкий,высокая,88.20708267969752,164,87,96,0.7350590223308128,False
2747,130,3,Тип 3 — быстрый узкий,высокая,39.17010808017771,160,45,32,0.9792527020044428,False
2748,406,1,Тип 1 — медленный широкий,низкая,19.357347738492624,161,38,28,0.5530670782426464,False
2749,505,1,Тип 1 — медленный широкий,низкая,10.909343390619856,157,32,28,0.3116955254462816,False
2750,238,1,Тип 1 — медленный широкий,низкая,3.058596405723839,157,5,14,0.17477693746993367,False
2751,580,3,Тип 3 — быстрый узкий,высокая,111.43062973214398,166,83,88,1.0130057248376725,False
2752,515,3,Тип 3 — быстрый узкий,высокая,134.0654749911986,166,97,105,1.02145123802818,False
2753,50,1,Тип 1 — медленный широкий,высокая,192.91836940067464,163,167,216,0.714512479261758,False
2754,385,1,Тип 1 — медленный широкий,низкая,12.403807843199306,160,29,21,0.47252601307425934,False
2755,286,2,Тип 2 — промежуточный,высокая,188.28666068149488,161,144,175,0.8607390202582623,False
2756,447,3,Тип 3 — быстрый узкий,высокая,150.46221325300718,160,105,116,1.0376704362276359,False
2757,111,1,Тип 1 — медленный широкий,высокая,131.61005380334282,164,121,145,0.7261244347770639,False
2758,171,3,Тип 3 — быстрый узкий,высокая,62.11874720961757,160,58,48,1.0353124534936262,False
2759,534,3,Тип 3 — быстрый узкий,высокая,180.30817984293498,160,121,142,1.015820731509493,False
2760,321,1,Тип 1 — медленный широкий,высокая,157.26139736205684,164,141,176,0.7148245334638947,False
2761,520,1,Тип 1 — медленный широкий,высокая,55.2522411279185,164,63,60,0.7366965483722467,False
2762,473,3,Тип 3 — быстрый узкий,высокая,42.15365764443945,160,46,35,0.9635121747300446,False
2763,90,2,Тип 2 — промежуточный,высокая,41.465155774366025,161,50,39,0.8505672979357133,False
2764,284,1,Тип 1 — медленный широкий,низкая,12.730358847979556,155,34,24,0.4243452949326519,False
2765,98,2,Тип 2 — промежуточный,высокая,172.87672926740026,161,133,159,0.8698200214711963,False
2766,127,3,Тип 3 — быстрый узкий,высокая,60.11001151326698,160,56,48,1.0018335252211166,False
2767,271,2,Тип 2 — промежуточный,высокая,166.72939941280575,161,128,154,0.8661267501963935,False
2768,201,1,Тип 1 — медленный широкий,высокая,36.19592437460549,161,51,40,0.7239184874921099,False
2769,544,2,Тип 2 — промежуточный,высокая,82.29402922600363,164,74,76,0.8662529392210908,False
2770,233,3,Тип 3 — быстрый узкий,высокая,176.20892331107567,160,119,139,1.0141520766105074,False
2771,146,3,Тип 3 — быстрый узкий,высокая,151.49123032490198,160,106,118,1.0270591886434033,False
2772,166,3,Тип 3 — быстрый узкий,высокая,139.18824245045616,166,99,109,1.021565082205183,False
2773,489,1,Тип 1 — медленный широкий,низкая,5.662615059249831,160,26,14,0.32357800338570464,False
2774,480,2,Тип 2 — промежуточный,высокая,49.51478192096725,161,56,48,0.8252463653494543,False
2775,405,1,Тип 1 — медленный широкий,низкая,13.38212572686157,157,32,30,0.3568566860496419,False
2776,578,1,Тип 1 — медленный широкий,высокая,106.8875848913421,164,102,117,0.7308552813083221,False
2777,523,1,Тип 1 — медленный широкий,высокая,70.65369276994525,164,73,78,0.7246532591789256,False
2778,80,3,Тип 3 — быстрый узкий,высокая,89.74398238482371,166,71,68,1.0558115574685143,False
2779,222,1,Тип 1 — медленный широкий,низкая,19.602038262476558,157,36,27,0.5808011337030092,False
2780,376,1,Тип 1 — медленный широкий,высокая,99.63450071991619,164,97,108,0.7380333386660459,False
2781,394,1,Тип 1 — медленный широкий,низкая,9.951344857956306,160,29,21,0.3790988517316688,False
2782,238,1,Тип 1 — медленный широкий,низкая,3.058596405723839,157,5,14,0.17477693746993367,False
2783,123,1,Тип 1 — медленный широкий,высокая,58.32468716056789,164,67,65,0.7178423035146818,False
2784,148,3,Тип 3 — быстрый узкий,высокая,156.6334380217536,160,109,121,1.0355929786562221,False
2785,157,1,Тип 1 — медленный широкий,низкая,25.290609264196753,161,43,31,0.6526608842373356,False
2786,566,1,Тип 1 — медленный широкий,высокая,146.99467822328185,164,132,162,0.725899645547071,False
2787,580,3,Тип 3 — быстрый узкий,высокая,111.43062973214398,166,83,88,1.0130057248376725,False
2788,251,3,Тип 3 — быстрый узкий,высокая,68.17062185973276,160,60,54,1.0099351386627076,False
2789,475,1,Тип 1 — медленный широкий,низкая,5.364221977580796,157,21,14,0.3065269701474741,False
2790,260,1,Тип 1 — медленный широкий,высокая,73.74371737586564,164,77,82,0.7194509012279575,False
2791,454,1,Тип 1 — медленный широкий,низкая,28.2941305320687,160,39,29,0.7805277388156884,False
2792,203,2,Тип 2 — промежуточный,высокая,191.33969865641936,161,144,179,0.8551494912018743,False
2793,263,1,Тип 1 — медленный широкий,низкая,5.243768960851287,151,23,25,0.16780060674724118,False
2794,465,1,Тип 1 — медленный широкий,низкая,6.305315858852972,160,26,14,0.360303763363027,False
2795,79,1,Тип 1 — медленный широкий,высокая,59.35139619938545,164,67,65,0.7304787224539748,False
2796,88,3,Тип 3 — быстрый узкий,высокая,74.27071809235947,166,62,59,1.0070605843031792,False
2797,466,3,Тип 3 — быстрый узкий,высокая,107.30666189598904,166,81,84,1.0219682085332291,False
2798,317,1,Тип 1 — медленный широкий,низкая,23.300583098488943,157,40,31,0.6013053702835857,False
2799,363,3,Тип 3 — быстрый узкий,высокая,72.22263078648464,160,62,58,0.9961742177446158,False
2800,245,1,Тип 1 — медленный широкий,высокая,63.456212938626976,164,70,69,0.7357242079840809,False
2801,342,1,Тип 1 — медленный широкий,высокая,30.248561643753572,161,47,36,0.6721902587500794,False
2802,255,1,Тип 1 — медленный широкий,низкая,14.134440669299766,160,32,26,0.4349058667476851,False
2803,528,1,Тип 1 — медленный широкий,низкая,20.55256361349395,160,36,27,0.6089648478072281,False
2804,158,2,Тип 2 — промежуточный,высокая,125.6847386340568,164,102,117,0.859382828267055,False
2805,0,1,Тип 1 — медленный широкий,высокая,163.42131625136872,164,145,183,0.7144101256890436,False
2806,519,1,Тип 1 — медленный широкий,высокая,44.141230448257495,161,55,48,0.7356871741376249,False
2807,189,1,Тип 1 — медленный широкий,высокая,75.80521776199956,164,78,82,0.7395631001170688,False
2808,496,2,Тип 2 — промежуточный,высокая,101.92558553465373,164,87,95,0.858320720291821,False
2809,5,1,Тип 1 — медленный широкий,низкая,29.894178516459473,157,43,34,0.7033924356813994,False
2810,126,1,Тип 1 — медленный широкий,низкая,21.440568062058524,157,36,29,0.5914639465395456,False
2811,502,2,Тип 2 — промежуточный,высокая,50.52446589079199,161,56,49,0.8248892390333387,False
2812,55,2,Тип 2 — промежуточный,высокая,40.16612602586194,160,46,36,0.8925805783524877,False
2813,55,2,Тип 2 — промежуточный,высокая,40.16612602586194,160,46,36,0.8925805783524877,False
2814,33,1,Тип 1 — медленный широкий,высокая,61.40508725216782,164,68,67,0.7331950716676755,False
2815,118,2,Тип 2 — промежуточный,высокая,94.69797639221322,164,83,87,0.870785989813455,False
2816,581,3,Тип 3 — быстрый узкий,высокая,65.14034534742855,160,59,50,1.0422455255588567,False
2817,566,1,Тип 1 — медленный широкий,высокая,146.99467822328185,164,132,162,0.725899645547071,False
2818,8,2,Тип 2 — промежуточный,высокая,96.7633163465348,164,84,88,0.8796665122412254,False
2819,344,1,Тип 1 — медленный широкий,низкая,14.241797975429929,157,32,30,0.37978127934479816,False
2820,129,1,Тип 1 — медленный широкий,высокая,174.6331663003455,164,152,194,0.7201367682488475,False
2821,17,1,Тип 1 — медленный широкий,низкая,5.846769743476025,151,25,27,0.17323762202891924,False
2822,50,1,Тип 1 — медленный широкий,высокая,192.91836940067464,163,167,216,0.714512479261758,False
2823,387,1,Тип 1 — медленный широкий,высокая,49.13470134563658,161,59,55,0.7146865650274412,False
2824,91,2,Тип 2 — промежуточный,высокая,124.65169720199064,164,102,116,0.8596668772551079,False
2825,408,2,Тип 2 — промежуточный,высокая,48.508755424167134,161,54,45,0.8623778742074157,False
2826,148,3,Тип 3 — быстрый узкий,высокая,156.6334380217536,160,109,121,1.0355929786562221,False
2827,24,2,Тип 2 — промежуточный,высокая,59.64063368389887,161,60,55,0.8675001263112563,False
2828,197,1,Тип 1 — медленный широкий,низкая,22.36148259772997,157,38,30,0.5963062026061327,False
2829,498,1,Тип 1 — медленный широкий,низкая,7.198195635697378,155,25,27,0.21327987068732973,False
2830,21,2,Тип 2 — промежуточный,высокая,64.76681805561192,164,65,60,0.8635575740748256,False
2831,453,3,Тип 3 — быстрый узкий,высокая,52.10717611380001,160,51,41,1.0167253875863418,False
2832,79,1,Тип 1 — медленный широкий,высокая,59.35139619938545,164,67,65,0.7304787224539748,False
2833,340,1,Тип 1 — медленный широкий,высокая,113.0789430353976,164,107,123,0.7354728002302284,False
2834,282,1,Тип 1 — медленный широкий,низкая,17.773289156233833,157,35,31,0.45866552661248605,False
2835,283,3,Тип 3 — быстрый узкий,высокая,100.06842649468375,166,76,77,1.0396719635811298,False
2836,277,1,Тип 1 — медленный широкий,высокая,124.4114538503392,164,115,136,0.7318320814725835,False
2837,416,1,Тип 1 — медленный широкий,низкая,24.29597385059102,161,41,31,0.6269928735636393,False
2838,110,2,Тип 2 — промежуточный,высокая,71.9697109210964,164,69,66,0.872360132376926,False
2839,489,1,Тип 1 — медленный широкий,низкая,5.662615059249831,160,26,14,0.32357800338570464,False
2840,423,1,Тип 1 — медленный широкий,высокая,35.201913674791534,161,48,41,0.6868666082886153,False
2841,205,3,Тип 3 — быстрый узкий,высокая,96.97369963130497,166,75,74,1.0483643203384323,False
2842,415,1,Тип 1 — медленный широкий,высокая,123.38236540176062,164,115,136,0.7257786200103566,False
2843,22,3,Тип 3 — быстрый узкий,высокая,101.10029041440876,166,76,78,1.0369260555323976,False
2844,517,1,Тип 1 — медленный широкий,низкая,9.360087225651881,157,29,28,0.26743106359005375,False
2845,272,1,Тип 1 — медленный широкий,высокая,31.786857228179514,157,45,35,0.7265567366441031,False
2846,165,2,Тип 2 — промежуточный,высокая,170.82802611172121,161,131,158,0.8649520309454239,False
2847,175,1,Тип 1 — медленный широкий,низкая,27.99427883143091,157,43,35,0.6398692304327066,False
2848,44,2,Тип 2 — промежуточный,высокая,43.4721387791423,161,52,40,0.869442775582846,False
2849,455,2,Тип 2 — промежуточный,высокая,177.00365908359169,161,136,164,0.8634324833345937,False
2850,217,1,Тип 1 — медленный широкий,низкая,27.05375403892895,157,42,33,0.655848582761914,False
2851,64,1,Тип 1 — медленный широкий,высокая,161.37948282303975,164,142,181,0.7132794820907835,False
2852,383,1,Тип 1 — медленный широкий,высокая,33.68219066006812,157,46,37,0.7282635818393107,False
2853,170,1,Тип 1 — медленный широкий,высокая,173.6159638061221,164,152,194,0.7159421187881323,False
2854,336,3,Тип 3 — быстрый узкий,высокая,84.58209269806598,166,69,65,1.0410103716685044,False
2855,542,1,Тип 1 — медленный широкий,низкая,8.696002226919903,155,30,30,0.23189339271786408,False
2856,579,1,Тип 1 — медленный широкий,высокая,167.5019024316233,164,148,186,0.7204382900284875,False
2857,542,1,Тип 1 — медленный широкий,низкая,8.696002226919903,155,30,30,0.23189339271786408,False
2858,133,1,Тип 1 — медленный широкий,высокая,170.55946495487356,164,149,189,0.7219448252058142,False
2859,488,2,Тип 2 — промежуточный,высокая,140.07067683108718,164,111,129,0.8686553601927888,False
2860,177,3,Тип 3 — быстрый узкий,высокая,102.13481576492747,166,76,79,1.0342766153410377,False
2861,40,1,Тип 1 — медленный широкий,высокая,155.20239488802042,164,137,174,0.7135742293702089,False
2862,179,1,Тип 1 — медленный широкий,низкая,26.283560087529942,161,43,33,0.6371772142431502,False
2863,119,1,Тип 1 — медленный широкий,высокая,57.298244459640806,164,64,64,0.7162280557455101,False
2864,582,1,Тип 1 — медленный широкий,высокая,31.24202577562374,161,47,36,0.6942672394583054,False
2865,27,2,Тип 2 — промежуточный,высокая,81.26041091609862,164,74,75,0.8667777164383853,False
2866,182,1,Тип 1 — медленный широкий,высокая,32.730549319060884,157,46,36,0.7273455404235752,False
2867,5,1,Тип 1 — медленный широкий,низкая,29.894178516459473,157,43,34,0.7033924356813994,False
2868,252,1,Тип 1 — медленный широкий,низкая,11.901113501533786,155,33,31,0.3071255097170009,False
2869,62,1,Тип 1 — медленный широкий,высокая,37.188399695504785,161,51,39,0.7628389681129187,False
2870,7,2,Тип 2 — промежуточный,высокая,58.62629131400764,161,60,55,0.8527460554764748,False
2871,335,1,Тип 1 — медленный широкий,высокая,105.85146531914287,164,101,115,0.7363580196114288,False
2872,407,2,Тип 2 — промежуточный,высокая,143.1614125254272,164,113,132,0.8676449243965285,False
2873,133,1,Тип 1 — медленный широкий,высокая,170.55946495487356,164,149,189,0.7219448252058142,False
2874,62,1,Тип 1 — медленный широкий,высокая,37.188399695504785,161,51,39,0.7628389681129187,False
2875,445,2,Тип 2 — промежуточный,высокая,151.3827948590852,164,118,141,0.8589094743777884,False
2876,95,1,Тип 1 — медленный широкий,низкая,26.116946592232075,157,40,33,0.633138099205626,False
2877,509,3,Тип 3 — быстрый узкий,высокая,117.61115043595731,166,86,92,1.0227056559648462,False
2878,182,1,Тип 1 — медленный широкий,высокая,32.730549319060884,157,46,36,0.7273455404235752,False
2879,65,1,Тип 1 — медленный широкий,низкая,11.710884051628835,157,32,28,0.33459668718939534,False
2880,458,2,Тип 2 — промежуточный,высокая,150.35901002949493,164,118,140,0.8591943430256853,False
2881,86,2,Тип 2 — промежуточный,высокая,185.23021717650153,161,141,173,0.8565559175791978,False
2882,238,1,Тип 1 — медленный широкий,низкая,3.058596405723839,157,5,14,0.17477693746993367,False
2883,179,1,Тип 1 — медленный широкий,низкая,26.283560087529942,161,43,33,0.6371772142431502,False
2884,453,3,Тип 3 — быстрый узкий,высокая,52.10717611380001,160,51,41,1.0167253875863418,False
2885,344,1,Тип 1 — медленный широкий,низкая,14.241797975429929,157,32,30,0.37978127934479816,False
2886,9,2,Тип 2 — промежуточный,высокая,157.5223015083712,164,123,147,0.8572642258958978,False
2887,207,2,Тип 2 — промежуточный,высокая,93.66529348814132,164,83,86,0.8713050557036401,False
2888,30,3,Тип 3 — быстрый узкий,высокая,119.67028318582142,166,88,93,1.0294217908457757,False
2889,510,2,Тип 2 — промежуточный,высокая,184.20871721601,161,139,172,0.8567847312372557,False
2890,340,1,Тип 1 — медленный широкий,высокая,113.0789430353976,164,107,123,0.7354728002302284,False
2891,245,1,Тип 1 — медленный широкий,высокая,63.456212938626976,164,70,69,0.7357242079840809,False
2892,444,3,Тип 3 — быстрый узкий,высокая,132.01498111966077,166,94,103,1.0253590766575595,False
2893,106,1,Тип 1 — медленный широкий,высокая,132.6378518099938,164,121,148,0.7169613611351017,False
2894,320,2,Тип 2 — промежуточный,высокая,33.22191402711881,160,41,31,0.8573397168288724,False
2895,417,1,Тип 1 — медленный широкий,низкая,18.672842135573813,160,32,27,0.5532693966095944,False
2896,354,2,Тип 2 — промежуточный,высокая,146.2568186051299,164,115,135,0.8667070732155846,False
2897,189,1,Тип 1 — медленный широкий,высокая,75.80521776199956,164,78,82,0.7395631001170688,False
2898,409,1,Тип 1 — медленный широкий,высокая,182.75753355608686,163,158,204,0.7166962100238701,False
2899,366,1,Тип 1 — медленный широкий,высокая,149.04711454914354,164,133,167,0.7139981535288314,False
2900,225,3,Тип 3 — быстрый узкий,высокая,116.58144284803573,166,86,91,1.0248918052574572,False
2901,528,1,Тип 1 — медленный широкий,низкая,20.55256361349395,160,36,27,0.6089648478072281,False
2902,187,3,Тип 3 — быстрый узкий,высокая,153.5492626455767,160,107,119,1.032263950558499,False
2903,248,1,Тип 1 — медленный широкий,низкая,20.520519483812638,157,36,29,0.5660832961051763,False
2904,354,2,Тип 2 — промежуточный,высокая,146.2568186051299,164,115,135,0.8667070732155846,False
2905,281,1,Тип 1 — медленный широкий,высокая,95.4819573325756,164,92,104,0.7344765948659663,False
2906,572,1,Тип 1 — медленный широкий,высокая,78.89986858032805,164,82,85,0.7425869984030875,False
2907,356,2,Тип 2 — промежуточный,высокая,129.8011432658217,164,104,119,0.8726127278374569,False
2908,76,2,Тип 2 — промежуточный,высокая,95.73067457261008,164,83,87,0.8802820650354951,False
2909,413,3,Тип 3 — быстрый узкий,высокая,63.12615513134549,160,58,50,1.010018482101528,False
2910,392,1,Тип 1 — медленный широкий,низкая,17.39638305234985,161,36,28,0.4970395157814243,False
2911,470,2,Тип 2 — промежуточный,высокая,179.06430516659205,161,136,167,0.8577930786423572,False
2912,557,2,Тип 2 — промежуточный,высокая,76.09661895304475,164,72,70,0.8696756451776544,False
2913,360,1,Тип 1 — медленный широкий,высокая,104.81534398286101,164,101,112,0.7486810284490072,False
2914,57,1,Тип 1 — медленный широкий,высокая,130.5822559534306,164,120,145,0.720453825949962,False
2915,367,1,Тип 1 — медленный широкий,низкая,27.2744148405028,161,44,35,0.6234151963543497,False
2916,3,2,Тип 2 — промежуточный,высокая,182.16404320869864,161,138,169,0.8623149974376269,False
2917,343,3,Тип 3 — быстрый узкий,высокая,193.6017490147842,160,129,151,1.025704630541903,False
2918,99,1,Тип 1 — медленный широкий,низкая,27.308435799580256,160,39,29,0.7533361599884209,False
2919,198,3,Тип 3 — быстрый узкий,высокая,98.00522487393178,166,75,75,1.045389065321939,False
2920,200,2,Тип 2 — промежуточный,высокая,53.558375141560184,161,56,52,0.823975002177849,False
2921,394,1,Тип 1 — медленный широкий,низкая,9.951344857956306,160,29,21,0.3790988517316688,False
2922,367,1,Тип 1 — медленный широкий,низкая,27.2744148405028,161,44,35,0.6234151963543497,False
2923,242,1,Тип 1 — медленный широкий,высокая,47.13288907750829,161,57,52,0.7251213704232045,False
2924,86,2,Тип 2 — промежуточный,высокая,185.23021717650153,161,141,173,0.8565559175791978,False
2925,77,1,Тип 1 — медленный широкий,низкая,2.703350790206454,151,3,14,0.15447718801179738,False
2926,435,2,Тип 2 — промежуточный,высокая,62.711445346334926,164,63,59,0.8503246826621685,False
2927,360,1,Тип 1 — медленный широкий,высокая,104.81534398286101,164,101,112,0.7486810284490072,False
2928,249,2,Тип 2 — промежуточный,высокая,78.16083794979805,164,72,71,0.8806854980258936,False
2929,380,1,Тип 1 — медленный широкий,высокая,62.430598821363674,164,68,69,0.7238330298129122,False
2930,525,2,Тип 2 — промежуточный,высокая,77.12868765106437,164,72,71,0.8690556355049507,False
2931,149,1,Тип 1 — медленный широкий,высокая,107.9210532999669,164,104,119,0.7255196860501977,False
2932,268,1,Тип 1 — медленный широкий,высокая,34.63779685797781,157,46,38,0.7292167759574276,False
2933,18,1,Тип 1 — медленный широкий,высокая,97.5622378756908,164,95,106,0.736318776420308,False
2934,92,3,Тип 3 — быстрый узкий,высокая,170.02000029275612,160,116,133,1.0226766934902625,False
2935,36,2,Тип 2 — промежуточный,высокая,175.97300257447884,161,134,162,0.8690024818492782,False
2936,20,1,Тип 1 — медленный широкий,высокая,134.69175059218284,164,125,150,0.7183560031583085,False
2937,578,1,Тип 1 — медленный широкий,высокая,106.8875848913421,164,102,117,0.7308552813083221,False
2938,182,1,Тип 1 — медленный широкий,высокая,32.730549319060884,157,46,36,0.7273455404235752,False
2939,377,2,Тип 2 — промежуточный,высокая,120.50163702222038,164,99,112,0.8607259787301456,False
2940,400,2,Тип 2 — промежуточный,высокая,74.0312495324795,164,70,69,0.8583333279128059,False
2941,575,2,Тип 2 — промежуточный,высокая,100.89312137747231,164,87,92,0.8773314902388897,False
2942,348,2,Тип 2 — промежуточный,высокая,136.99317513689638,164,109,126,0.86979793737712,False
2943,125,1,Тип 1 — медленный широкий,высокая,60.37819969427708,164,67,66,0.7318569659912374,False
2944,529,3,Тип 3 — быстрый узкий,высокая,194.62081120345474,160,129,152,1.0243200589655512,False
2945,479,1,Тип 1 — медленный широкий,высокая,43.1464707701153,161,55,47,0.7344080131083456,False
2946,269,3,Тип 3 — быстрый узкий,высокая,164.8605237498769,160,113,129,1.0223908449604768,False
2947,377,2,Тип 2 — промежуточный,высокая,120.50163702222038,164,99,112,0.8607259787301456,False
2948,96,1,Тип 1 — медленный широкий,низкая,20.342862175689024,161,38,28,0.5812246335911151,False
2949,234,2,Тип 2 — промежуточный,высокая,113.27275472567949,164,95,105,0.8630305121956533,False
2950,561,1,Тип 1 — медленный широкий,высокая,156.2321250394754,164,139,174,0.7183086208711513,False
2951,374,2,Тип 2 — промежуточный,высокая,35.20811224103583,160,42,33,0.8535299937220807,False
2952,414,2,Тип 2 — промежуточный,высокая,121.53405956167775,164,100,112,0.8681004254405554,False
2953,229,1,Тип 1 — медленный широкий,высокая,66.53906132571252,164,72,73,0.7291951926105482,False
2954,226,1,Тип 1 — медленный широкий,высокая,186.8196978592468,163,163,209,0.71509932194927,False
2955,12,2,Тип 2 — промежуточный,высокая,161.61131852087465,164,125,150,0.8619270321113315,False
2956,64,1,Тип 1 — медленный широкий,высокая,161.37948282303975,164,142,181,0.7132794820907835,False
2957,234,2,Тип 2 — промежуточный,высокая,113.27275472567949,164,95,105,0.8630305121956533,False
2958,427,2,Тип 2 — промежуточный,высокая,34.215685387158096,160,41,32,0.8553921346789525,False
2959,189,1,Тип 1 — медленный широкий,высокая,75.80521776199956,164,78,82,0.7395631001170688,False
2960,90,2,Тип 2 — промежуточный,высокая,41.465155774366025,161,50,39,0.8505672979357133,False
2961,571,1,Тип 1 — медленный широкий,низкая,28.945075991066783,157,43,32,0.7236268997766696,False
2962,481,1,Тип 1 — медленный широкий,высокая,143.92271698675697,164,130,160,0.7196135849337849,False
2963,196,1,Тип 1 — медленный широкий,низкая,11.558621633835386,160,29,21,0.440328443193729,False
2964,185,3,Тип 3 — быстрый узкий,высокая,158.68886262992103,160,109,122,1.0405827057699741,False
2965,166,3,Тип 3 — быстрый узкий,высокая,139.18824245045616,166,99,109,1.021565082205183,False
2966,563,3,Тип 3 — быстрый узкий,высокая,171.050375459291,160,116,134,1.0211962713987524,False
2967,84,3,Тип 3 — быстрый узкий,высокая,155.60572533322457,160,109,121,1.0287981840213194,False
2968,503,1,Тип 1 — медленный широкий,высокая,45.13556997376109,161,55,50,0.7221691195801775,False
2969,350,3,Тип 3 — быстрый узкий,высокая,75.30161551795237,166,63,60,1.004021540239365,False
2970,185,3,Тип 3 — быстрый узкий,высокая,158.68886262992103,160,109,122,1.0405827057699741,False
2971,551,1,Тип 1 — медленный широкий,низкая,4.4614243364518265,160,17,14,0.25493853351153295,False
2972,126,1,Тип 1 — медленный широкий,низкая,21.440568062058524,157,36,29,0.5914639465395456,False
2973,393,1,Тип 1 — медленный широкий,высокая,187.8365661130523,163,163,211,0.7121765539831366,False
2974,65,1,Тип 1 — медленный широкий,низкая,11.710884051628835,157,32,28,0.33459668718939534,False
2975,377,2,Тип 2 — промежуточный,высокая,120.50163702222038,164,99,112,0.8607259787301456,False
2976,70,3,Тип 3 — быстрый узкий,высокая,143.28211739503664,166,102,111,1.0326639091534173,False
2977,88,3,Тип 3 — быстрый узкий,высокая,74.27071809235947,166,62,59,1.0070605843031792,False
2978,157,1,Тип 1 — медленный широкий,низкая,25.290609264196753,161,43,31,0.6526608842373356,False
2979,120,3,Тип 3 — быстрый узкий,высокая,38.176657737751995,160,44,32,0.9544164434437999,False
2980,447,3,Тип 3 — быстрый узкий,высокая,150.46221325300718,160,105,116,1.0376704362276359,False
2981,331,1,Тип 1 — медленный широкий,высокая,145.97126046647406,164,131,162,0.7208457306986373,False
2982,77,1,Тип 1 — медленный широкий,низкая,2.703350790206454,151,3,14,0.15447718801179738,False
2983,425,3,Тип 3 — быстрый узкий,высокая,78.3940948981279,166,67,62,1.0115367083629407,False
2984,447,3,Тип 3 — быстрый узкий,высокая,150.46221325300718,160,105,116,1.0376704362276359,False
2985,294,1,Тип 1 — медленный широкий,низкая,7.925760487146572,155,29,29,0.21864166861093992,False
2986,287,1,Тип 1 — медленный широкий,высокая,121.32367927221078,164,114,135,0.7189551364279158,False
2987,242,1,Тип 1 — медленный широкий,высокая,47.13288907750829,161,57,52,0.7251213704232045,False
2988,32,2,Тип 2 — промежуточный,высокая,139.04506462467992,164,111,128,0.8690316539042495,False
2989,551,1,Тип 1 — медленный широкий,низкая,4.4614243364518265,160,17,14,0.25493853351153295,False
2990,24,2,Тип 2 — промежуточный,высокая,59.64063368389887,161,60,55,0.8675001263112563,False
2991,345,3,Тип 3 — быстрый узкий,высокая,77.36328561055086,166,66,62,0.9982359433619467,False
2992,162,1,Тип 1 — медленный широкий,высокая,117.20268860688785,164,111,129,0.7268383789574441,False
2993,546,1,Тип 1 — медленный широкий,высокая,74.77381592992036,164,78,82,0.7295006432187352,False
2994,582,1,Тип 1 — медленный широкий,высокая,31.24202577562374,161,47,36,0.6942672394583054,False
2995,529,3,Тип 3 — быстрый узкий,высокая,194.62081120345474,160,129,152,1.0243200589655512,False
2996,463,3,Тип 3 — быстрый узкий,высокая,113.49225742470371,166,85,89,1.0201551229186852,False
2997,373,1,Тип 1 — медленный широкий,высокая,81.99677159991116,164,83,89,0.7370496323587521,False
2998,576,1,Тип 1 — медленный широкий,высокая,53.2063406933529,164,61,60,0.7094178759113721,False
2999,508,2,Тип 2 — промежуточный,высокая,173.9083111227945,161,133,162,0.8588064746804667,False
