original_index,timetag,amplitude,peak_bin,q_total,q_short,q_tail,psd_tail_to_total,class_id,signal_class,is_saturated
0,115320295667,1118.0,104,15039.0,9305.0,5734.0,0.3812753507547044,1,Медленный класс (neutron/proton-like),False
1,702647218275,4644.0,103,35184.0,31083.0,4101.0,0.11655866302864938,0,Быстрый класс (gamma/electron-like),False
2,824549698084,4234.0,103,43671.0,29758.0,13913.0,0.3185867051361315,1,Медленный класс (neutron/proton-like),False
3,904124528335,1775.0,103,18857.0,12618.0,6239.0,0.3308585671103569,1,Медленный класс (neutron/proton-like),False
4,936825029503,2279.0,104,16907.0,14602.0,2305.0,0.13633406281421898,0,Быстрый класс (gamma/electron-like),False
5,944673452765,450.0,103,3678.0,3133.0,545.0,0.1481783578031539,0,Быстрый класс (gamma/electron-like),False
6,972175263968,318.0,101,5280.0,2921.0,2359.0,0.446780303030303,1,Медленный класс (neutron/proton-like),False
7,1072482124319,656.0,101,5166.0,4111.0,1055.0,0.20421989934185056,0,Быстрый класс (gamma/electron-like),False
8,1247228018004,3091.0,103,34018.0,22415.0,11603.0,0.34108413193015463,1,Медленный класс (neutron/proton-like),False
9,1365955529822,5583.5,105,60165.5,41663.5,18502.0,0.30751842833517545,1,Медленный класс (neutron/proton-like),False
10,1447497540773,9076.0,104,65262.0,58313.0,6949.0,0.10647850203793938,0,Быстрый класс (gamma/electron-like),False
11,1455087810359,1960.0,102,22328.0,14000.0,8328.0,0.372984593335722,1,Медленный класс (neutron/proton-like),False
12,1552995656100,565.5,103,7813.0,4548.5,3264.5,0.41782925892742867,1,Медленный класс (neutron/proton-like),False
13,1652351503256,748.0,102,9137.0,5484.0,3653.0,0.39980299879610376,1,Медленный класс (neutron/proton-like),False
14,1693568271351,778.0,103,6212.0,5060.0,1152.0,0.1854475209272376,0,Быстрый класс (gamma/electron-like),False
15,1705166141570,581.5,103,4623.0,3888.5,734.5,0.15887951546614754,0,Быстрый класс (gamma/electron-like),False
16,1808178705280,671.0,102,5437.0,4511.0,926.0,0.17031451167923486,0,Быстрый класс (gamma/electron-like),False
17,2198276045107,1275.0,103,10738.0,9349.0,1389.0,0.1293536971503073,0,Быстрый класс (gamma/electron-like),False
18,2291615879276,728.0,102,5274.0,4280.0,994.0,0.18847174819871065,0,Быстрый класс (gamma/electron-like),False
19,2394190658527,740.5,101,5360.5,4280.5,1080.0,0.20147374312097752,0,Быстрый класс (gamma/electron-like),False
20,2451949461898,596.0,101,8536.0,4804.0,3732.0,0.4372071227741331,1,Медленный класс (neutron/proton-like),False
21,2849241887280,391.0,104,5558.0,3103.0,2455.0,0.44170564951421376,1,Медленный класс (neutron/proton-like),False
22,3198890265849,903.0,103,12346.0,7269.0,5077.0,0.411226308115989,1,Медленный класс (neutron/proton-like),False
23,3199867950694,618.0,101,4455.0,3417.0,1038.0,0.232996632996633,0,Быстрый класс (gamma/electron-like),False
24,3233153570443,698.0,101,7255.0,4511.0,2744.0,0.3782219159200551,1,Медленный класс (neutron/proton-like),False
25,3318290214262,2596.0,102,18660.0,15810.0,2850.0,0.1527331189710611,0,Быстрый класс (gamma/electron-like),False
26,3565387958266,2969.0,103,35862.0,23139.0,12723.0,0.3547766438012381,1,Медленный класс (neutron/proton-like),False
27,3566504268900,1718.5,103,19596.0,12173.5,7422.5,0.3787762808736477,1,Медленный класс (neutron/proton-like),False
28,3591012715796,1209.0,104,13573.0,8942.0,4631.0,0.3411920724968688,1,Медленный класс (neutron/proton-like),False
29,3644859296358,767.0,103,11257.0,6517.0,4740.0,0.42107133339255576,1,Медленный класс (neutron/proton-like),False
30,3831319809326,335.0,100,3011.0,2194.0,817.0,0.2713384257721687,1,Медленный класс (neutron/proton-like),False
31,3901036613295,2765.0,103,30562.0,19464.0,11098.0,0.36313068516458347,1,Медленный класс (neutron/proton-like),False
32,4045015856880,397.5,100,4834.5,2922.5,1912.0,0.39549074361361053,1,Медленный класс (neutron/proton-like),False
33,4084796523804,499.0,102,4075.0,3261.0,814.0,0.19975460122699387,0,Быстрый класс (gamma/electron-like),False
34,4094570977968,301.0,100,3377.0,2034.0,1343.0,0.39769025762511107,1,Медленный класс (neutron/proton-like),False
35,4215082860693,584.0,101,5467.0,4142.0,1325.0,0.24236327053228462,1,Медленный класс (neutron/proton-like),False
36,4307856706681,5356.5,105,57840.5,40957.5,16883.0,0.2918889013753339,1,Медленный класс (neutron/proton-like),False
37,4802708223655,537.0,102,6990.0,4512.0,2478.0,0.35450643776824037,1,Медленный класс (neutron/proton-like),False
38,4921710949163,770.0,102,6558.0,5273.0,1285.0,0.19594388533089357,0,Быстрый класс (gamma/electron-like),False
39,4939004949385,3559.0,104,28140.0,25140.0,3000.0,0.10660980810234541,0,Быстрый класс (gamma/electron-like),False
40,4963949335495,1086.0,104,8534.0,7286.0,1248.0,0.14623857511131944,0,Быстрый класс (gamma/electron-like),False
41,4991196414986,12109.0,104,82665.0,73848.0,8817.0,0.10665940845581565,0,Быстрый класс (gamma/electron-like),False
42,5172735005135,6931.0,104,54875.0,48581.0,6294.0,0.11469703872437358,0,Быстрый класс (gamma/electron-like),False
43,5202301198319,15380.0,102,252565.0,159678.0,92887.0,0.36777463227288026,-1,Исключён: насыщение,True
44,5249632094524,2622.5,104,28211.0,19157.5,9053.5,0.32092091737265604,1,Медленный класс (neutron/proton-like),False
45,5312681262968,1822.0,103,14445.0,12738.0,1707.0,0.1181723779854621,0,Быстрый класс (gamma/electron-like),False
46,5648944338284,4113.0,103,31434.0,27386.0,4048.0,0.12877775656931983,0,Быстрый класс (gamma/electron-like),False
47,5841846297827,968.0,104,6816.0,5841.0,975.0,0.1430457746478873,0,Быстрый класс (gamma/electron-like),False
48,5899790484637,3758.0,104,43490.0,28404.0,15086.0,0.3468843412278685,1,Медленный класс (neutron/proton-like),False
49,5908732094323,12466.5,104,91259.0,81076.5,10182.5,0.11157803613890137,0,Быстрый класс (gamma/electron-like),False
50,5919605451280,345.0,100,3350.0,2016.0,1334.0,0.3982089552238806,1,Медленный класс (neutron/proton-like),False
51,6318450460724,15380.0,103,137586.0,120484.0,17102.0,0.12430043754451761,-1,Исключён: насыщение,True
52,6585846526109,6151.0,103,43937.0,38815.0,5122.0,0.11657600655483988,0,Быстрый класс (gamma/electron-like),False
53,6741482207581,4361.0,104,35198.0,30972.0,4226.0,0.12006363997954429,0,Быстрый класс (gamma/electron-like),False
54,6797483140623,332.0,100,2945.0,1937.0,1008.0,0.3422750424448217,1,Медленный класс (neutron/proton-like),False
55,6806568354253,1047.0,102,11169.0,7115.0,4054.0,0.3629689318649834,1,Медленный класс (neutron/proton-like),False
56,6887224061498,3647.0,103,28398.0,24377.0,4021.0,0.14159447848440032,0,Быстрый класс (gamma/electron-like),False
57,6897013463002,7791.0,105,57978.0,52253.0,5725.0,0.09874435130566767,0,Быстрый класс (gamma/electron-like),False
58,6924544374131,3217.0,103,23206.0,20205.0,3001.0,0.12932000344738429,0,Быстрый класс (gamma/electron-like),False
59,6933992089920,538.5,104,7350.5,4578.5,2772.0,0.3771172029113666,1,Медленный класс (neutron/proton-like),False
60,7017128173147,424.5,101,2145.5,1719.0,426.5,0.19878816126776974,0,Быстрый класс (gamma/electron-like),False
61,7063674080792,15380.0,103,178853.0,149790.0,29063.0,0.16249657539990942,-1,Исключён: насыщение,True
62,7267280330097,10786.0,104,80616.0,72739.0,7877.0,0.09771013198372532,0,Быстрый класс (gamma/electron-like),False
63,7565170586690,1620.0,103,11608.0,10074.0,1534.0,0.13215024121295657,0,Быстрый класс (gamma/electron-like),False
64,7667919482441,2752.0,103,21497.0,19012.0,2485.0,0.11559752523607945,0,Быстрый класс (gamma/electron-like),False
65,7801254371767,3003.0,104,34704.0,22515.0,12189.0,0.3512275242047026,1,Медленный класс (neutron/proton-like),False
66,7884393713292,4547.0,104,35382.0,32060.0,3322.0,0.09388954835792211,0,Быстрый класс (gamma/electron-like),False
67,7956381494389,578.0,102,5385.0,4099.0,1286.0,0.23881151346332405,0,Быстрый класс (gamma/electron-like),False
68,8025523032137,2692.0,103,31565.0,20488.0,11077.0,0.3509266592745129,1,Медленный класс (neutron/proton-like),False
69,8054106168315,1224.0,103,9288.0,8165.0,1123.0,0.1209086993970715,0,Быстрый класс (gamma/electron-like),False
70,8254753310153,6283.0,103,48253.0,42215.0,6038.0,0.1251321161378567,0,Быстрый класс (gamma/electron-like),False
71,8321013311533,1369.0,104,15547.0,9675.0,5872.0,0.37769344568083874,1,Медленный класс (neutron/proton-like),False
72,8354569908149,2986.0,103,35475.0,22776.0,12699.0,0.35797040169133193,1,Медленный класс (neutron/proton-like),False
73,8503626727530,312.0,100,4191.0,2367.0,1824.0,0.4352183249821045,1,Медленный класс (neutron/proton-like),False
74,8516650528062,748.0,102,5746.0,4796.0,950.0,0.16533240515140968,0,Быстрый класс (gamma/electron-like),False
75,8666824994835,3077.0,105,34294.0,24158.0,10136.0,0.29556190587274744,1,Медленный класс (neutron/proton-like),False
76,9194293194279,5487.5,103,40965.0,36440.5,4524.5,0.1104479433662883,0,Быстрый класс (gamma/electron-like),False
77,9401320163056,1592.0,102,11907.0,10304.0,1603.0,0.13462669018224574,0,Быстрый класс (gamma/electron-like),False
78,9420179722507,8997.0,104,65120.0,57988.0,7132.0,0.10952088452088451,0,Быстрый класс (gamma/electron-like),False
79,9508148394779,518.0,101,5736.0,3060.0,2676.0,0.4665271966527197,1,Медленный класс (neutron/proton-like),False
80,9590059124726,981.0,102,11139.0,7171.0,3968.0,0.35622587305862286,1,Медленный класс (neutron/proton-like),False
81,9697579432289,3947.0,103,44259.0,29136.0,15123.0,0.34169321493933436,1,Медленный класс (neutron/proton-like),False
82,9727801115483,324.0,100,2437.0,1686.0,751.0,0.3081657775954042,1,Медленный класс (neutron/proton-like),False
83,9786848853030,487.0,103,7070.0,3922.0,3148.0,0.44526166902404524,1,Медленный класс (neutron/proton-like),False
84,9898651057779,498.0,103,6789.0,3513.0,3276.0,0.482545293857711,1,Медленный класс (neutron/proton-like),False
85,9950197165327,712.0,102,5852.0,4680.0,1172.0,0.20027341079972658,0,Быстрый класс (gamma/electron-like),False
86,9957010271103,3487.0,104,25730.0,22659.0,3071.0,0.11935483870967742,0,Быстрый класс (gamma/electron-like),False
87,10079468382690,1202.0,103,13791.0,8597.0,5194.0,0.3766224349213255,1,Медленный класс (neutron/proton-like),False
88,10160248772580,791.0,102,9130.0,5595.0,3535.0,0.38718510405257395,1,Медленный класс (neutron/proton-like),False
89,10188348888558,1166.0,103,8757.0,7349.0,1408.0,0.16078565718853488,0,Быстрый класс (gamma/electron-like),False
90,10277756574208,1983.0,103,21132.0,13967.0,7165.0,0.33905924664016657,1,Медленный класс (neutron/proton-like),False
91,10629164680101,5644.0,104,61507.0,41971.0,19536.0,0.317622384444047,1,Медленный класс (neutron/proton-like),False
92,10834200842702,782.0,102,6704.0,5610.0,1094.0,0.16318615751789975,0,Быстрый класс (gamma/electron-like),False
93,11084900829244,9499.5,104,65834.0,58724.5,7109.5,0.10799131148039007,0,Быстрый класс (gamma/electron-like),False
94,11368977116846,1568.0,102,17478.0,11038.0,6440.0,0.36846321089369494,1,Медленный класс (neutron/proton-like),False
95,11456556313115,400.0,101,4041.0,3063.0,978.0,0.24201930215293244,1,Медленный класс (neutron/proton-like),False
96,11480392964518,853.5,102,12368.0,6327.5,6040.5,0.4883974773609314,1,Медленный класс (neutron/proton-like),False
97,11604072550607,352.0,100,2813.0,2229.0,584.0,0.2076075364379666,0,Быстрый класс (gamma/electron-like),False
98,12202873286564,1095.0,102,12378.0,7503.0,4875.0,0.39384391662627244,1,Медленный класс (neutron/proton-like),False
99,12207014997154,1253.5,103,9089.0,7799.5,1289.5,0.1418747937066784,0,Быстрый класс (gamma/electron-like),False
100,12223512334710,409.0,100,5340.0,2840.0,2500.0,0.4681647940074906,1,Медленный класс (neutron/proton-like),False
101,12288664047080,1282.0,103,9519.0,8107.0,1412.0,0.1483349091291102,0,Быстрый класс (gamma/electron-like),False
102,12626259318279,4612.0,104,49075.0,33614.0,15461.0,0.315048395313296,1,Медленный класс (neutron/proton-like),False
103,12858948159287,421.0,102,5303.0,3046.0,2257.0,0.42560814633226474,1,Медленный класс (neutron/proton-like),False
104,12971699890193,606.0,101,5039.0,3909.0,1130.0,0.22425084342131374,0,Быстрый класс (gamma/electron-like),False
105,13066553551187,469.0,101,5532.0,3244.0,2288.0,0.4135936370209689,1,Медленный класс (neutron/proton-like),False
106,13193926939053,393.0,101,5281.0,3029.0,2252.0,0.42643438742662376,1,Медленный класс (neutron/proton-like),False
107,13211894704373,309.0,100,2562.0,2051.0,511.0,0.1994535519125683,0,Быстрый класс (gamma/electron-like),False
108,13250764046756,395.0,100,4411.0,2491.0,1920.0,0.4352754477442757,1,Медленный класс (neutron/proton-like),False
109,13451121515248,3556.0,104,38645.0,26076.0,12569.0,0.3252425928321904,1,Медленный класс (neutron/proton-like),False
110,13659965218794,2636.5,103,19287.0,17000.5,2286.5,0.11855135583553689,0,Быстрый класс (gamma/electron-like),False
111,13769797706113,3518.0,103,25727.0,22829.0,2898.0,0.11264430364986201,0,Быстрый класс (gamma/electron-like),False
112,13827140121819,506.0,101,4191.0,3361.0,830.0,0.1980434263898831,0,Быстрый класс (gamma/electron-like),False
113,14016461308862,3327.0,103,25923.0,22215.0,3708.0,0.14303900011572734,0,Быстрый класс (gamma/electron-like),False
114,14025570666028,3416.0,103,25296.0,22269.0,3027.0,0.11966318785578747,0,Быстрый класс (gamma/electron-like),False
115,14102916390630,448.0,101,5290.0,3141.0,2149.0,0.4062381852551985,1,Медленный класс (neutron/proton-like),False
116,14580524187498,1176.0,103,11837.0,7449.0,4388.0,0.37070203598884854,1,Медленный класс (neutron/proton-like),False
117,14623910192988,5569.0,104,43421.0,38703.0,4718.0,0.10865710140254715,0,Быстрый класс (gamma/electron-like),False
118,14999672065331,1568.0,104,10704.0,9522.0,1182.0,0.11042600896860987,0,Быстрый класс (gamma/electron-like),False
119,15240501721452,452.0,102,6173.0,3629.0,2544.0,0.4121172849505913,1,Медленный класс (neutron/proton-like),False
120,15386102965284,4029.0,104,45190.0,30382.0,14808.0,0.3276831157335694,1,Медленный класс (neutron/proton-like),False
121,15538500538266,13666.0,104,102020.0,91254.0,10766.0,0.10552832777886689,0,Быстрый класс (gamma/electron-like),False
122,15797242739741,373.0,103,5511.0,2947.0,2564.0,0.46525131555071675,1,Медленный класс (neutron/proton-like),False
123,15867052997127,1846.0,103,20571.0,12921.0,7650.0,0.37188274755724077,1,Медленный класс (neutron/proton-like),False
124,16062479428413,538.0,101,7078.0,4507.0,2571.0,0.3632382028821701,1,Медленный класс (neutron/proton-like),False
125,16157248945343,1781.0,104,20373.0,13328.0,7045.0,0.3458008148039071,1,Медленный класс (neutron/proton-like),False
126,16178361964625,3173.0,104,36161.0,24153.0,12008.0,0.3320704626531346,1,Медленный класс (neutron/proton-like),False
127,16231918820601,6402.0,104,49538.0,43829.0,5709.0,0.11524486252977512,0,Быстрый класс (gamma/electron-like),False
128,16330136486081,1498.0,102,18832.0,11334.0,7498.0,0.3981520815632965,1,Медленный класс (neutron/proton-like),False
129,16331776251656,1277.0,103,17563.0,10173.0,7390.0,0.4207709389056539,1,Медленный класс (neutron/proton-like),False
130,16839081567686,451.0,101,3201.0,2497.0,704.0,0.21993127147766323,0,Быстрый класс (gamma/electron-like),False
131,16871862570952,754.0,102,5145.0,4417.0,728.0,0.1414965986394558,0,Быстрый класс (gamma/electron-like),False
132,17085437168929,5644.0,104,61382.0,41548.0,19834.0,0.3231240428790199,1,Медленный класс (neutron/proton-like),False
133,17099008198490,2441.0,103,28325.0,18340.0,9985.0,0.3525154457193292,1,Медленный класс (neutron/proton-like),False
134,17352209362869,960.0,102,11370.0,7147.0,4223.0,0.3714160070360598,1,Медленный класс (neutron/proton-like),False
135,17365141853319,974.0,102,11676.0,7123.0,4553.0,0.3899451867077766,1,Медленный класс (neutron/proton-like),False
136,17481084785748,4467.0,104,33255.0,29806.0,3449.0,0.1037137272590588,0,Быстрый класс (gamma/electron-like),False
137,17516779231151,5016.0,104,41738.0,35231.0,6507.0,0.1559010973213858,0,Быстрый класс (gamma/electron-like),False
138,17551313553521,959.0,103,8264.0,6888.0,1376.0,0.1665053242981607,0,Быстрый класс (gamma/electron-like),False
139,17685894566815,782.0,102,6412.0,5345.0,1067.0,0.16640673736743605,0,Быстрый класс (gamma/electron-like),False
140,17735647822741,5389.5,104,59059.0,40805.5,18253.5,0.3090722836485548,1,Медленный класс (neutron/proton-like),False
141,17991973025886,4676.5,104,55176.0,36256.5,18919.5,0.34289364941278816,1,Медленный класс (neutron/proton-like),False
142,18350844692361,1834.0,103,19618.0,12654.0,6964.0,0.3549801202976858,1,Медленный класс (neutron/proton-like),False
143,18506204723053,927.0,102,7610.0,6259.0,1351.0,0.17752956636005257,0,Быстрый класс (gamma/electron-like),False
144,18705456745850,426.0,102,4182.0,3209.0,973.0,0.23266379722620756,0,Быстрый класс (gamma/electron-like),False
145,18714889252834,742.0,102,5302.0,4239.0,1063.0,0.2004903809883063,0,Быстрый класс (gamma/electron-like),False
146,19049687641530,539.0,101,4672.0,3419.0,1253.0,0.2681934931506849,1,Медленный класс (neutron/proton-like),False
147,19133036025546,1024.0,104,8869.0,7488.0,1381.0,0.1557109031457887,0,Быстрый класс (gamma/electron-like),False
148,19175929466940,2605.0,103,28518.0,18160.0,10358.0,0.3632092012062557,1,Медленный класс (neutron/proton-like),False
149,19208735918296,469.0,102,6399.0,3996.0,2403.0,0.3755274261603376,1,Медленный класс (neutron/proton-like),False
150,19275441568506,2748.0,103,32110.0,20674.0,11436.0,0.3561507318592339,1,Медленный класс (neutron/proton-like),False
151,19335590950838,2813.0,104,23282.0,20481.0,2801.0,0.12030753371703462,0,Быстрый класс (gamma/electron-like),False
152,19475140456017,4372.0,103,47004.0,31997.0,15007.0,0.3192707003659263,1,Медленный класс (neutron/proton-like),False
153,19620991421651,4499.0,104,47946.0,32507.0,15439.0,0.3220080924373253,1,Медленный класс (neutron/proton-like),False
154,19708619709694,506.5,101,4303.0,3420.5,882.5,0.20508947246107367,0,Быстрый класс (gamma/electron-like),False
155,19883329582489,3497.0,104,42916.0,28464.0,14452.0,0.33675086214931493,1,Медленный класс (neutron/proton-like),False
156,19943532486268,970.0,103,12046.0,7630.0,4416.0,0.3665947202390835,1,Медленный класс (neutron/proton-like),False
157,20230587664748,958.0,104,12553.0,7828.0,4725.0,0.3764040468413925,1,Медленный класс (neutron/proton-like),False
158,20247614192315,986.0,102,8334.0,6725.0,1609.0,0.19306455483561316,0,Быстрый класс (gamma/electron-like),False
159,20411702674303,1178.0,102,15101.0,8805.0,6296.0,0.41692603138864975,1,Медленный класс (neutron/proton-like),False
160,20451535265019,3273.5,104,37403.5,24786.5,12617.0,0.3373213736682396,1,Медленный класс (neutron/proton-like),False
161,20507876008098,1971.0,103,15630.0,13229.0,2401.0,0.15361484325015995,0,Быстрый класс (gamma/electron-like),False
162,20628741383744,3854.0,104,42850.0,28422.0,14428.0,0.33670945157526255,1,Медленный класс (neutron/proton-like),False
163,20894448118058,2154.0,103,17627.0,15358.0,2269.0,0.1287229817893005,0,Быстрый класс (gamma/electron-like),False
164,21093419910133,1776.0,103,22798.0,14107.0,8691.0,0.3812176506711115,1,Медленный класс (neutron/proton-like),False
165,21399804080995,865.0,105,12295.0,7716.0,4579.0,0.37242781618544124,1,Медленный класс (neutron/proton-like),False
166,21448496180417,765.0,102,6103.0,4880.0,1223.0,0.20039324922169424,0,Быстрый класс (gamma/electron-like),False
167,21482054487374,311.0,100,2884.0,2090.0,794.0,0.2753120665742025,1,Медленный класс (neutron/proton-like),False
168,21903795952952,352.0,100,3061.0,2251.0,810.0,0.26461940542306434,1,Медленный класс (neutron/proton-like),False
169,21927401422764,514.0,101,3911.0,3092.0,819.0,0.209409358220404,0,Быстрый класс (gamma/electron-like),False
170,21994191347749,449.0,101,4153.0,2923.0,1230.0,0.2961714423308452,1,Медленный класс (neutron/proton-like),False
171,22129054927955,4161.0,104,42653.0,27672.0,14981.0,0.3512296907603217,1,Медленный класс (neutron/proton-like),False
172,22240125862109,15381.0,103,149664.0,128470.0,21194.0,0.14161054094505024,-1,Исключён: насыщение,True
173,22383228780740,612.0,103,5929.0,4781.0,1148.0,0.1936245572609209,0,Быстрый класс (gamma/electron-like),False
174,22424115765119,3685.0,103,27287.0,23962.0,3325.0,0.12185289698391175,0,Быстрый класс (gamma/electron-like),False
175,22513651299256,759.0,102,9048.0,5591.0,3457.0,0.38207338638373123,1,Медленный класс (neutron/proton-like),False
176,22551584514714,2146.0,103,26330.0,15774.0,10556.0,0.40091150778579565,1,Медленный класс (neutron/proton-like),False
177,22758749782195,15380.0,102,198381.0,160256.0,38125.0,0.1921807027890776,-1,Исключён: насыщение,True
178,22825766714257,576.0,101,4962.0,3656.0,1306.0,0.26320032245062475,1,Медленный класс (neutron/proton-like),False
179,22878084908039,14430.0,104,104593.0,93442.0,11151.0,0.10661325327698794,-1,Исключён: насыщение,True
180,22938518084045,6706.0,104,52098.0,46105.0,5993.0,0.11503320664900764,0,Быстрый класс (gamma/electron-like),False
181,22977050822256,688.5,102,5176.0,4453.5,722.5,0.13958655332302936,0,Быстрый класс (gamma/electron-like),False
182,23055416829698,1202.5,104,15587.0,9425.5,6161.5,0.39529736318727143,1,Медленный класс (neutron/proton-like),False
183,23484654825561,312.5,100,2868.0,2344.5,523.5,0.18253138075313807,0,Быстрый класс (gamma/electron-like),False
184,23582073797499,305.0,100,4025.0,2289.0,1736.0,0.43130434782608695,1,Медленный класс (neutron/proton-like),False
185,23585841971420,797.5,103,8278.5,5206.5,3072.0,0.3710817177024823,1,Медленный класс (neutron/proton-like),False
186,23586076081542,2963.0,104,35480.0,23962.0,11518.0,0.3246335963923337,1,Медленный класс (neutron/proton-like),False
187,23639057324219,4003.0,104,43630.0,30700.0,12930.0,0.2963557185422874,1,Медленный класс (neutron/proton-like),False
188,23660218293045,419.5,103,4380.5,3262.5,1118.0,0.25522200662024885,1,Медленный класс (neutron/proton-like),False
189,23880354344409,1169.5,102,13956.5,8529.5,5427.0,0.3888510729767492,1,Медленный класс (neutron/proton-like),False
190,24183636494737,2321.0,104,18406.0,16198.0,2208.0,0.11996088232098229,0,Быстрый класс (gamma/electron-like),False
191,24287075789584,336.0,100,5150.0,2427.0,2723.0,0.5287378640776699,1,Медленный класс (neutron/proton-like),False
192,24324032053909,2829.0,103,31982.0,20454.0,11528.0,0.3604527546745044,1,Медленный класс (neutron/proton-like),False
193,24578060912916,7809.0,104,57860.0,50996.0,6864.0,0.11863117870722434,0,Быстрый класс (gamma/electron-like),False
194,25111608421736,11524.0,105,83627.0,75391.0,8236.0,0.09848493907470075,0,Быстрый класс (gamma/electron-like),False
195,25115943364651,2972.0,104,22686.0,20028.0,2658.0,0.11716477122454377,0,Быстрый класс (gamma/electron-like),False
196,25355832688094,2269.5,102,15660.5,13585.5,2075.0,0.1324989623575237,0,Быстрый класс (gamma/electron-like),False
197,25448971354901,632.0,101,6112.0,4528.0,1584.0,0.2591623036649215,1,Медленный класс (neutron/proton-like),False
198,25628926623482,596.0,102,7427.0,4607.0,2820.0,0.3796957048606436,1,Медленный класс (neutron/proton-like),False
199,25645751346585,1586.0,103,12011.0,10401.0,1610.0,0.1340437931895762,0,Быстрый класс (gamma/electron-like),False
200,25764687841006,690.0,102,5840.0,4986.0,854.0,0.14623287671232876,0,Быстрый класс (gamma/electron-like),False
201,25995387696295,994.5,102,14026.5,8265.5,5761.0,0.41072256086693043,1,Медленный класс (neutron/proton-like),False
202,26009317777767,4156.0,105,45673.0,31555.0,14118.0,0.3091104153438574,1,Медленный класс (neutron/proton-like),False
203,26010746094523,2330.0,103,31488.0,19658.0,11830.0,0.3756986788617886,1,Медленный класс (neutron/proton-like),False
204,26084647456529,355.5,101,3393.0,2434.5,958.5,0.28249336870026526,1,Медленный класс (neutron/proton-like),False
205,26717610772023,6017.0,103,61760.0,42618.0,19142.0,0.3099417098445596,1,Медленный класс (neutron/proton-like),False
206,26724332279929,704.5,103,9472.5,5595.5,3877.0,0.409290050145157,1,Медленный класс (neutron/proton-like),False
207,26802658355408,1363.5,103,10385.5,8876.5,1509.0,0.1452987338115642,0,Быстрый класс (gamma/electron-like),False
208,26816516278566,1826.0,104,22784.0,14606.0,8178.0,0.358936095505618,1,Медленный класс (neutron/proton-like),False
209,26887295746575,5626.0,104,43740.0,38634.0,5106.0,0.11673525377229081,0,Быстрый класс (gamma/electron-like),False
210,26960424464393,845.0,103,11221.0,6882.0,4339.0,0.3866856786382675,1,Медленный класс (neutron/proton-like),False
211,27570555508499,718.0,103,7708.0,4967.0,2741.0,0.35560456668396473,1,Медленный класс (neutron/proton-like),False
212,27722389820839,2579.0,104,20383.0,17978.0,2405.0,0.1179904822646323,0,Быстрый класс (gamma/electron-like),False
213,27740302049226,463.5,103,4521.0,3347.5,1173.5,0.25956646759566465,1,Медленный класс (neutron/proton-like),False
214,27787959408814,1519.5,102,11147.5,9591.0,1556.5,0.13962771921955597,0,Быстрый класс (gamma/electron-like),False
215,27923505293580,4006.0,104,46335.0,31714.0,14621.0,0.3155498003668933,1,Медленный класс (neutron/proton-like),False
216,28172157956663,387.0,100,2696.0,2127.0,569.0,0.211053412462908,0,Быстрый класс (gamma/electron-like),False
217,28200812625202,398.0,101,3309.0,2531.0,778.0,0.23511634935025688,0,Быстрый класс (gamma/electron-like),False
218,28218538120461,6730.0,104,51169.0,46039.0,5130.0,0.10025601438370889,0,Быстрый класс (gamma/electron-like),False
219,28375879654959,8009.0,104,59312.0,52973.0,6339.0,0.10687550579983815,0,Быстрый класс (gamma/electron-like),False
220,28455846393772,628.0,102,7009.0,4403.0,2606.0,0.3718076758453417,1,Медленный класс (neutron/proton-like),False
221,28552682266005,3310.0,103,23605.0,20212.0,3393.0,0.14374073289557296,0,Быстрый класс (gamma/electron-like),False
222,28567799276681,942.5,103,13299.5,7466.5,5833.0,0.4385879168389789,1,Медленный класс (neutron/proton-like),False
223,28614508120006,641.0,104,8455.0,5530.0,2925.0,0.3459491425192194,1,Медленный класс (neutron/proton-like),False
224,28656838402846,5262.0,104,54467.0,37645.0,16822.0,0.3088475590724659,1,Медленный класс (neutron/proton-like),False
225,28697667854115,446.0,104,5516.0,3388.0,2128.0,0.38578680203045684,1,Медленный класс (neutron/proton-like),False
226,28785320827412,491.0,102,6032.0,3572.0,2460.0,0.4078249336870027,1,Медленный класс (neutron/proton-like),False
227,28996080199229,1317.5,102,9882.0,8214.0,1668.0,0.16879174256223436,0,Быстрый класс (gamma/electron-like),False
228,29242860995846,5422.0,104,56187.0,38716.0,17471.0,0.3109438126256963,1,Медленный класс (neutron/proton-like),False
229,29287416336640,4294.0,104,47217.0,31502.0,15715.0,0.3328250418281551,1,Медленный класс (neutron/proton-like),False
230,29338259434196,4433.5,103,33510.0,29323.5,4186.5,0.12493285586392122,0,Быстрый класс (gamma/electron-like),False
231,29349199956728,636.0,104,5523.0,4717.0,806.0,0.14593518015571247,0,Быстрый класс (gamma/electron-like),False
232,29360721828756,484.0,101,4987.0,3021.0,1966.0,0.39422498496089836,1,Медленный класс (neutron/proton-like),False
233,29368390066843,359.0,100,3740.0,2849.0,891.0,0.23823529411764705,0,Быстрый класс (gamma/electron-like),False
234,29436753384134,4911.5,103,38613.0,34049.5,4563.5,0.11818558516561779,0,Быстрый класс (gamma/electron-like),False
235,29441316543170,797.0,102,6581.0,4936.0,1645.0,0.24996201185230207,1,Медленный класс (neutron/proton-like),False
236,29483573464124,518.0,101,4298.0,3132.0,1166.0,0.2712889716147045,1,Медленный класс (neutron/proton-like),False
237,29635710976490,3025.0,104,35300.0,23115.0,12185.0,0.3451841359773371,1,Медленный класс (neutron/proton-like),False
238,29721158445663,328.0,100,3881.0,1900.0,1981.0,0.510435454779696,1,Медленный класс (neutron/proton-like),False
239,29737933202944,386.0,100,2965.0,2154.0,811.0,0.27352445193929176,1,Медленный класс (neutron/proton-like),False
240,29900281962870,1900.0,103,15165.0,13183.0,1982.0,0.13069568084404878,0,Быстрый класс (gamma/electron-like),False
241,29970228379232,1990.0,103,21829.0,14306.0,7523.0,0.3446332859956938,1,Медленный класс (neutron/proton-like),False
242,30055475283197,1167.0,103,8690.0,7244.0,1446.0,0.1663981588032221,0,Быстрый класс (gamma/electron-like),False
243,30077967310084,453.0,100,3087.0,2251.0,836.0,0.27081308713961777,1,Медленный класс (neutron/proton-like),False
244,30216342850803,838.0,102,7474.0,6098.0,1376.0,0.1841048969761841,0,Быстрый класс (gamma/electron-like),False
245,30470906389042,820.0,102,7291.0,6071.0,1220.0,0.1673295844191469,0,Быстрый класс (gamma/electron-like),False
246,30483999336546,1124.0,103,8987.0,7738.0,1249.0,0.13897852453544007,0,Быстрый класс (gamma/electron-like),False
247,30606812425467,309.0,100,3085.0,2200.0,885.0,0.28687196110210694,1,Медленный класс (neutron/proton-like),False
248,30612302890355,4387.0,103,51899.0,33960.0,17939.0,0.34565213202566525,1,Медленный класс (neutron/proton-like),False
249,30769351215021,4165.5,104,47824.5,32235.5,15589.0,0.32596263421468075,1,Медленный класс (neutron/proton-like),False
250,30953445058128,884.0,103,10303.0,6241.0,4062.0,0.3942541007473551,1,Медленный класс (neutron/proton-like),False
251,31113044840278,2924.0,103,21729.0,18996.0,2733.0,0.12577661190114595,0,Быстрый класс (gamma/electron-like),False
252,31163810409275,641.0,102,5162.0,4071.0,1091.0,0.21135218907400233,0,Быстрый класс (gamma/electron-like),False
253,31656639482530,2791.0,104,32717.0,20831.0,11886.0,0.36329736834061804,1,Медленный класс (neutron/proton-like),False
254,31725808971373,330.0,100,2940.0,1974.0,966.0,0.32857142857142857,1,Медленный класс (neutron/proton-like),False
255,31910338292514,5079.0,104,51417.0,34443.0,16974.0,0.33012427796254157,1,Медленный класс (neutron/proton-like),False
256,32001342999394,2037.0,104,23187.0,15023.0,8164.0,0.35209384568939495,1,Медленный класс (neutron/proton-like),False
257,32026488461783,1080.0,104,8480.0,6735.0,1745.0,0.20577830188679244,0,Быстрый класс (gamma/electron-like),False
258,32129598917198,1864.0,104,21208.0,14231.0,6977.0,0.32897963032817806,1,Медленный класс (neutron/proton-like),False
259,32243064794268,1240.5,103,13541.5,8434.5,5107.0,0.3771369493778385,1,Медленный класс (neutron/proton-like),False
260,32304575123136,2610.0,104,20756.0,18318.0,2438.0,0.11746001156292156,0,Быстрый класс (gamma/electron-like),False
261,32387412966358,396.0,98,5486.0,3024.0,2462.0,0.44877870944221654,1,Медленный класс (neutron/proton-like),False
262,32450794387553,370.0,101,3987.0,2749.0,1238.0,0.3105091547529471,1,Медленный класс (neutron/proton-like),False
263,32525859696056,3125.5,103,22847.0,20063.5,2783.5,0.12183218803343984,0,Быстрый класс (gamma/electron-like),False
264,32679037749882,382.0,101,3543.0,2575.0,968.0,0.2732147897262207,1,Медленный класс (neutron/proton-like),False
265,32931378324343,679.0,102,5300.0,4366.0,934.0,0.17622641509433962,0,Быстрый класс (gamma/electron-like),False
266,32938172152073,855.0,102,6848.0,5465.0,1383.0,0.2019567757009346,0,Быстрый класс (gamma/electron-like),False
267,33039904530689,5553.0,104,59296.0,40248.0,19048.0,0.3212358337830545,1,Медленный класс (neutron/proton-like),False
268,33047326708334,903.0,102,12014.0,7000.0,5014.0,0.41734642916597303,1,Медленный класс (neutron/proton-like),False
269,33134090364577,390.0,100,3462.0,2309.0,1153.0,0.33304448295782785,1,Медленный класс (neutron/proton-like),False
270,33150702780471,1133.0,103,15039.0,8611.0,6428.0,0.4274220360396303,1,Медленный класс (neutron/proton-like),False
271,33157800592178,15380.5,104,111331.5,100850.5,10481.0,0.09414226880981573,-1,Исключён: насыщение,True
272,33323142449960,1532.5,103,16089.0,10030.5,6058.5,0.37656162595562187,1,Медленный класс (neutron/proton-like),False
273,33362022372823,1551.0,102,12316.0,10019.0,2297.0,0.18650535888275413,0,Быстрый класс (gamma/electron-like),False
274,33574199323015,1503.0,103,16440.0,10686.0,5754.0,0.35,1,Медленный класс (neutron/proton-like),False
275,33619802798487,1873.0,104,14719.0,12515.0,2204.0,0.1497384333174808,0,Быстрый класс (gamma/electron-like),False
276,33750189845467,1516.0,103,19163.0,11311.0,7852.0,0.40974795178208007,1,Медленный класс (neutron/proton-like),False
277,33769725300858,1519.0,103,11255.0,9612.0,1643.0,0.14597956463793868,0,Быстрый класс (gamma/electron-like),False
278,33897614020413,628.0,103,5724.0,4538.0,1186.0,0.2071977638015374,0,Быстрый класс (gamma/electron-like),False
279,34066570052975,701.0,102,5792.0,4738.0,1054.0,0.18197513812154695,0,Быстрый класс (gamma/electron-like),False
280,34431377175827,560.0,103,7100.0,4614.0,2486.0,0.35014084507042254,1,Медленный класс (neutron/proton-like),False
281,34609163803858,1396.0,103,14755.0,9402.0,5353.0,0.3627922738054897,1,Медленный класс (neutron/proton-like),False
282,34990547907374,810.5,103,12042.0,6539.5,5502.5,0.456942368377346,1,Медленный класс (neutron/proton-like),False
283,35027717182528,14951.0,104,110250.0,98387.0,11863.0,0.10760090702947846,-1,Исключён: насыщение,True
284,35065070069983,1814.0,104,16107.0,14037.0,2070.0,0.1285155522443658,0,Быстрый класс (gamma/electron-like),False
285,35077437792107,443.0,101,5909.0,3232.0,2677.0,0.4530377390421391,1,Медленный класс (neutron/proton-like),False
286,35135341588107,2688.0,103,18859.0,16440.0,2419.0,0.1282676706081977,0,Быстрый класс (gamma/electron-like),False
287,35188922517545,906.5,102,6630.5,5355.5,1275.0,0.19229319055878139,0,Быстрый класс (gamma/electron-like),False
288,35517804129983,899.0,103,6703.0,5618.0,1085.0,0.1618678203789348,0,Быстрый класс (gamma/electron-like),False
289,35544975592027,1015.0,101,6770.0,5481.0,1289.0,0.19039881831610045,0,Быстрый класс (gamma/electron-like),False
290,35607053500389,448.0,101,6386.0,3773.0,2613.0,0.40917632320701536,1,Медленный класс (neutron/proton-like),False
291,35648317279108,1152.0,103,14873.0,8524.0,6349.0,0.4268809251664089,1,Медленный класс (neutron/proton-like),False
292,35684210803615,971.0,103,12385.0,7543.0,4842.0,0.3909568025837707,1,Медленный класс (neutron/proton-like),False
293,35955792561737,4247.0,104,30414.0,27093.0,3321.0,0.10919313474058,0,Быстрый класс (gamma/electron-like),False
294,35972868158702,1575.5,103,12589.0,11085.5,1503.5,0.11942966081499722,0,Быстрый класс (gamma/electron-like),False
295,36435057341679,692.0,103,8812.0,5442.0,3370.0,0.38243304584657284,1,Медленный класс (neutron/proton-like),False
296,36681415192584,551.5,101,6962.5,4022.5,2940.0,0.422262118491921,1,Медленный класс (neutron/proton-like),False
297,36830664392342,3853.5,104,43018.0,29622.5,13395.5,0.3113929052954577,1,Медленный класс (neutron/proton-like),False
298,37146369274647,531.0,101,4908.0,3712.0,1196.0,0.2436837815810921,1,Медленный класс (neutron/proton-like),False
299,37307672306420,1188.5,101,9742.5,8257.5,1485.0,0.15242494226327943,0,Быстрый класс (gamma/electron-like),False
300,37325140688048,1153.0,102,8487.0,7319.0,1168.0,0.13762224578767526,0,Быстрый класс (gamma/electron-like),False
301,37452429969943,1342.0,104,17571.0,11109.0,6462.0,0.3677650674406693,1,Медленный класс (neutron/proton-like),False
302,37538881876596,1068.0,103,13062.0,7857.0,5205.0,0.3984841525034451,1,Медленный класс (neutron/proton-like),False
303,37589151796210,2255.0,102,25128.0,16353.0,8775.0,0.34921203438395415,1,Медленный класс (neutron/proton-like),False
304,37676198116987,7057.5,105,55415.5,50032.5,5383.0,0.09713888713446599,0,Быстрый класс (gamma/electron-like),False
305,37958838363311,317.0,100,2808.0,2001.0,807.0,0.28739316239316237,1,Медленный класс (neutron/proton-like),False
306,38094701661065,795.0,103,9854.0,6319.0,3535.0,0.35873756850010147,1,Медленный класс (neutron/proton-like),False
307,38178246691115,4369.0,104,50048.0,32009.0,18039.0,0.36043398337595906,1,Медленный класс (neutron/proton-like),False
308,38429605471381,494.0,101,4060.0,3354.0,706.0,0.17389162561576355,0,Быстрый класс (gamma/electron-like),False
309,38809270989291,1492.0,103,11575.0,9681.0,1894.0,0.16362850971922246,0,Быстрый класс (gamma/electron-like),False
310,39098559866905,376.5,102,3150.0,2635.5,514.5,0.16333333333333333,0,Быстрый класс (gamma/electron-like),False
311,39125040479288,456.0,101,6227.0,3715.0,2512.0,0.403404528665489,1,Медленный класс (neutron/proton-like),False
312,39129918120659,1072.0,103,8261.0,7093.0,1168.0,0.14138724125408547,0,Быстрый класс (gamma/electron-like),False
313,39247139630468,538.0,101,3941.0,2882.0,1059.0,0.26871352448617103,1,Медленный класс (neutron/proton-like),False
314,39278303832858,1506.5,103,17139.0,10790.5,6348.5,0.37041250948129995,1,Медленный класс (neutron/proton-like),False
315,39316714739280,1581.0,103,19087.0,12713.0,6374.0,0.33394456960234714,1,Медленный класс (neutron/proton-like),False
316,39514609536436,417.0,101,3700.0,2919.0,781.0,0.2110810810810811,0,Быстрый класс (gamma/electron-like),False
317,39638004653350,379.5,101,5579.5,3151.0,2428.5,0.4352540550228515,1,Медленный класс (neutron/proton-like),False
318,39808846097260,2060.0,103,25408.0,15769.0,9639.0,0.37936870277078083,1,Медленный класс (neutron/proton-like),False
319,39958300187225,371.0,100,2798.0,2042.0,756.0,0.270192994996426,1,Медленный класс (neutron/proton-like),False
320,39991567662705,2024.5,103,14454.0,12832.5,1621.5,0.11218347862183478,0,Быстрый класс (gamma/electron-like),False
321,40010031136557,1882.0,103,23625.0,14610.0,9015.0,0.3815873015873016,1,Медленный класс (neutron/proton-like),False
322,40157140709916,3556.0,105,37906.0,25640.0,12266.0,0.32358993299213845,1,Медленный класс (neutron/proton-like),False
323,40315614197347,1688.0,103,11790.0,10347.0,1443.0,0.12239185750636132,0,Быстрый класс (gamma/electron-like),False
324,40389353923982,4799.0,104,50833.0,34439.0,16394.0,0.3225070328330022,1,Медленный класс (neutron/proton-like),False
325,40460023598486,1969.0,103,23481.0,15402.0,8079.0,0.34406541459052,1,Медленный класс (neutron/proton-like),False
326,40485227056093,6616.0,103,51586.0,45918.0,5668.0,0.10987477222502229,0,Быстрый класс (gamma/electron-like),False
327,40684010976340,2222.5,103,16830.5,14853.5,1977.0,0.11746531594426785,0,Быстрый класс (gamma/electron-like),False
328,40695382890326,360.0,100,3168.0,2307.0,861.0,0.27178030303030304,1,Медленный класс (neutron/proton-like),False
329,40768122100283,1577.0,102,11981.0,10110.0,1871.0,0.15616392621650949,0,Быстрый класс (gamma/electron-like),False
330,40818028409112,2735.0,104,33150.0,21425.0,11725.0,0.3536953242835596,1,Медленный класс (neutron/proton-like),False
331,41097629752417,1698.0,103,19403.0,13414.0,5989.0,0.30866360872030096,1,Медленный класс (neutron/proton-like),False
332,41147644404412,3888.0,104,43379.0,29563.0,13816.0,0.3184951243689343,1,Медленный класс (neutron/proton-like),False
333,41228481389470,2476.0,104,27113.0,17161.0,9952.0,0.3670563936119205,1,Медленный класс (neutron/proton-like),False
334,41695571133662,876.0,104,7169.0,6214.0,955.0,0.13321244246059422,0,Быстрый класс (gamma/electron-like),False
335,41759851284219,4835.0,103,55535.0,38401.0,17134.0,0.3085261546772306,1,Медленный класс (neutron/proton-like),False
336,41889786440537,3074.0,103,31035.0,20615.0,10420.0,0.3357499597228935,1,Медленный класс (neutron/proton-like),False
337,41895441315124,1068.0,102,8341.0,7148.0,1193.0,0.1430284138592495,0,Быстрый класс (gamma/electron-like),False
338,41948665827240,1104.0,103,14031.0,8674.0,5357.0,0.38179744850687763,1,Медленный класс (neutron/proton-like),False
339,42285982216164,2243.0,103,17176.0,14852.0,2324.0,0.1353050768514206,0,Быстрый класс (gamma/electron-like),False
340,42600349391451,1256.0,103,10855.0,8951.0,1904.0,0.17540304007369875,0,Быстрый класс (gamma/electron-like),False
341,42638912954571,2534.5,103,29155.5,19135.5,10020.0,0.3436744353552503,1,Медленный класс (neutron/proton-like),False
342,42809798748991,458.0,101,6855.0,3243.0,3612.0,0.5269146608315098,1,Медленный класс (neutron/proton-like),False
343,42967801783732,15381.0,103,281857.0,161494.0,120363.0,0.42703569540582637,-1,Исключён: насыщение,True
344,43201315412244,4892.0,104,38233.0,34259.0,3974.0,0.10394162111265137,0,Быстрый класс (gamma/electron-like),False
345,43232221813115,379.0,100,2535.0,1924.0,611.0,0.24102564102564103,1,Медленный класс (neutron/proton-like),False
346,43300295654656,373.0,100,3039.0,2161.0,878.0,0.2889108259295821,1,Медленный класс (neutron/proton-like),False
347,43423632602047,2747.0,103,29986.0,19611.0,10375.0,0.34599479757220036,1,Медленный класс (neutron/proton-like),False
348,43473298909299,2564.5,103,30171.5,19234.5,10937.0,0.36249440697346835,1,Медленный класс (neutron/proton-like),False
349,43650018396953,530.5,101,4167.5,3273.5,894.0,0.21451709658068385,0,Быстрый класс (gamma/electron-like),False
350,43790065796569,1090.0,102,8661.0,7182.0,1479.0,0.17076550051957048,0,Быстрый класс (gamma/electron-like),False
351,43856971609671,315.5,100,2532.0,1869.5,662.5,0.26165086887835703,1,Медленный класс (neutron/proton-like),False
352,44082311597374,2092.0,104,14630.0,13315.0,1315.0,0.0898838004101162,0,Быстрый класс (gamma/electron-like),False
353,44091106766143,995.0,102,11675.0,7119.0,4556.0,0.3902355460385439,1,Медленный класс (neutron/proton-like),False
354,44568771941311,307.0,100,2356.0,1741.0,615.0,0.26103565365025466,1,Медленный класс (neutron/proton-like),False
355,44636752750897,2104.0,104,23964.0,15888.0,8076.0,0.3370055082623936,1,Медленный класс (neutron/proton-like),False
356,44696459131088,3138.5,104,23105.0,20306.5,2798.5,0.121120969487124,0,Быстрый класс (gamma/electron-like),False
357,44773174855588,5433.0,105,59405.0,40879.0,18526.0,0.31185927110512585,1,Медленный класс (neutron/proton-like),False
358,44867973599061,398.0,101,3285.0,2592.0,693.0,0.21095890410958903,0,Быстрый класс (gamma/electron-like),False
359,44999913181857,330.0,101,4649.0,2335.0,2314.0,0.497741449774145,1,Медленный класс (neutron/proton-like),False
360,45145796886001,1347.0,103,15442.0,10033.0,5409.0,0.35027846133920476,1,Медленный класс (neutron/proton-like),False
361,45226790684168,5783.0,103,59908.0,40416.0,19492.0,0.3253655605261401,1,Медленный класс (neutron/proton-like),False
362,45367615454825,6141.0,103,64976.0,43408.0,21568.0,0.3319379463186407,1,Медленный класс (neutron/proton-like),False
363,45494473535850,869.0,105,11383.0,6961.0,4422.0,0.3884740402354388,1,Медленный класс (neutron/proton-like),False
364,45784475152474,598.5,101,5159.5,3962.0,1197.5,0.23209613334625448,0,Быстрый класс (gamma/electron-like),False
365,45865625875460,1052.0,104,14697.0,8949.0,5748.0,0.3911002245356195,1,Медленный класс (neutron/proton-like),False
366,46291617534951,15379.0,103,217421.0,164886.0,52535.0,0.24162799361607204,-1,Исключён: насыщение,True
367,46560090178109,2242.0,103,25458.0,16202.0,9256.0,0.36357922853327046,1,Медленный класс (neutron/proton-like),False
368,46667543489748,910.0,103,9890.0,6219.0,3671.0,0.3711830131445905,1,Медленный класс (neutron/proton-like),False
369,46800334437748,691.0,102,4894.0,4042.0,852.0,0.17409072333469555,0,Быстрый класс (gamma/electron-like),False
370,46879625678362,1646.0,103,19983.0,12416.0,7567.0,0.3786718710904269,1,Медленный класс (neutron/proton-like),False
371,47057967617144,3579.0,103,27055.0,23360.0,3695.0,0.13657364627610424,0,Быстрый класс (gamma/electron-like),False
372,47366121374380,649.5,101,5206.5,4354.0,852.5,0.16373763564774801,0,Быстрый класс (gamma/electron-like),False
373,47371202325330,3538.0,104,25946.0,23216.0,2730.0,0.10521853079472751,0,Быстрый класс (gamma/electron-like),False
374,47448340352596,1814.0,103,13473.0,11557.0,1916.0,0.14221034661916426,0,Быстрый класс (gamma/electron-like),False
375,47743798608814,1262.0,103,14343.0,9368.0,4975.0,0.346859095028934,1,Медленный класс (neutron/proton-like),False
376,47795762568151,1738.0,103,15142.0,12860.0,2282.0,0.15070664377228898,0,Быстрый класс (gamma/electron-like),False
377,47978608530928,709.0,103,9253.0,5636.0,3617.0,0.390900248568032,1,Медленный класс (neutron/proton-like),False
378,47979629873224,378.0,102,5043.0,2676.0,2367.0,0.4693634741225461,1,Медленный класс (neutron/proton-like),False
379,48017816102944,8134.5,104,58316.5,51885.5,6431.0,0.1102775372321727,0,Быстрый класс (gamma/electron-like),False
380,48123692493811,302.0,100,2870.0,2264.0,606.0,0.21114982578397212,0,Быстрый класс (gamma/electron-like),False
381,48168200511202,335.0,100,3309.0,2157.0,1152.0,0.34814143245693563,1,Медленный класс (neutron/proton-like),False
382,48229127561849,12171.0,104,87791.0,77883.0,9908.0,0.11285894909500974,0,Быстрый класс (gamma/electron-like),False
383,48233755276718,4540.0,104,50702.0,34970.0,15732.0,0.31028361800323456,1,Медленный класс (neutron/proton-like),False
384,48301231969775,5086.0,104,50570.0,33798.0,16772.0,0.33165908641487046,1,Медленный класс (neutron/proton-like),False
385,48339102071983,2878.0,104,21745.0,18465.0,3280.0,0.15083927339618303,0,Быстрый класс (gamma/electron-like),False
386,48508817454248,723.0,102,5948.0,4985.0,963.0,0.16190316072629454,0,Быстрый класс (gamma/electron-like),False
387,48637364217666,3465.0,104,24920.0,21691.0,3229.0,0.12957463884430176,0,Быстрый класс (gamma/electron-like),False
388,48874008217573,2486.0,104,30670.0,19967.0,10703.0,0.34897293772416044,1,Медленный класс (neutron/proton-like),False
389,49047133759225,354.0,101,4141.0,2429.0,1712.0,0.41342670852451097,1,Медленный класс (neutron/proton-like),False
390,49094525583295,1424.0,104,16969.0,10850.0,6119.0,0.3605987388767753,1,Медленный класс (neutron/proton-like),False
391,49337639347873,1635.0,103,21278.0,13416.0,7862.0,0.36948961368549676,1,Медленный класс (neutron/proton-like),False
392,49499878013647,1330.0,103,10205.0,8656.0,1549.0,0.15178833904948555,0,Быстрый класс (gamma/electron-like),False
393,49594377593232,396.0,101,3469.0,2547.0,922.0,0.2657826462957625,1,Медленный класс (neutron/proton-like),False
394,49661480388616,791.0,102,9997.0,6129.0,3868.0,0.3869160748224467,1,Медленный класс (neutron/proton-like),False
395,49680714751423,3554.0,104,38683.0,25676.0,13007.0,0.336245896130083,1,Медленный класс (neutron/proton-like),False
396,49871519124889,813.0,103,11199.0,6410.0,4789.0,0.4276274667381016,1,Медленный класс (neutron/proton-like),False
397,50034450303951,1324.0,103,16433.0,9933.0,6500.0,0.3955455485912493,1,Медленный класс (neutron/proton-like),False
398,50334471452447,692.0,103,7802.0,5101.0,2701.0,0.3461932837733914,1,Медленный класс (neutron/proton-like),False
399,50666467832643,15380.0,103,246318.0,172861.0,73457.0,0.2982201869128525,-1,Исключён: насыщение,True
400,50679101354470,1519.0,102,19660.0,11819.0,7841.0,0.3988301119023398,1,Медленный класс (neutron/proton-like),False
401,50702552758959,451.0,101,6791.0,3624.0,3167.0,0.46635252540126637,1,Медленный класс (neutron/proton-like),False
402,50744955336999,1513.0,102,16597.0,10093.0,6504.0,0.3918780502500452,1,Медленный класс (neutron/proton-like),False
403,50889455076461,3997.0,104,47498.0,33201.0,14297.0,0.30100214745884035,1,Медленный класс (neutron/proton-like),False
404,50918600060439,634.0,103,8027.0,5094.0,2933.0,0.36539180266600224,1,Медленный класс (neutron/proton-like),False
405,51067960420076,1210.0,102,9185.0,7711.0,1474.0,0.16047904191616766,0,Быстрый класс (gamma/electron-like),False
406,51251022471444,706.0,103,6330.0,5108.0,1222.0,0.19304897314375988,0,Быстрый класс (gamma/electron-like),False
407,51357092808002,3127.0,103,33217.0,22824.0,10393.0,0.312881958033537,1,Медленный класс (neutron/proton-like),False
408,51466842677560,412.0,101,5038.0,2980.0,2058.0,0.40849543469630806,1,Медленный класс (neutron/proton-like),False
409,51504615730898,535.0,101,5973.0,3269.0,2704.0,0.4527038339193035,1,Медленный класс (neutron/proton-like),False
410,51531309581424,1040.0,104,13260.0,8103.0,5157.0,0.3889140271493213,1,Медленный класс (neutron/proton-like),False
411,51553225081724,693.0,102,5018.0,4086.0,932.0,0.18573136707851734,0,Быстрый класс (gamma/electron-like),False
412,51594067151502,652.0,102,5769.0,4625.0,1144.0,0.19830126538394868,0,Быстрый класс (gamma/electron-like),False
413,51710447150679,555.0,102,4458.0,3435.0,1023.0,0.2294751009421265,0,Быстрый класс (gamma/electron-like),False
414,51812856198420,358.0,100,2784.0,2155.0,629.0,0.22593390804597702,0,Быстрый класс (gamma/electron-like),False
415,51829217752001,5360.0,104,56390.0,37997.0,18393.0,0.3261748536974641,1,Медленный класс (neutron/proton-like),False
416,51997599564975,545.0,101,4885.0,3806.0,1079.0,0.22088024564994882,0,Быстрый класс (gamma/electron-like),False
417,52144680173643,661.0,102,5683.0,4222.0,1461.0,0.25708252683441846,1,Медленный класс (neutron/proton-like),False
418,52192853720979,1897.0,103,14358.0,12394.0,1964.0,0.1367878534614849,0,Быстрый класс (gamma/electron-like),False
419,52382279755740,494.0,102,7227.0,4154.0,3073.0,0.42521101425211016,1,Медленный класс (neutron/proton-like),False
420,52505149376553,607.0,102,7146.0,4148.0,2998.0,0.4195354044220543,1,Медленный класс (neutron/proton-like),False
421,52561360193839,3294.0,104,35230.0,23422.0,11808.0,0.33516889015044,1,Медленный класс (neutron/proton-like),False
422,52821434347362,610.5,103,5210.0,4348.5,861.5,0.16535508637236085,0,Быстрый класс (gamma/electron-like),False
423,52832216823616,898.0,104,7484.0,5931.0,1553.0,0.20750935328701228,0,Быстрый класс (gamma/electron-like),False
424,52849317106764,2822.0,104,21312.0,18519.0,2793.0,0.13105292792792791,0,Быстрый класс (gamma/electron-like),False
425,52850080830349,420.0,102,3785.0,2810.0,975.0,0.2575957727873184,1,Медленный класс (neutron/proton-like),False
426,52893355148205,12940.0,104,94917.0,85537.0,9380.0,0.09882318235932447,0,Быстрый класс (gamma/electron-like),False
427,53001086687429,399.0,101,2864.0,2262.0,602.0,0.210195530726257,0,Быстрый класс (gamma/electron-like),False
428,53027151224843,1209.0,103,14034.0,7930.0,6104.0,0.43494370813738065,1,Медленный класс (neutron/proton-like),False
429,53064941960310,561.0,102,4462.0,3413.0,1049.0,0.23509636934110265,0,Быстрый класс (gamma/electron-like),False
430,53082737968948,1047.0,102,13312.0,8220.0,5092.0,0.3825120192307692,1,Медленный класс (neutron/proton-like),False
431,53264228309819,611.0,102,5013.0,3904.0,1109.0,0.22122481547975265,0,Быстрый класс (gamma/electron-like),False
432,53354762102441,732.0,101,8203.0,4526.0,3677.0,0.4482506400097525,1,Медленный класс (neutron/proton-like),False
433,53377415827135,5946.0,104,64929.0,43703.0,21226.0,0.32691093348118716,1,Медленный класс (neutron/proton-like),False
434,53472688614763,987.0,103,11408.0,7262.0,4146.0,0.3634291725105189,1,Медленный класс (neutron/proton-like),False
435,53615911546218,420.0,101,5353.0,3214.0,2139.0,0.3995890155053241,1,Медленный класс (neutron/proton-like),False
436,53706031727709,849.0,104,10913.0,6485.0,4428.0,0.40575460460001833,1,Медленный класс (neutron/proton-like),False
437,53821231682029,4773.0,103,49810.0,33422.0,16388.0,0.3290102389078498,1,Медленный класс (neutron/proton-like),False
438,53840132103108,437.0,101,3427.0,2406.0,1021.0,0.29792821709950396,1,Медленный класс (neutron/proton-like),False
439,54055634711740,1083.0,102,14003.0,8343.0,5660.0,0.40419910019281585,1,Медленный класс (neutron/proton-like),False
440,54076352914474,8771.0,104,66320.0,59212.0,7108.0,0.1071773220747889,0,Быстрый класс (gamma/electron-like),False
441,54315069429269,1772.5,103,13843.5,11895.5,1948.0,0.1407158594286127,0,Быстрый класс (gamma/electron-like),False
442,54315191589678,334.5,102,3160.5,2487.5,673.0,0.2129409903496282,0,Быстрый класс (gamma/electron-like),False
443,54347966607194,671.0,103,8379.0,5502.0,2877.0,0.3433583959899749,1,Медленный класс (neutron/proton-like),False
444,54790831613796,363.0,101,4843.0,2450.0,2393.0,0.4941152178401817,1,Медленный класс (neutron/proton-like),False
445,55238701710624,330.0,100,3194.0,2322.0,872.0,0.27301189730745146,1,Медленный класс (neutron/proton-like),False
446,55245727223498,327.5,101,4516.0,2433.5,2082.5,0.4611381753764393,1,Медленный класс (neutron/proton-like),False
447,55338437996154,615.0,101,4660.0,3822.0,838.0,0.17982832618025751,0,Быстрый класс (gamma/electron-like),False
448,55402645990339,784.0,102,6147.0,4832.0,1315.0,0.21392549210997233,0,Быстрый класс (gamma/electron-like),False
449,55414649251764,634.0,103,5704.0,4628.0,1076.0,0.18863955119214587,0,Быстрый класс (gamma/electron-like),False
450,55582305627815,4167.0,104,44584.0,29677.0,14907.0,0.3343576170823614,1,Медленный класс (neutron/proton-like),False
451,55640989800060,1064.0,102,12090.0,7511.0,4579.0,0.37874276261373035,1,Медленный класс (neutron/proton-like),False
452,55705412748331,1945.0,103,15634.0,13476.0,2158.0,0.1380324932838685,0,Быстрый класс (gamma/electron-like),False
453,55779303275475,650.5,103,5103.0,4204.5,898.5,0.17607289829512052,0,Быстрый класс (gamma/electron-like),False
454,55793413576058,4135.0,103,46906.0,30260.0,16646.0,0.3548799727113802,1,Медленный класс (neutron/proton-like),False
455,56106329541530,548.0,103,6891.0,4221.0,2670.0,0.3874619068350022,1,Медленный класс (neutron/proton-like),False
456,56297749806669,675.0,102,5543.0,4517.0,1026.0,0.1850983222081905,0,Быстрый класс (gamma/electron-like),False
457,56560609251710,1060.0,103,12476.0,7792.0,4684.0,0.37544084642513625,1,Медленный класс (neutron/proton-like),False
458,56917996576416,938.0,103,10957.0,6616.0,4341.0,0.39618508715889383,1,Медленный класс (neutron/proton-like),False
459,56968861670423,1896.0,103,13786.0,12293.0,1493.0,0.10829827361090962,0,Быстрый класс (gamma/electron-like),False
460,56986860771517,4368.0,104,47741.0,32747.0,14994.0,0.3140696675813242,1,Медленный класс (neutron/proton-like),False
461,57028547327929,2863.0,103,32554.0,20956.0,11598.0,0.356269582846962,1,Медленный класс (neutron/proton-like),False
462,57057133120162,534.0,101,6982.0,4048.0,2934.0,0.42022343168146664,1,Медленный класс (neutron/proton-like),False
463,57114943293041,1294.0,103,16175.0,9845.0,6330.0,0.3913446676970634,1,Медленный класс (neutron/proton-like),False
464,57168661905088,3036.0,104,34230.0,22630.0,11600.0,0.33888401986561495,1,Медленный класс (neutron/proton-like),False
465,57214123002113,2553.0,103,29398.0,18958.0,10440.0,0.3551261990611606,1,Медленный класс (neutron/proton-like),False
466,57247542434191,1267.0,102,8793.0,7514.0,1279.0,0.14545661321505743,0,Быстрый класс (gamma/electron-like),False
467,57602840938428,1840.0,103,14031.0,12190.0,1841.0,0.13120946475661036,0,Быстрый класс (gamma/electron-like),False
468,57631620974054,5210.0,103,57466.0,38497.0,18969.0,0.330090836320607,1,Медленный класс (neutron/proton-like),False
469,57774796901389,458.0,102,4114.0,3244.0,870.0,0.21147301895964998,0,Быстрый класс (gamma/electron-like),False
470,58211279972291,872.0,102,10341.0,6612.0,3729.0,0.36060342326660866,1,Медленный класс (neutron/proton-like),False
471,58429350629663,588.0,103,7088.0,4402.0,2686.0,0.37895033860045146,1,Медленный класс (neutron/proton-like),False
472,58815056521780,1498.5,103,10128.5,8894.5,1234.0,0.12183442760527226,0,Быстрый класс (gamma/electron-like),False
473,58828222454619,2196.0,103,17051.0,15148.0,1903.0,0.11160635739839306,0,Быстрый класс (gamma/electron-like),False
474,59012672676289,2867.0,103,31598.0,21331.0,10267.0,0.32492562820431675,1,Медленный класс (neutron/proton-like),False
475,59217267381053,558.5,102,6556.5,4179.5,2377.0,0.3625409898573934,1,Медленный класс (neutron/proton-like),False
476,59445980948110,3450.5,103,35711.0,23768.5,11942.5,0.3344207667105374,1,Медленный класс (neutron/proton-like),False
477,59641307200656,899.0,102,11739.0,7288.0,4451.0,0.379163472186728,1,Медленный класс (neutron/proton-like),False
478,59729773975023,525.0,101,5368.0,3246.0,2122.0,0.39530551415797316,1,Медленный класс (neutron/proton-like),False
479,59911568200667,3061.0,103,35225.0,22661.0,12564.0,0.35667849538679913,1,Медленный класс (neutron/proton-like),False
480,60053790200037,801.0,102,10245.0,6446.0,3799.0,0.3708150317227916,1,Медленный класс (neutron/proton-like),False
481,60118459764178,429.5,100,3781.0,2779.0,1002.0,0.26500925681036763,1,Медленный класс (neutron/proton-like),False
482,60126203675807,2072.5,103,20946.5,13514.5,7432.0,0.3548086792542907,1,Медленный класс (neutron/proton-like),False
483,60398388192502,15379.0,103,241155.0,173272.0,67883.0,0.281491157139599,-1,Исключён: насыщение,True
484,60488077322729,15380.0,103,212203.0,166460.0,45743.0,0.21556245670419363,-1,Исключён: насыщение,True
485,60645162622563,2552.0,103,26457.0,17690.0,8767.0,0.3313678799561553,1,Медленный класс (neutron/proton-like),False
486,60682361410082,4632.5,104,52410.5,35600.5,16810.0,0.32073725684738746,1,Медленный класс (neutron/proton-like),False
487,60693910386316,2322.0,103,26059.0,17399.0,8660.0,0.3323228059403661,1,Медленный класс (neutron/proton-like),False
488,60851842673483,440.0,102,4910.0,2843.0,2067.0,0.4209775967413442,1,Медленный класс (neutron/proton-like),False
489,60856687745030,321.0,100,2781.0,2054.0,727.0,0.2614167565623876,1,Медленный класс (neutron/proton-like),False
490,60938478004255,552.0,101,6334.0,3912.0,2422.0,0.3823808020208399,1,Медленный класс (neutron/proton-like),False
491,60987142710232,831.0,102,10532.0,6369.0,4163.0,0.39527155336118497,1,Медленный класс (neutron/proton-like),False
492,61045151233917,5088.0,104,50996.0,35164.0,15832.0,0.3104557220174131,1,Медленный класс (neutron/proton-like),False
493,61463604445507,657.0,102,5426.0,4454.0,972.0,0.1791374861776631,0,Быстрый класс (gamma/electron-like),False
494,61527195279479,3277.0,103,24994.0,22079.0,2915.0,0.11662799071777226,0,Быстрый класс (gamma/electron-like),False
495,61615317988690,675.0,101,5152.0,4104.0,1048.0,0.20341614906832298,0,Быстрый класс (gamma/electron-like),False
496,61759155153284,4086.0,104,45729.0,30903.0,14826.0,0.32421439349209474,1,Медленный класс (neutron/proton-like),False
497,61777638775194,751.0,103,5594.0,4421.0,1173.0,0.20968895244905256,0,Быстрый класс (gamma/electron-like),False
498,61828306680251,4867.0,104,52929.0,36406.0,16523.0,0.31217291088061366,1,Медленный класс (neutron/proton-like),False
499,62100320460546,369.5,101,4225.0,2585.5,1639.5,0.38804733727810653,1,Медленный класс (neutron/proton-like),False
500,62156561332149,12311.0,104,95832.0,86800.0,9032.0,0.09424826780198681,0,Быстрый класс (gamma/electron-like),False
501,62199848606117,4363.5,104,45773.0,31391.5,14381.5,0.3141917724422695,1,Медленный класс (neutron/proton-like),False
502,62323865818741,776.0,102,6590.0,5608.0,982.0,0.14901365705614567,0,Быстрый класс (gamma/electron-like),False
503,62488472394893,10844.0,104,74326.0,65786.0,8540.0,0.11489922772650217,0,Быстрый класс (gamma/electron-like),False
504,62791281466120,15380.0,104,114420.0,103072.0,11348.0,0.09917846530326865,-1,Исключён: насыщение,True
505,63006678447041,1147.0,104,9140.0,7871.0,1269.0,0.1388402625820569,0,Быстрый класс (gamma/electron-like),False
506,63063760545410,1963.0,104,14077.0,12414.0,1663.0,0.11813596647012858,0,Быстрый класс (gamma/electron-like),False
507,63320579172287,3915.0,104,29011.0,26503.0,2508.0,0.08644996725380029,0,Быстрый класс (gamma/electron-like),False
508,63376722535132,524.0,101,3771.0,3065.0,706.0,0.18721824449748078,0,Быстрый класс (gamma/electron-like),False
509,63425645612342,1224.0,104,15369.0,9851.0,5518.0,0.3590344199362353,1,Медленный класс (neutron/proton-like),False
510,63474986354506,864.0,102,6255.0,5295.0,960.0,0.15347721822541965,0,Быстрый класс (gamma/electron-like),False
511,63890424385385,2578.0,103,30618.0,19007.0,11611.0,0.37922137304853354,1,Медленный класс (neutron/proton-like),False
512,63948735446900,732.0,101,8457.0,4924.0,3533.0,0.4177604351424855,1,Медленный класс (neutron/proton-like),False
513,63981521895187,484.0,102,6749.0,3674.0,3075.0,0.455623055267447,1,Медленный класс (neutron/proton-like),False
514,64179459920740,1526.0,103,13006.0,11281.0,1725.0,0.13263109334153467,0,Быстрый класс (gamma/electron-like),False
515,64282159808450,5523.0,104,59043.0,40478.0,18565.0,0.314431854749928,1,Медленный класс (neutron/proton-like),False
516,64321714691444,15380.0,104,127207.0,113204.0,14003.0,0.1100804201026673,-1,Исключён: насыщение,True
517,64516743894143,581.0,101,8218.0,5030.0,3188.0,0.3879289364808956,1,Медленный класс (neutron/proton-like),False
518,64625467140947,1151.0,102,9575.0,7346.0,2229.0,0.23279373368146214,0,Быстрый класс (gamma/electron-like),False
519,64652468868595,4620.0,104,49746.0,32869.0,16877.0,0.339263458368512,1,Медленный класс (neutron/proton-like),False
520,64720857937756,773.5,103,6786.5,5498.5,1288.0,0.18978855079938112,0,Быстрый класс (gamma/electron-like),False
521,64735156714318,3087.0,103,22987.0,20069.0,2918.0,0.12694131465610997,0,Быстрый класс (gamma/electron-like),False
522,64783252554175,3536.0,103,25829.0,22327.0,3502.0,0.13558403345077238,0,Быстрый класс (gamma/electron-like),False
523,64859311782475,1625.0,103,12266.0,10578.0,1688.0,0.13761617479210828,0,Быстрый класс (gamma/electron-like),False
524,64966850989033,1211.0,103,10719.0,8978.0,1741.0,0.16242186771154027,0,Быстрый класс (gamma/electron-like),False
525,64992877510010,1127.0,102,13466.0,8247.0,5219.0,0.38756869151938217,1,Медленный класс (neutron/proton-like),False
526,65336175906952,10828.5,104,76927.5,69363.5,7564.0,0.09832634623509148,0,Быстрый класс (gamma/electron-like),False
527,65381210628085,468.0,100,3819.0,2897.0,922.0,0.2414244566640482,1,Медленный класс (neutron/proton-like),False
528,65482136148558,4906.0,104,37150.0,32664.0,4486.0,0.12075370121130552,0,Быстрый класс (gamma/electron-like),False
529,65943091948913,393.0,101,4430.0,2683.0,1747.0,0.3943566591422122,1,Медленный класс (neutron/proton-like),False
530,65951873608311,760.0,102,9955.0,6140.0,3815.0,0.3832245102963335,1,Медленный класс (neutron/proton-like),False
531,66096574085351,813.5,103,6055.0,4999.5,1055.5,0.17431874483897605,0,Быстрый класс (gamma/electron-like),False
532,66253065345326,410.0,102,5067.0,3177.0,1890.0,0.37300177619893427,1,Медленный класс (neutron/proton-like),False
533,66486465282535,5021.0,104,53315.0,37031.0,16284.0,0.3054299915595986,1,Медленный класс (neutron/proton-like),False
534,66489777130370,2314.0,103,25764.0,16539.0,9225.0,0.3580577550069865,1,Медленный класс (neutron/proton-like),False
535,66493098005357,4542.0,104,46869.0,31106.0,15763.0,0.3363203823422731,1,Медленный класс (neutron/proton-like),False
536,66669256844622,4630.5,103,51169.0,33943.5,17225.5,0.33663937149445955,1,Медленный класс (neutron/proton-like),False
537,66749283493162,3998.0,104,45774.0,29988.0,15786.0,0.3448682658277625,1,Медленный класс (neutron/proton-like),False
538,66786166219952,488.0,102,6568.0,3697.0,2871.0,0.43711936662606576,1,Медленный класс (neutron/proton-like),False
539,66882214301893,1798.0,104,13262.0,11525.0,1737.0,0.13097572010254863,0,Быстрый класс (gamma/electron-like),False
540,66914644898671,3145.0,104,35270.0,24332.0,10938.0,0.3101219166430394,1,Медленный класс (neutron/proton-like),False
541,67206359650717,12180.0,104,87562.0,78130.0,9432.0,0.10771795984559512,0,Быстрый класс (gamma/electron-like),False
542,67221549061417,2703.5,104,30325.5,19851.5,10474.0,0.34538589635785066,1,Медленный класс (neutron/proton-like),False
543,67428413025916,2773.0,105,30713.0,20665.0,10048.0,0.3271578810275779,1,Медленный класс (neutron/proton-like),False
544,67586217352037,1676.5,104,19784.5,12932.5,6852.0,0.346331724329652,1,Медленный класс (neutron/proton-like),False
545,67627958566277,6957.0,104,50769.0,45058.0,5711.0,0.11248990525714511,0,Быстрый класс (gamma/electron-like),False
546,67634892412041,7189.0,103,51607.0,45618.0,5989.0,0.11605014823570446,0,Быстрый класс (gamma/electron-like),False
547,68080253426406,15381.0,102,264826.0,159513.0,105313.0,0.3976686579112323,-1,Исключён: насыщение,True
548,68245351539031,884.0,102,6773.0,5407.0,1366.0,0.20168315369850878,0,Быстрый класс (gamma/electron-like),False
549,68388187484845,799.0,103,7709.0,5995.0,1714.0,0.22233752756518355,0,Быстрый класс (gamma/electron-like),False
550,68433650211542,1841.0,104,14945.0,12775.0,2170.0,0.1451990632318501,0,Быстрый класс (gamma/electron-like),False
551,68667676677573,2207.0,104,23588.0,15273.0,8315.0,0.35250975072070545,1,Медленный класс (neutron/proton-like),False
552,68694331345046,3637.0,103,28199.0,24287.0,3912.0,0.13872832369942195,0,Быстрый класс (gamma/electron-like),False
553,68709661925947,3932.5,105,44713.0,31043.5,13669.5,0.3057164583007179,1,Медленный класс (neutron/proton-like),False
554,68856031445253,9480.0,104,70208.0,63418.0,6790.0,0.09671262534184139,0,Быстрый класс (gamma/electron-like),False
555,69020146682956,3053.0,104,33060.0,22501.0,10559.0,0.3193889897156685,1,Медленный класс (neutron/proton-like),False
556,69246974878460,1819.5,103,23065.5,14791.5,8274.0,0.35871756519477144,1,Медленный класс (neutron/proton-like),False
557,69276277499221,2544.0,103,17469.0,15326.0,2143.0,0.12267445188619841,0,Быстрый класс (gamma/electron-like),False
558,69404205940042,15381.0,102,243160.0,165984.0,77176.0,0.3173877282447771,-1,Исключён: насыщение,True
559,69439392756827,905.5,102,7028.0,5870.5,1157.5,0.16469834945930564,0,Быстрый класс (gamma/electron-like),False
560,69587316859202,5014.0,104,51324.0,35327.0,15997.0,0.31168654040994465,1,Медленный класс (neutron/proton-like),False
561,69871661996340,3713.0,104,42599.0,28371.0,14228.0,0.33399845066785605,1,Медленный класс (neutron/proton-like),False
562,69905415506185,463.0,100,3870.0,3073.0,797.0,0.20594315245478037,0,Быстрый класс (gamma/electron-like),False
563,70229026270783,3079.5,104,25222.5,21690.5,3532.0,0.14003370006938248,0,Быстрый класс (gamma/electron-like),False
564,70317651033968,302.0,100,2773.0,1992.0,781.0,0.28164442841687704,1,Медленный класс (neutron/proton-like),False
565,70491511556295,2380.5,103,18304.0,16141.5,2162.5,0.11814357517482517,0,Быстрый класс (gamma/electron-like),False
566,70519732425850,748.5,102,10760.0,6249.5,4510.5,0.41919144981412637,1,Медленный класс (neutron/proton-like),False
567,70616793901537,546.0,102,6264.0,3755.0,2509.0,0.40054278416347383,1,Медленный класс (neutron/proton-like),False
568,70815177729084,600.0,102,4537.0,3667.0,870.0,0.19175666740136654,0,Быстрый класс (gamma/electron-like),False
569,70836805012031,2591.0,103,27241.0,18853.0,8388.0,0.3079182115194009,1,Медленный класс (neutron/proton-like),False
570,70919936694753,1774.0,103,20709.0,13208.0,7501.0,0.36220966729441306,1,Медленный класс (neutron/proton-like),False
571,71058963017655,309.0,100,2816.0,2236.0,580.0,0.2059659090909091,0,Быстрый класс (gamma/electron-like),False
572,71115651878228,1691.0,103,19282.0,12231.0,7051.0,0.3656778342495592,1,Медленный класс (neutron/proton-like),False
573,71483525212746,8573.5,104,62334.5,54864.5,7470.0,0.1198373292478483,0,Быстрый класс (gamma/electron-like),False
574,71576045525116,550.0,104,7402.0,4495.0,2907.0,0.3927316941367198,1,Медленный класс (neutron/proton-like),False
575,71625015942945,552.5,102,4427.5,3292.5,1135.0,0.256352343308865,1,Медленный класс (neutron/proton-like),False
576,71729888249097,1551.0,103,11438.0,10109.0,1329.0,0.11619164189543627,0,Быстрый класс (gamma/electron-like),False
577,72136594835623,1327.0,103,9311.0,8021.0,1290.0,0.13854580603587155,0,Быстрый класс (gamma/electron-like),False
578,72158329851510,3219.0,104,38373.0,24687.0,13686.0,0.3566570244703307,1,Медленный класс (neutron/proton-like),False
579,72344546578591,5006.0,104,53651.0,36803.0,16848.0,0.31402956142476374,1,Медленный класс (neutron/proton-like),False
580,72410894425701,313.0,100,2206.0,1695.0,511.0,0.23164097914777879,0,Быстрый класс (gamma/electron-like),False
581,72540675107366,691.0,102,6089.0,4984.0,1105.0,0.18147479060601085,0,Быстрый класс (gamma/electron-like),False
582,72577943785296,336.0,100,3153.0,2400.0,753.0,0.23882017126546146,0,Быстрый класс (gamma/electron-like),False
583,72599660490054,1936.0,102,16078.0,13516.0,2562.0,0.15934817763403408,0,Быстрый класс (gamma/electron-like),False
584,72638656618242,2640.0,103,19656.0,17073.0,2583.0,0.13141025641025642,0,Быстрый класс (gamma/electron-like),False
585,72670490633655,5374.0,104,42004.0,37141.0,4863.0,0.11577468812494048,0,Быстрый класс (gamma/electron-like),False
586,72788157287249,939.0,103,6829.0,5918.0,911.0,0.13340166935129594,0,Быстрый класс (gamma/electron-like),False
587,72872210868791,881.0,103,11340.0,6587.0,4753.0,0.4191358024691358,1,Медленный класс (neutron/proton-like),False
588,72962742480258,11534.0,104,89173.0,79421.0,9752.0,0.10936045664046291,0,Быстрый класс (gamma/electron-like),False
589,72991105252650,15381.0,103,149246.0,128740.0,20506.0,0.13739731718103,-1,Исключён: насыщение,True
590,72995321213718,348.0,101,3073.0,2121.0,952.0,0.3097949886104784,1,Медленный класс (neutron/proton-like),False
591,73054719535303,552.0,102,4068.0,3061.0,1007.0,0.2475417895771878,1,Медленный класс (neutron/proton-like),False
592,73094078263890,526.0,103,4694.0,3687.0,1007.0,0.21452918619514275,0,Быстрый класс (gamma/electron-like),False
593,73180599816799,600.0,102,4790.0,3840.0,950.0,0.19832985386221294,0,Быстрый класс (gamma/electron-like),False
594,73490592605982,1439.0,104,16451.0,11128.0,5323.0,0.32356695641602334,1,Медленный класс (neutron/proton-like),False
595,73570624276000,338.0,100,4515.0,2249.0,2266.0,0.5018826135105204,1,Медленный класс (neutron/proton-like),False
596,73592758018042,11832.0,104,89353.0,80886.0,8467.0,0.09475898962541829,0,Быстрый класс (gamma/electron-like),False
597,73815600284550,1797.0,103,21521.0,13649.0,7872.0,0.3657822591886994,1,Медленный класс (neutron/proton-like),False
598,73984916443717,1112.0,103,8502.0,6920.0,1582.0,0.18607386497294753,0,Быстрый класс (gamma/electron-like),False
599,74016998642194,1105.5,103,13690.5,8787.5,4903.0,0.3581315510755633,1,Медленный класс (neutron/proton-like),False
600,74099831939287,549.0,103,4358.0,3439.0,919.0,0.21087654887563104,0,Быстрый класс (gamma/electron-like),False
601,74239376400020,15382.0,102,182962.0,151122.0,31840.0,0.17402520742012004,-1,Исключён: насыщение,True
602,74277363268157,3940.0,104,42093.0,28727.0,13366.0,0.317534982063526,1,Медленный класс (neutron/proton-like),False
603,74423700767428,355.0,101,3227.0,2382.0,845.0,0.2618531143476914,1,Медленный класс (neutron/proton-like),False
604,74426570615527,5534.0,105,43471.0,39143.0,4328.0,0.09956062662464632,0,Быстрый класс (gamma/electron-like),False
605,74538347852123,4203.5,103,48422.0,32010.5,16411.5,0.3389265210028499,1,Медленный класс (neutron/proton-like),False
606,74547954522494,1136.5,103,8995.5,7760.5,1235.0,0.13729086765605025,0,Быстрый класс (gamma/electron-like),False
607,74680039304485,3376.0,103,26529.0,23044.0,3485.0,0.1313656752987297,0,Быстрый класс (gamma/electron-like),False
608,74802220827053,510.0,102,3619.0,2913.0,706.0,0.1950815142304504,0,Быстрый класс (gamma/electron-like),False
609,74869956225858,1196.0,102,16399.0,9481.0,6918.0,0.42185499115799746,1,Медленный класс (neutron/proton-like),False
610,75063137159475,1035.5,103,8091.5,6886.5,1205.0,0.14892170796514861,0,Быстрый класс (gamma/electron-like),False
611,75084570808311,5378.0,104,61791.0,41719.0,20072.0,0.32483695036493987,1,Медленный класс (neutron/proton-like),False
612,75087803052438,6029.0,104,61654.0,42979.0,18675.0,0.3029000551464625,1,Медленный класс (neutron/proton-like),False
613,75250097219562,637.0,101,6120.0,4616.0,1504.0,0.2457516339869281,1,Медленный класс (neutron/proton-like),False
614,75358213742486,1736.0,103,19955.0,13573.0,6382.0,0.3198195940866951,1,Медленный класс (neutron/proton-like),False
615,75396314806132,2690.0,102,20012.0,17214.0,2798.0,0.13981611033379973,0,Быстрый класс (gamma/electron-like),False
616,76168719472921,734.5,102,8883.0,5640.5,3242.5,0.36502307778903526,1,Медленный класс (neutron/proton-like),False
617,76200354892350,2120.0,103,17524.0,14751.0,2773.0,0.15824012782469757,0,Быстрый класс (gamma/electron-like),False
618,76353809599428,787.0,103,6267.0,5013.0,1254.0,0.20009573958831978,0,Быстрый класс (gamma/electron-like),False
619,76590497874862,15379.5,103,194511.0,160004.5,34506.5,0.17740127807681827,-1,Исключён: насыщение,True
620,76617425964121,10172.0,104,75977.0,68173.0,7804.0,0.1027152954183503,0,Быстрый класс (gamma/electron-like),False
621,76656410047382,723.0,104,6670.0,5269.0,1401.0,0.21004497751124437,0,Быстрый класс (gamma/electron-like),False
622,76699435298909,3896.0,104,41709.0,27455.0,14254.0,0.341748783236232,1,Медленный класс (neutron/proton-like),False
623,77093818369444,410.0,101,6400.0,3203.0,3197.0,0.49953125,1,Медленный класс (neutron/proton-like),False
624,77374367459026,1221.0,102,10648.0,8693.0,1955.0,0.18360255447032306,0,Быстрый класс (gamma/electron-like),False
625,77581432442721,1207.0,102,9153.0,7658.0,1495.0,0.16333442587129904,0,Быстрый класс (gamma/electron-like),False
626,77596359176823,1070.5,103,11714.0,7450.5,4263.5,0.3639661942974219,1,Медленный класс (neutron/proton-like),False
627,78021541261389,562.5,103,6743.5,4360.5,2383.0,0.3533773263142285,1,Медленный класс (neutron/proton-like),False
628,78334938002435,738.0,102,6770.0,5361.0,1409.0,0.20812407680945347,0,Быстрый класс (gamma/electron-like),False
629,78625464213760,964.0,103,7335.0,6370.0,965.0,0.13156100886162236,0,Быстрый класс (gamma/electron-like),False
630,78758398086358,724.0,102,6513.0,5104.0,1409.0,0.21633655765392293,0,Быстрый класс (gamma/electron-like),False
631,78879862939573,1808.0,103,12169.0,10182.0,1987.0,0.16328375380064097,0,Быстрый класс (gamma/electron-like),False
632,79054253214566,1065.0,102,8685.0,7380.0,1305.0,0.15025906735751296,0,Быстрый класс (gamma/electron-like),False
633,79172567532068,3938.0,103,39105.0,27765.0,11340.0,0.2899884925201381,1,Медленный класс (neutron/proton-like),False
634,79761398326131,2831.5,103,21623.5,19080.5,2543.0,0.11760353319305385,0,Быстрый класс (gamma/electron-like),False
635,79978422464834,563.0,104,5003.0,4016.0,987.0,0.19728163102138715,0,Быстрый класс (gamma/electron-like),False
636,80052210435221,854.0,102,9594.0,5856.0,3738.0,0.3896185115697311,1,Медленный класс (neutron/proton-like),False
637,80106228782062,3149.0,103,34810.0,22243.0,12567.0,0.3610169491525424,1,Медленный класс (neutron/proton-like),False
638,80176807182446,11272.0,104,83977.0,75151.0,8826.0,0.10510020600878812,0,Быстрый класс (gamma/electron-like),False
639,80240352158477,9267.0,104,70131.0,62458.0,7673.0,0.10940953358714406,0,Быстрый класс (gamma/electron-like),False
640,80383718426000,5226.5,103,52252.5,35749.5,16503.0,0.3158317783838094,1,Медленный класс (neutron/proton-like),False
641,81011466160640,4195.0,104,48223.0,32384.0,15839.0,0.3284532277129171,1,Медленный класс (neutron/proton-like),False
642,81157938948272,623.0,102,7828.0,4622.0,3206.0,0.40955544200306593,1,Медленный класс (neutron/proton-like),False
643,81397582079272,5812.0,104,45722.0,40691.0,5031.0,0.11003455666856218,0,Быстрый класс (gamma/electron-like),False
644,81726521211279,15382.0,103,173376.0,144917.0,28459.0,0.16414613325950536,-1,Исключён: насыщение,True
645,81777119041263,1792.0,103,19653.0,12780.0,6873.0,0.3497176003663563,1,Медленный класс (neutron/proton-like),False
646,81821907162004,4936.5,103,56585.0,37502.5,19082.5,0.3372360166121764,1,Медленный класс (neutron/proton-like),False
647,81852599232655,541.0,101,3948.0,3020.0,928.0,0.23505572441742653,0,Быстрый класс (gamma/electron-like),False
648,81941399462200,5156.0,103,39781.0,35546.0,4235.0,0.10645785676579271,0,Быстрый класс (gamma/electron-like),False
649,82021718665460,803.0,103,9860.0,6193.0,3667.0,0.37190669371196755,1,Медленный класс (neutron/proton-like),False
650,82122282415167,1162.0,104,14853.0,9466.0,5387.0,0.3626876725240692,1,Медленный класс (neutron/proton-like),False
651,82311667308014,594.0,101,4443.0,3444.0,999.0,0.22484807562457798,0,Быстрый класс (gamma/electron-like),False
652,82338920580663,500.0,101,5495.0,3380.0,2115.0,0.3848953594176524,1,Медленный класс (neutron/proton-like),False
653,82422453071827,410.0,102,3623.0,2768.0,855.0,0.2359922715981231,0,Быстрый класс (gamma/electron-like),False
654,82535344858468,1088.0,102,8859.0,7380.0,1479.0,0.166948865560447,0,Быстрый класс (gamma/electron-like),False
655,82759333331205,1579.5,102,13665.5,11122.5,2543.0,0.18608905638286194,0,Быстрый класс (gamma/electron-like),False
656,82832850626124,13126.5,104,94995.5,85272.5,9723.0,0.10235221668394819,0,Быстрый класс (gamma/electron-like),False
657,83062296446567,7276.0,104,53234.0,47587.0,5647.0,0.10607882180561296,0,Быстрый класс (gamma/electron-like),False
658,83381233898145,5726.5,103,44944.0,39582.5,5361.5,0.11929289782840868,0,Быстрый класс (gamma/electron-like),False
659,83765483911492,872.0,104,7400.0,6165.0,1235.0,0.16689189189189188,0,Быстрый класс (gamma/electron-like),False
660,83892497158998,1093.0,102,12712.0,7616.0,5096.0,0.4008810572687225,1,Медленный класс (neutron/proton-like),False
661,83971167514224,531.0,103,7618.0,4493.0,3125.0,0.410212654239958,1,Медленный класс (neutron/proton-like),False
662,84424269054498,326.0,100,3176.0,1696.0,1480.0,0.4659949622166247,1,Медленный класс (neutron/proton-like),False
663,84774465209062,3991.0,104,30905.0,27112.0,3793.0,0.12273094968451707,0,Быстрый класс (gamma/electron-like),False
664,84784901913014,2023.0,103,23182.0,14707.0,8475.0,0.36558536795789837,1,Медленный класс (neutron/proton-like),False
665,84992018762557,3080.0,103,23561.0,20281.0,3280.0,0.13921310640465176,0,Быстрый класс (gamma/electron-like),False
666,85409233137959,710.0,103,8356.0,4799.0,3557.0,0.4256821445667784,1,Медленный класс (neutron/proton-like),False
667,85513289370144,773.0,101,8915.0,5110.0,3805.0,0.42680874929893436,1,Медленный класс (neutron/proton-like),False
668,85657395238886,15381.0,103,269308.0,167261.0,102047.0,0.3789230175115481,-1,Исключён: насыщение,True
669,85851890193663,928.0,103,6270.0,5123.0,1147.0,0.18293460925039873,0,Быстрый класс (gamma/electron-like),False
670,86048955648162,2436.0,102,30378.0,18962.0,11416.0,0.37579827506748303,1,Медленный класс (neutron/proton-like),False
671,86384851942927,7070.0,104,55211.0,48714.0,6497.0,0.11767582546956222,0,Быстрый класс (gamma/electron-like),False
672,86439909159910,4178.0,104,46470.0,31958.0,14512.0,0.31228749731009253,1,Медленный класс (neutron/proton-like),False
673,86506003736847,4738.5,104,50855.5,34763.5,16092.0,0.31642595196193135,1,Медленный класс (neutron/proton-like),False
674,86734939393498,1361.0,103,10438.0,9042.0,1396.0,0.133742096187009,0,Быстрый класс (gamma/electron-like),False
675,86945722046646,473.0,101,4427.0,3336.0,1091.0,0.24644228597244183,1,Медленный класс (neutron/proton-like),False
676,87282683398681,1402.5,103,10090.0,8784.5,1305.5,0.12938553022794846,0,Быстрый класс (gamma/electron-like),False
677,87548776992475,716.0,103,10940.0,6269.0,4671.0,0.4269652650822669,1,Медленный класс (neutron/proton-like),False
678,87682078926183,2923.0,103,32537.0,21521.0,11016.0,0.33856839905338537,1,Медленный класс (neutron/proton-like),False
679,87867211324631,1619.0,105,19384.0,13150.0,6234.0,0.3216054477919934,1,Медленный класс (neutron/proton-like),False
680,88515527650744,980.0,102,12248.0,7741.0,4507.0,0.36797844546048336,1,Медленный класс (neutron/proton-like),False
681,88618824422101,2433.0,104,20370.0,18238.0,2132.0,0.10466372115856652,0,Быстрый класс (gamma/electron-like),False
682,88843659358609,3717.0,103,42131.0,27549.0,14582.0,0.3461109396881156,1,Медленный класс (neutron/proton-like),False
683,88996740974279,452.0,100,3142.0,2535.0,607.0,0.19318905155951624,0,Быстрый класс (gamma/electron-like),False
684,89147362025170,409.0,102,5283.0,3107.0,2176.0,0.41188718531137614,1,Медленный класс (neutron/proton-like),False
685,89360262239300,1896.0,103,21938.0,14239.0,7699.0,0.35094356823776096,1,Медленный класс (neutron/proton-like),False
686,89607437636890,5034.0,104,55357.0,37187.0,18170.0,0.3282331051176906,1,Медленный класс (neutron/proton-like),False
687,89841690654952,1439.0,120,29789.0,5624.0,24165.0,0.8112054785323441,1,Медленный класс (neutron/proton-like),False
688,89904212100451,4138.5,104,47369.5,31559.5,15810.0,0.333759064376867,1,Медленный класс (neutron/proton-like),False
689,89973983355534,957.0,102,7218.0,6153.0,1065.0,0.14754779717373234,0,Быстрый класс (gamma/electron-like),False
690,90221755512861,2804.0,104,31475.0,20162.0,11313.0,0.359428117553614,1,Медленный класс (neutron/proton-like),False
691,90337593872273,4660.0,104,52363.0,35814.0,16549.0,0.316043771365277,1,Медленный класс (neutron/proton-like),False
692,90412058668673,1056.0,102,11752.0,7202.0,4550.0,0.38716814159292035,1,Медленный класс (neutron/proton-like),False
693,90516323594046,576.0,102,4440.0,3595.0,845.0,0.19031531531531531,0,Быстрый класс (gamma/electron-like),False
694,90591509803984,732.0,102,5735.0,4556.0,1179.0,0.2055797733217088,0,Быстрый класс (gamma/electron-like),False
695,90610242447513,579.0,101,4053.0,2998.0,1055.0,0.2603010115963484,1,Медленный класс (neutron/proton-like),False
696,90725217397811,355.0,102,4724.0,2567.0,2157.0,0.45660457239627433,1,Медленный класс (neutron/proton-like),False
697,90735816115171,15381.5,103,294088.0,164295.5,129792.5,0.44133898696988655,-1,Исключён: насыщение,True
698,90766254149659,2918.5,104,31410.5,20675.5,10735.0,0.3417646965186801,1,Медленный класс (neutron/proton-like),False
699,90766547881549,1878.0,104,15395.0,13612.0,1783.0,0.11581682364404028,0,Быстрый класс (gamma/electron-like),False
700,90845965253377,862.0,102,7340.0,5876.0,1464.0,0.1994550408719346,0,Быстрый класс (gamma/electron-like),False
701,90851956543323,1087.5,103,8826.5,7597.5,1229.0,0.13923978927094544,0,Быстрый класс (gamma/electron-like),False
702,90886147630055,2126.0,103,24876.0,16322.0,8554.0,0.3438655732432867,1,Медленный класс (neutron/proton-like),False
703,90898346648426,4418.0,104,51482.0,33765.0,17717.0,0.34413969931238103,1,Медленный класс (neutron/proton-like),False
704,91143115954249,497.5,103,4306.5,3573.5,733.0,0.17020782538023918,0,Быстрый класс (gamma/electron-like),False
705,91250118231342,467.0,101,5204.0,3008.0,2196.0,0.42198308993082245,1,Медленный класс (neutron/proton-like),False
706,91286592460171,908.0,103,11007.0,7157.0,3850.0,0.34977741437267196,1,Медленный класс (neutron/proton-like),False
707,91343049936632,5568.0,104,60038.0,40925.0,19113.0,0.3183483793597388,1,Медленный класс (neutron/proton-like),False
708,91519260342807,15380.0,104,133882.0,118395.0,15487.0,0.11567649123855335,-1,Исключён: насыщение,True
709,91558820378605,6594.0,104,48749.0,44143.0,4606.0,0.09448398941516749,0,Быстрый класс (gamma/electron-like),False
710,91758118297397,672.0,104,8066.0,5399.0,2667.0,0.33064716092239027,1,Медленный класс (neutron/proton-like),False
711,92116526343558,4407.0,104,32313.0,29161.0,3152.0,0.09754587936743725,0,Быстрый класс (gamma/electron-like),False
712,92137572972998,880.0,105,11108.0,7320.0,3788.0,0.34101548433561396,1,Медленный класс (neutron/proton-like),False
713,93406023880362,802.0,102,7018.0,5700.0,1318.0,0.1878027928184668,0,Быстрый класс (gamma/electron-like),False
714,93443452596436,366.5,100,4447.0,2585.5,1861.5,0.41859680683606926,1,Медленный класс (neutron/proton-like),False
715,93489292117921,311.0,101,3193.0,2436.0,757.0,0.23708111493892892,0,Быстрый класс (gamma/electron-like),False
716,93555000961280,319.0,100,2882.0,2173.0,709.0,0.24600971547536432,1,Медленный класс (neutron/proton-like),False
717,93574082376001,431.5,102,4937.0,3270.5,1666.5,0.3375531699412599,1,Медленный класс (neutron/proton-like),False
718,93687217813205,1232.0,102,14636.0,8667.0,5969.0,0.4078300081989615,1,Медленный класс (neutron/proton-like),False
719,93787011026520,2731.0,103,29677.0,19712.0,9965.0,0.33578191865754625,1,Медленный класс (neutron/proton-like),False
720,93866047750719,4817.0,104,36821.0,32696.0,4125.0,0.11202846201895657,0,Быстрый класс (gamma/electron-like),False
721,93948484670440,3312.0,104,35942.0,24101.0,11841.0,0.3294474431027767,1,Медленный класс (neutron/proton-like),False
722,94165488944222,6964.0,104,54788.0,49022.0,5766.0,0.1052420238008323,0,Быстрый класс (gamma/electron-like),False
723,94205537588615,4105.0,104,44305.0,30700.0,13605.0,0.3070759507956213,1,Медленный класс (neutron/proton-like),False
724,94475661016732,355.0,101,4810.0,2769.0,2041.0,0.4243243243243243,1,Медленный класс (neutron/proton-like),False
725,94586813943550,844.0,103,6700.0,5594.0,1106.0,0.16507462686567165,0,Быстрый класс (gamma/electron-like),False
726,94693426545256,406.0,102,3102.0,2512.0,590.0,0.1901998710509349,0,Быстрый класс (gamma/electron-like),False
727,95246216277037,557.0,102,6667.0,4073.0,2594.0,0.38908054597270136,1,Медленный класс (neutron/proton-like),False
728,95299443599346,3646.0,104,40498.0,26662.0,13836.0,0.34164650106178085,1,Медленный класс (neutron/proton-like),False
729,95369757431666,7399.0,104,58716.0,52565.0,6151.0,0.10475849853532257,0,Быстрый класс (gamma/electron-like),False
730,95516395974606,2161.0,103,16067.0,13729.0,2338.0,0.1455156532022157,0,Быстрый класс (gamma/electron-like),False
731,95534354028200,15381.0,102,312261.0,159768.0,152493.0,0.48835109091433127,-1,Исключён: насыщение,True
732,95559040119062,2198.0,103,25862.0,16594.0,9268.0,0.3583636223029928,1,Медленный класс (neutron/proton-like),False
733,95615679838184,4371.0,103,51063.0,33385.0,17678.0,0.3461997924132934,1,Медленный класс (neutron/proton-like),False
734,95653440295064,589.0,101,7752.0,4250.0,3502.0,0.4517543859649123,1,Медленный класс (neutron/proton-like),False
735,95665663288154,511.0,101,7094.0,4203.0,2891.0,0.4075274880180434,1,Медленный класс (neutron/proton-like),False
736,95700769315034,2303.0,104,24739.0,16754.0,7985.0,0.32276971583329966,1,Медленный класс (neutron/proton-like),False
737,95961964029604,2537.0,104,19015.0,16517.0,2498.0,0.13136997107546675,0,Быстрый класс (gamma/electron-like),False
738,96160016422429,4378.0,104,34414.0,30570.0,3844.0,0.11169872726216075,0,Быстрый класс (gamma/electron-like),False
739,96325653896674,2283.5,102,23749.0,15918.5,7830.5,0.3297191460693082,1,Медленный класс (neutron/proton-like),False
740,96348895695435,474.0,102,6278.0,3905.0,2373.0,0.3779866199426569,1,Медленный класс (neutron/proton-like),False
741,96484906073206,3364.0,103,27053.0,23499.0,3554.0,0.13137175174657154,0,Быстрый класс (gamma/electron-like),False
742,96658305949576,322.0,100,3791.0,2175.0,1616.0,0.42627275125296754,1,Медленный класс (neutron/proton-like),False
743,96708852757046,741.5,102,9951.5,5710.5,4241.0,0.42616690951112896,1,Медленный класс (neutron/proton-like),False
744,96836481137686,304.0,100,3712.0,2292.0,1420.0,0.38254310344827586,1,Медленный класс (neutron/proton-like),False
745,97297634973249,509.0,102,5835.0,3454.0,2381.0,0.4080548414738646,1,Медленный класс (neutron/proton-like),False
746,97829588197373,1703.0,103,13026.0,11626.0,1400.0,0.10747735298633503,0,Быстрый класс (gamma/electron-like),False
747,98256840384909,741.0,102,8451.0,5441.0,3010.0,0.356170867352976,1,Медленный класс (neutron/proton-like),False
748,98639204705765,741.0,104,5854.0,4922.0,932.0,0.1592073795695251,0,Быстрый класс (gamma/electron-like),False
749,99067214409261,4357.0,105,34692.0,30484.0,4208.0,0.12129597601752565,0,Быстрый класс (gamma/electron-like),False
750,99098715341959,10276.0,105,79662.0,71792.0,7870.0,0.09879239788104742,0,Быстрый класс (gamma/electron-like),False
751,99225259256082,2477.0,102,18201.0,15840.0,2361.0,0.12971814735454096,0,Быстрый класс (gamma/electron-like),False
752,99612036544678,429.0,101,3386.0,2649.0,737.0,0.21766095688127585,0,Быстрый класс (gamma/electron-like),False
753,99665647777115,468.0,102,5366.0,3114.0,2252.0,0.4196794632873649,1,Медленный класс (neutron/proton-like),False
754,99704636783244,2683.0,104,33768.0,21898.0,11870.0,0.3515162283819,1,Медленный класс (neutron/proton-like),False
755,99857449876369,840.0,103,6653.0,5392.0,1261.0,0.18953855403577333,0,Быстрый класс (gamma/electron-like),False
756,99865676759795,309.0,100,2595.0,1777.0,818.0,0.3152215799614644,1,Медленный класс (neutron/proton-like),False
757,100116801008885,3780.0,104,29693.0,26563.0,3130.0,0.10541204997810932,0,Быстрый класс (gamma/electron-like),False
758,100206750122311,998.0,101,12064.0,7195.0,4869.0,0.4035974801061008,1,Медленный класс (neutron/proton-like),False
759,100325367727943,367.0,102,3084.0,2405.0,679.0,0.2201686121919585,0,Быстрый класс (gamma/electron-like),False
760,100627044826503,1127.0,103,9046.0,7885.0,1161.0,0.1283440194561132,0,Быстрый класс (gamma/electron-like),False
761,101059805128586,2383.5,104,28543.5,18927.5,9616.0,0.33688930929984057,1,Медленный класс (neutron/proton-like),False
762,101099493656258,2323.0,103,25211.0,16991.0,8220.0,0.3260481535837531,1,Медленный класс (neutron/proton-like),False
763,101138173998230,1171.0,103,9607.0,8116.0,1491.0,0.15519933381909023,0,Быстрый класс (gamma/electron-like),False
764,101619679112087,3790.0,103,38859.0,26510.0,12349.0,0.31778995856815667,1,Медленный класс (neutron/proton-like),False
765,102107301812269,1935.0,103,12661.0,11425.0,1236.0,0.0976226206460785,0,Быстрый класс (gamma/electron-like),False
766,102291170361865,431.0,101,4127.0,2971.0,1156.0,0.2801066149745578,1,Медленный класс (neutron/proton-like),False
767,102495835914936,331.0,100,2149.0,1623.0,526.0,0.2447650069799907,1,Медленный класс (neutron/proton-like),False
768,102552367232295,833.0,102,8791.0,6203.0,2588.0,0.29439199180980546,1,Медленный класс (neutron/proton-like),False
769,102964172782749,378.0,101,4946.0,2808.0,2138.0,0.4322684997978164,1,Медленный класс (neutron/proton-like),False
770,103272430284808,2954.0,103,38349.0,23484.0,14865.0,0.3876241883751858,1,Медленный класс (neutron/proton-like),False
771,103349029847101,1337.0,103,15764.0,9675.0,6089.0,0.3862598325298148,1,Медленный класс (neutron/proton-like),False
772,103469397391041,5670.0,104,61764.0,42402.0,19362.0,0.3134835826695162,1,Медленный класс (neutron/proton-like),False
773,103638749172175,1949.0,103,22109.0,14154.0,7955.0,0.35980822289565334,1,Медленный класс (neutron/proton-like),False
774,103665592595330,539.0,102,6850.0,3764.0,3086.0,0.4505109489051095,1,Медленный класс (neutron/proton-like),False
775,103700424046763,620.0,104,5474.0,4313.0,1161.0,0.21209353306540007,0,Быстрый класс (gamma/electron-like),False
776,103790863294116,3414.0,103,41022.0,26365.0,14657.0,0.3572960850275462,1,Медленный класс (neutron/proton-like),False
777,104165577958940,860.0,104,10437.0,6906.0,3531.0,0.33831560793331417,1,Медленный класс (neutron/proton-like),False
778,104174778564047,1798.5,102,12016.0,10180.5,1835.5,0.1527546604527297,0,Быстрый класс (gamma/electron-like),False
779,104175629583776,4164.0,104,32146.0,28976.0,3170.0,0.0986125801032788,0,Быстрый класс (gamma/electron-like),False
780,104260094820168,1418.0,103,11456.0,9701.0,1755.0,0.15319483240223464,0,Быстрый класс (gamma/electron-like),False
781,104329411930076,15382.0,103,149832.0,128753.0,21079.0,0.14068423300763522,-1,Исключён: насыщение,True
782,104379115545279,870.0,102,10948.0,6208.0,4740.0,0.432955791012057,1,Медленный класс (neutron/proton-like),False
783,104388448145343,4864.0,104,37607.0,32636.0,4971.0,0.13218283830138006,0,Быстрый класс (gamma/electron-like),False
784,104401770185701,6971.5,104,55712.0,50042.5,5669.5,0.10176443136128661,0,Быстрый класс (gamma/electron-like),False
785,104422727354354,12724.5,104,91550.0,82718.5,8831.5,0.09646641179683234,0,Быстрый класс (gamma/electron-like),False
786,104552724446999,324.0,100,4881.0,2687.0,2194.0,0.4494980536775251,1,Медленный класс (neutron/proton-like),False
787,104661911562054,2387.0,102,24969.0,16280.0,8689.0,0.34799150947174495,1,Медленный класс (neutron/proton-like),False
788,104878107268403,2180.0,103,15891.0,13888.0,2003.0,0.12604618966710718,0,Быстрый класс (gamma/electron-like),False
789,105051240142123,425.0,102,5755.0,3316.0,2439.0,0.4238053866203301,1,Медленный класс (neutron/proton-like),False
790,105077718406702,2429.5,103,18145.0,16041.5,2103.5,0.11592725268669055,0,Быстрый класс (gamma/electron-like),False
791,105226047711237,851.0,103,10407.0,6451.0,3956.0,0.3801287594888056,1,Медленный класс (neutron/proton-like),False
792,105366913659849,405.0,102,3099.0,2407.0,692.0,0.22329783801226202,0,Быстрый класс (gamma/electron-like),False
793,105473958274698,5394.0,104,60359.0,40840.0,19519.0,0.32338176576815386,1,Медленный класс (neutron/proton-like),False
794,105518273160374,15380.0,103,373530.0,172001.0,201529.0,0.5395256070462882,-1,Исключён: насыщение,True
795,105698166539202,544.0,101,6197.0,3735.0,2462.0,0.39728901081168305,1,Медленный класс (neutron/proton-like),False
796,105751203215549,3315.0,104,37401.0,26049.0,11352.0,0.30352129622202617,1,Медленный класс (neutron/proton-like),False
797,105809663959437,586.0,102,5316.0,4155.0,1161.0,0.21839729119638826,0,Быстрый класс (gamma/electron-like),False
798,106000464279904,302.0,100,3835.0,2182.0,1653.0,0.43102998696219036,1,Медленный класс (neutron/proton-like),False
799,106247436141537,394.5,101,3174.0,2274.5,899.5,0.2833963453056081,1,Медленный класс (neutron/proton-like),False
800,106313505844593,439.0,101,4041.0,2914.0,1127.0,0.2788913635238802,1,Медленный класс (neutron/proton-like),False
801,106370400973921,3373.0,105,26212.0,23264.0,2948.0,0.11246757210437967,0,Быстрый класс (gamma/electron-like),False
802,106504396602741,447.0,102,3761.0,2760.0,1001.0,0.2661526189843127,1,Медленный класс (neutron/proton-like),False
803,106584792865084,518.0,101,5660.0,3291.0,2369.0,0.4185512367491166,1,Медленный класс (neutron/proton-like),False
804,106636544765565,1880.0,104,14744.0,12911.0,1833.0,0.12432175800325557,0,Быстрый класс (gamma/electron-like),False
805,106953650348959,566.0,101,4345.0,3366.0,979.0,0.22531645569620254,0,Быстрый класс (gamma/electron-like),False
806,107164270020852,4270.0,103,30779.0,27326.0,3453.0,0.11218688066538873,0,Быстрый класс (gamma/electron-like),False
807,107183774723417,4254.5,104,43437.5,30284.5,13153.0,0.3028028776978417,1,Медленный класс (neutron/proton-like),False
808,107205907819546,514.0,101,4666.0,3419.0,1247.0,0.2672524646378054,1,Медленный класс (neutron/proton-like),False
809,107335815643209,580.0,102,4484.0,3424.0,1060.0,0.23639607493309545,0,Быстрый класс (gamma/electron-like),False
810,107569749649792,4641.0,104,54126.0,36552.0,17574.0,0.3246868418135462,1,Медленный класс (neutron/proton-like),False
811,107893491602531,2184.0,103,16893.0,14747.0,2146.0,0.12703486651275675,0,Быстрый класс (gamma/electron-like),False
812,107963711413111,2374.0,103,17440.0,14732.0,2708.0,0.15527522935779817,0,Быстрый класс (gamma/electron-like),False
813,108012873234405,483.0,101,3780.0,3086.0,694.0,0.1835978835978836,0,Быстрый класс (gamma/electron-like),False
814,108072293378589,1065.0,102,11574.0,7466.0,4108.0,0.35493347157421806,1,Медленный класс (neutron/proton-like),False
815,108127291083155,409.0,101,3606.0,2770.0,836.0,0.23183582917359954,0,Быстрый класс (gamma/electron-like),False
816,108186232032628,1195.0,102,8693.0,7429.0,1264.0,0.1454043483262395,0,Быстрый класс (gamma/electron-like),False
817,108198739870675,1175.0,103,13456.0,8421.0,5035.0,0.37418252080856124,1,Медленный класс (neutron/proton-like),False
818,108672125701626,2260.0,103,17004.0,14538.0,2466.0,0.14502470007057164,0,Быстрый класс (gamma/electron-like),False
819,108763679905100,938.0,102,10900.0,6452.0,4448.0,0.40807339449541286,1,Медленный класс (neutron/proton-like),False
820,108834424630866,402.0,100,6960.0,3503.0,3457.0,0.49669540229885056,1,Медленный класс (neutron/proton-like),False
821,109350935416266,3795.0,103,44505.0,29847.0,14658.0,0.3293562521065049,1,Медленный класс (neutron/proton-like),False
822,109417845901595,1022.0,103,12260.0,7694.0,4566.0,0.37243066884176185,1,Медленный класс (neutron/proton-like),False
823,109493195312326,1096.0,103,12550.0,7760.0,4790.0,0.3816733067729084,1,Медленный класс (neutron/proton-like),False
824,109596452521834,971.0,103,11370.0,7285.0,4085.0,0.3592788038698329,1,Медленный класс (neutron/proton-like),False
825,109993345287339,1145.0,103,14158.0,8443.0,5715.0,0.4036587088571832,1,Медленный класс (neutron/proton-like),False
826,110415413295389,794.0,102,5339.0,4347.0,992.0,0.1858025847536992,0,Быстрый класс (gamma/electron-like),False
827,110626686492000,741.5,101,5727.5,4733.5,994.0,0.17354866870362287,0,Быстрый класс (gamma/electron-like),False
828,110716691462068,695.0,101,6987.0,4431.0,2556.0,0.36582224130528124,1,Медленный класс (neutron/proton-like),False
829,111105564409562,2652.0,103,20615.0,17508.0,3107.0,0.15071549842347806,0,Быстрый класс (gamma/electron-like),False
830,111226268391681,1648.0,103,12398.0,10801.0,1597.0,0.12881109856428455,0,Быстрый класс (gamma/electron-like),False
831,111458653611478,4965.0,104,53699.0,37487.0,16212.0,0.30190506340900203,1,Медленный класс (neutron/proton-like),False
832,111481705536984,339.0,100,2066.0,1523.0,543.0,0.2628267182962246,1,Медленный класс (neutron/proton-like),False
833,111482564498959,624.0,103,5536.0,4431.0,1105.0,0.19960260115606937,0,Быстрый класс (gamma/electron-like),False
834,111839727195373,5775.0,104,60156.0,40913.0,19243.0,0.31988496575570186,1,Медленный класс (neutron/proton-like),False
835,111883520414198,4853.0,104,37213.0,33269.0,3944.0,0.10598446779351302,0,Быстрый класс (gamma/electron-like),False
836,111905477846683,622.0,103,8807.0,5542.0,3265.0,0.3707278301351198,1,Медленный класс (neutron/proton-like),False
837,111919705751554,754.5,103,5587.5,4633.5,954.0,0.17073825503355705,0,Быстрый класс (gamma/electron-like),False
838,111931764822143,2875.0,103,32569.0,22101.0,10468.0,0.32140992968773985,1,Медленный класс (neutron/proton-like),False
839,112120071081691,6388.5,104,50012.0,44020.5,5991.5,0.11980124770055187,0,Быстрый класс (gamma/electron-like),False
840,112198349892889,1974.0,103,16809.0,13793.0,3016.0,0.1794276875483372,0,Быстрый класс (gamma/electron-like),False
841,112320802758674,1803.0,104,20993.0,14209.0,6784.0,0.3231553374934502,1,Медленный класс (neutron/proton-like),False
842,112447857747803,811.0,103,9796.0,6032.0,3764.0,0.384238464679461,1,Медленный класс (neutron/proton-like),False
843,112456394849549,1620.0,104,13040.0,11187.0,1853.0,0.14210122699386504,0,Быстрый класс (gamma/electron-like),False
844,112643866039584,732.0,103,8052.0,4951.0,3101.0,0.3851217088922007,1,Медленный класс (neutron/proton-like),False
845,112872523069577,934.0,102,12275.0,7273.0,5002.0,0.4074949083503055,1,Медленный класс (neutron/proton-like),False
846,112893057859576,497.0,102,6239.0,3668.0,2571.0,0.4120852700753326,1,Медленный класс (neutron/proton-like),False
847,113204074962906,356.0,101,4766.0,2652.0,2114.0,0.4435585396558959,1,Медленный класс (neutron/proton-like),False
848,113234965333912,1666.0,103,19937.0,12584.0,7353.0,0.3688117570346592,1,Медленный класс (neutron/proton-like),False
849,113345648908356,5254.0,103,58133.0,38868.0,19265.0,0.33139524882596805,1,Медленный класс (neutron/proton-like),False
850,113407586875749,932.0,103,7530.0,6387.0,1143.0,0.15179282868525895,0,Быстрый класс (gamma/electron-like),False
851,114257347322308,2356.0,103,18485.0,16151.0,2334.0,0.12626453881525562,0,Быстрый класс (gamma/electron-like),False
852,114551445648835,15381.0,103,204585.0,166970.0,37615.0,0.1838600092870934,-1,Исключён: насыщение,True
853,114781904716687,2087.0,103,15520.0,13876.0,1644.0,0.10592783505154639,0,Быстрый класс (gamma/electron-like),False
854,114919114671936,1313.0,104,10824.0,8956.0,1868.0,0.17257945306725794,0,Быстрый класс (gamma/electron-like),False
855,115041894875877,5687.0,104,60201.0,41439.0,18762.0,0.3116559525589276,1,Медленный класс (neutron/proton-like),False
856,115863888994780,414.0,101,3451.0,2575.0,876.0,0.2538394668212112,1,Медленный класс (neutron/proton-like),False
857,115898869434606,3752.0,103,29198.0,25607.0,3591.0,0.12298787588190972,0,Быстрый класс (gamma/electron-like),False
858,115945890500596,1648.0,103,13223.0,11685.0,1538.0,0.11631248582016183,0,Быстрый класс (gamma/electron-like),False
859,116021066605772,4083.5,105,45016.0,31147.5,13868.5,0.30807934956459926,1,Медленный класс (neutron/proton-like),False
860,116219479761280,319.0,100,4888.0,2561.0,2327.0,0.47606382978723405,1,Медленный класс (neutron/proton-like),False
861,116251589615401,3137.0,104,34423.0,22164.0,12259.0,0.3561281701188159,1,Медленный класс (neutron/proton-like),False
862,116756712681601,566.0,102,7695.0,4263.0,3432.0,0.44600389863547757,1,Медленный класс (neutron/proton-like),False
863,116929122451440,1284.0,102,10088.0,8246.0,1842.0,0.18259318001586042,0,Быстрый класс (gamma/electron-like),False
864,116971123626811,497.0,101,4560.0,3484.0,1076.0,0.23596491228070177,0,Быстрый класс (gamma/electron-like),False
865,117049972296398,499.0,102,6303.0,3788.0,2515.0,0.39901634142471837,1,Медленный класс (neutron/proton-like),False
866,117086608064643,1767.5,104,18338.5,12669.5,5669.0,0.3091310630640456,1,Медленный класс (neutron/proton-like),False
867,117260706335733,993.5,103,10810.0,6530.5,4279.5,0.3958834412580944,1,Медленный класс (neutron/proton-like),False
868,117271527728211,5533.0,104,58136.0,40207.0,17929.0,0.3083975505710747,1,Медленный класс (neutron/proton-like),False
869,117337391106670,365.0,100,3107.0,2270.0,837.0,0.26939169616993885,1,Медленный класс (neutron/proton-like),False
870,117370124479788,465.0,102,5414.0,3112.0,2302.0,0.42519394163280383,1,Медленный класс (neutron/proton-like),False
871,117448145316421,359.0,100,4798.0,2663.0,2135.0,0.44497707378074197,1,Медленный класс (neutron/proton-like),False
872,117502684389976,634.5,102,5561.5,4337.5,1224.0,0.220084509574755,0,Быстрый класс (gamma/electron-like),False
873,117502727664593,2428.0,103,18357.0,16149.0,2208.0,0.12028109168164733,0,Быстрый класс (gamma/electron-like),False
874,118314599458726,643.0,102,4965.0,4029.0,936.0,0.18851963746223566,0,Быстрый класс (gamma/electron-like),False
875,118369214381440,3099.5,104,34039.0,22654.5,11384.5,0.3344545961984782,1,Медленный класс (neutron/proton-like),False
876,118451653251510,2139.0,104,17738.0,15549.0,2189.0,0.12340737399932349,0,Быстрый класс (gamma/electron-like),False
877,118546959403380,505.0,102,3789.0,2731.0,1058.0,0.2792293481129586,1,Медленный класс (neutron/proton-like),False
878,118801351077404,339.0,102,5508.0,2813.0,2695.0,0.4892883079157589,1,Медленный класс (neutron/proton-like),False
879,118804576097154,3565.0,104,27492.0,24062.0,3430.0,0.12476356758329696,0,Быстрый класс (gamma/electron-like),False
880,119134090074595,2580.0,104,22439.0,19651.0,2788.0,0.12424796113908819,0,Быстрый класс (gamma/electron-like),False
881,119234897697772,561.0,103,4326.0,3415.0,911.0,0.21058714748035137,0,Быстрый класс (gamma/electron-like),False
882,119455630606424,1784.0,104,20271.0,12663.0,7608.0,0.37531448867840755,1,Медленный класс (neutron/proton-like),False
883,119583309479288,992.0,103,6803.0,5926.0,877.0,0.12891371453770395,0,Быстрый класс (gamma/electron-like),False
884,119762504118890,581.0,101,5084.0,3768.0,1316.0,0.25885129819040126,1,Медленный класс (neutron/proton-like),False
885,119772922846452,3513.5,104,41102.5,27558.5,13544.0,0.3295176692415303,1,Медленный класс (neutron/proton-like),False
886,119922651234150,3641.0,103,27730.0,24515.0,3215.0,0.11593941579516769,0,Быстрый класс (gamma/electron-like),False
887,120101051484553,2087.0,104,25900.0,16049.0,9851.0,0.3803474903474903,1,Медленный класс (neutron/proton-like),False
888,120127428698097,7068.0,104,55014.0,49855.0,5159.0,0.09377612971243683,0,Быстрый класс (gamma/electron-like),False
889,120237521368850,1469.0,102,19036.0,11605.0,7431.0,0.39036562303004835,1,Медленный класс (neutron/proton-like),False
890,120239593996154,4481.0,103,51538.0,34409.0,17129.0,0.332356707672009,1,Медленный класс (neutron/proton-like),False
891,120494679848945,407.0,103,5465.0,3260.0,2205.0,0.40347666971637697,1,Медленный класс (neutron/proton-like),False
892,120657590742170,739.0,101,5920.0,4879.0,1041.0,0.1758445945945946,0,Быстрый класс (gamma/electron-like),False
893,121219907907498,1146.0,103,8634.0,7486.0,1148.0,0.1329627055825805,0,Быстрый класс (gamma/electron-like),False
894,121430003230239,3857.0,103,41816.0,28189.0,13627.0,0.32588004591543906,1,Медленный класс (neutron/proton-like),False
895,121522469180107,591.0,102,4903.0,3926.0,977.0,0.19926575565980012,0,Быстрый класс (gamma/electron-like),False
896,121769327541104,1392.0,104,10748.0,9398.0,1350.0,0.12560476367696316,0,Быстрый класс (gamma/electron-like),False
897,121790417402302,3037.0,103,23540.0,20562.0,2978.0,0.12650807136788444,0,Быстрый класс (gamma/electron-like),False
898,121818182649237,2426.0,104,17718.0,15517.0,2201.0,0.12422395304210407,0,Быстрый класс (gamma/electron-like),False
899,121926930169702,355.0,102,4412.0,2629.0,1783.0,0.40412511332728923,1,Медленный класс (neutron/proton-like),False
900,121939201156982,541.0,103,7182.0,4588.0,2594.0,0.3611807296017822,1,Медленный класс (neutron/proton-like),False
901,121991321564979,4325.5,104,46075.5,30649.5,15426.0,0.334798320148452,1,Медленный класс (neutron/proton-like),False
902,122332044135525,1987.0,104,23198.0,15121.0,8077.0,0.3481765669454263,1,Медленный класс (neutron/proton-like),False
903,122332224653288,558.0,101,6698.0,3435.0,3263.0,0.48716034637205136,1,Медленный класс (neutron/proton-like),False
904,122472235779123,15381.0,103,153896.0,132356.0,21540.0,0.13996465145292925,-1,Исключён: насыщение,True
905,122673984386651,705.0,101,5278.0,4449.0,829.0,0.1570670708601743,0,Быстрый класс (gamma/electron-like),False
906,123083807802015,1968.0,103,15143.0,13187.0,1956.0,0.129168592749125,0,Быстрый класс (gamma/electron-like),False
907,123230164394403,2518.5,103,19392.0,16739.5,2652.5,0.1367832095709571,0,Быстрый класс (gamma/electron-like),False
908,123414459529045,586.5,102,5149.0,4076.5,1072.5,0.20829287240240824,0,Быстрый класс (gamma/electron-like),False
909,123487663782356,1947.0,103,23349.0,14676.0,8673.0,0.37145059745599385,1,Медленный класс (neutron/proton-like),False
910,123595167586134,4944.0,103,53665.0,37495.0,16170.0,0.30131370539457747,1,Медленный класс (neutron/proton-like),False
911,123979920754240,903.0,103,7132.0,5999.0,1133.0,0.158861469433539,0,Быстрый класс (gamma/electron-like),False
912,124189536548935,1289.0,102,9442.0,7926.0,1516.0,0.1605592035585681,0,Быстрый класс (gamma/electron-like),False
913,124290856623865,443.0,101,3361.0,2312.0,1049.0,0.31210949122285037,1,Медленный класс (neutron/proton-like),False
914,124295308073253,2326.5,104,25569.5,16424.5,9145.0,0.35765267212890356,1,Медленный класс (neutron/proton-like),False
915,124326591124599,3742.0,104,41223.0,28059.0,13164.0,0.3193362928462266,1,Медленный класс (neutron/proton-like),False
916,124341875084636,808.0,101,6140.0,4933.0,1207.0,0.19657980456026058,0,Быстрый класс (gamma/electron-like),False
917,124368663921818,469.0,103,4423.0,3352.0,1071.0,0.2421433416233326,1,Медленный класс (neutron/proton-like),False
918,124831584409753,4606.0,105,36065.0,32214.0,3851.0,0.1067794260363233,0,Быстрый класс (gamma/electron-like),False
919,125063036636046,6928.0,103,51363.0,45488.0,5875.0,0.11438194809493216,0,Быстрый класс (gamma/electron-like),False
920,125085954167061,3715.0,104,27912.0,24838.0,3074.0,0.11013184293493838,0,Быстрый класс (gamma/electron-like),False
921,125108110402173,2486.0,102,29541.0,18836.0,10705.0,0.36237771233201316,1,Медленный класс (neutron/proton-like),False
922,125326793170511,1098.0,102,13079.0,7475.0,5604.0,0.4284731248566404,1,Медленный класс (neutron/proton-like),False
923,125354051882858,792.5,101,10195.0,5546.5,4648.5,0.45595880333496813,1,Медленный класс (neutron/proton-like),False
924,125439770146861,1792.0,103,19863.0,12815.0,7048.0,0.3548305895383376,1,Медленный класс (neutron/proton-like),False
925,125614429360623,827.0,104,12006.0,7556.0,4450.0,0.370648009328669,1,Медленный класс (neutron/proton-like),False
926,125796091140169,1756.0,103,21863.0,14107.0,7756.0,0.35475460824223576,1,Медленный класс (neutron/proton-like),False
927,125967417985136,5282.0,104,37648.0,33552.0,4096.0,0.1087972800679983,0,Быстрый класс (gamma/electron-like),False
928,126011389166669,4560.0,105,53367.0,36365.0,17002.0,0.3185863923398355,1,Медленный класс (neutron/proton-like),False
929,126111294365904,385.0,101,4666.0,2707.0,1959.0,0.41984569224174884,1,Медленный класс (neutron/proton-like),False
930,126227860613698,4227.0,105,46115.0,31589.0,14526.0,0.31499512089341863,1,Медленный класс (neutron/proton-like),False
931,126315007304025,2740.0,103,30312.0,19745.0,10567.0,0.34860781208762204,1,Медленный класс (neutron/proton-like),False
932,126577410557413,606.0,102,4887.0,3818.0,1069.0,0.21874360548393698,0,Быстрый класс (gamma/electron-like),False
933,126649031112177,4506.5,103,47202.5,31379.5,15823.0,0.3352152958000106,1,Медленный класс (neutron/proton-like),False
934,126774907411842,15381.0,103,250498.0,164733.0,85765.0,0.34237798305774897,-1,Исключён: насыщение,True
935,126796410048440,2053.5,104,23903.0,15827.5,8075.5,0.33784462201397314,1,Медленный класс (neutron/proton-like),False
936,126797865888366,2342.0,103,27899.0,17748.0,10151.0,0.3638481666009534,1,Медленный класс (neutron/proton-like),False
937,126834959031655,330.5,100,3265.5,1838.5,1427.0,0.4369928035522891,1,Медленный класс (neutron/proton-like),False
938,126992725476095,4156.0,103,44227.0,30038.0,14189.0,0.3208221222330251,1,Медленный класс (neutron/proton-like),False
939,127055430904387,4353.0,104,47383.0,32872.0,14511.0,0.3062490766730684,1,Медленный класс (neutron/proton-like),False
940,127087430125510,1782.0,104,19784.0,13440.0,6344.0,0.3206631621512333,1,Медленный класс (neutron/proton-like),False
941,127153595481147,1478.5,103,10691.0,8864.5,1826.5,0.1708446356748667,0,Быстрый класс (gamma/electron-like),False
942,127160072203353,15380.0,103,300383.0,166670.0,133713.0,0.44514170242656875,-1,Исключён: насыщение,True
943,127239227708983,508.0,102,4219.0,3390.0,829.0,0.19649205972979378,0,Быстрый класс (gamma/electron-like),False
944,127661095360893,707.0,103,5867.0,4712.0,1155.0,0.19686381455599114,0,Быстрый класс (gamma/electron-like),False
945,127729701851011,2819.0,104,21168.0,18229.0,2939.0,0.1388416477702192,0,Быстрый класс (gamma/electron-like),False
946,127822603279896,924.5,103,7227.5,6154.5,1073.0,0.1484607402282947,0,Быстрый класс (gamma/electron-like),False
947,127839699854128,1374.0,102,10293.0,8472.0,1821.0,0.17691635091809968,0,Быстрый класс (gamma/electron-like),False
948,128008801336049,3212.5,103,36630.0,24042.5,12587.5,0.3436390936390936,1,Медленный класс (neutron/proton-like),False
949,128157948931052,575.0,102,7247.0,4256.0,2991.0,0.41272250586449566,1,Медленный класс (neutron/proton-like),False
950,128243808406224,453.0,101,5543.0,3115.0,2428.0,0.4380299476817608,1,Медленный класс (neutron/proton-like),False
951,128261228808065,4505.0,103,50873.0,34432.0,16441.0,0.32317732392428206,1,Медленный класс (neutron/proton-like),False
952,128323972557249,1637.0,104,12659.0,11055.0,1604.0,0.12670827079548147,0,Быстрый класс (gamma/electron-like),False
953,128441456269288,637.0,103,5196.0,4269.0,927.0,0.1784064665127021,0,Быстрый класс (gamma/electron-like),False
954,128535594478142,15380.0,104,116423.0,104832.0,11591.0,0.09955936541748624,-1,Исключён: насыщение,True
955,128666898987158,1628.0,103,11800.0,9986.0,1814.0,0.15372881355932203,0,Быстрый класс (gamma/electron-like),False
956,128732149928562,5720.0,104,59356.0,40944.0,18412.0,0.310196104858818,1,Медленный класс (neutron/proton-like),False
957,129047422287490,601.5,102,4728.5,3675.5,1053.0,0.2226921856825632,0,Быстрый класс (gamma/electron-like),False
958,129242832823210,690.0,103,5444.0,4558.0,886.0,0.16274797942689198,0,Быстрый класс (gamma/electron-like),False
959,129315145718329,6523.0,104,48781.0,42999.0,5782.0,0.1185297554375679,0,Быстрый класс (gamma/electron-like),False
960,129315908290462,4512.0,103,47608.0,32014.0,15594.0,0.32754999159805076,1,Медленный класс (neutron/proton-like),False
961,129437951645053,369.0,100,3283.0,2611.0,672.0,0.2046908315565032,0,Быстрый класс (gamma/electron-like),False
962,130010664264995,3683.0,104,27436.0,24771.0,2665.0,0.09713515089663216,0,Быстрый класс (gamma/electron-like),False
963,130239583962105,2103.0,102,16258.0,14015.0,2243.0,0.13796284905892484,0,Быстрый класс (gamma/electron-like),False
964,130242587729905,1176.0,102,8090.0,7061.0,1029.0,0.12719406674907294,0,Быстрый класс (gamma/electron-like),False
965,130485361418373,400.5,100,4133.5,2351.5,1782.0,0.4311116487238418,1,Медленный класс (neutron/proton-like),False
966,130599720379624,2101.5,103,27053.5,16843.5,10210.0,0.37740033637052506,1,Медленный класс (neutron/proton-like),False
967,130751027427784,8022.0,104,57513.0,51127.0,6386.0,0.11103576582685654,0,Быстрый класс (gamma/electron-like),False
968,130859562530577,15382.0,103,159284.0,135774.0,23510.0,0.14759800105471987,-1,Исключён: насыщение,True
969,131061766167034,3489.0,104,38441.0,25711.0,12730.0,0.33115683775135923,1,Медленный класс (neutron/proton-like),False
970,131507747825772,853.0,103,7218.0,5969.0,1249.0,0.17303962316431146,0,Быстрый класс (gamma/electron-like),False
971,131515268417854,5580.0,104,59025.0,40025.0,19000.0,0.3218975010588734,1,Медленный класс (neutron/proton-like),False
972,131805793784889,1111.0,102,10844.0,7252.0,3592.0,0.33124308373293987,1,Медленный класс (neutron/proton-like),False
973,131834605672534,908.0,103,10740.0,6779.0,3961.0,0.36880819366852885,1,Медленный класс (neutron/proton-like),False
974,131902185719252,3940.0,104,43666.0,29901.0,13765.0,0.31523382036366965,1,Медленный класс (neutron/proton-like),False
975,132206748338098,3396.0,103,26665.0,23327.0,3338.0,0.1251828239264954,0,Быстрый класс (gamma/electron-like),False
976,132226550743267,4102.0,104,31187.0,27791.0,3396.0,0.10889152531503511,0,Быстрый класс (gamma/electron-like),False
977,132347923392936,3198.5,104,36964.0,24830.5,12133.5,0.32825181257439673,1,Медленный класс (neutron/proton-like),False
978,132794515208904,467.0,101,3876.0,3173.0,703.0,0.18137254901960784,0,Быстрый класс (gamma/electron-like),False
979,132963198768475,399.0,100,3698.0,2358.0,1340.0,0.3623580313683072,1,Медленный класс (neutron/proton-like),False
980,133043022829292,1892.0,103,21562.0,13358.0,8204.0,0.380484185140525,1,Медленный класс (neutron/proton-like),False
981,133065962146123,391.0,102,4605.0,2942.0,1663.0,0.361129207383279,1,Медленный класс (neutron/proton-like),False
982,133159842393569,800.0,103,6775.0,5613.0,1162.0,0.1715129151291513,0,Быстрый класс (gamma/electron-like),False
983,133178451582573,2708.0,103,32751.0,21020.0,11731.0,0.35818753625843486,1,Медленный класс (neutron/proton-like),False
984,133205090096679,533.5,103,8623.0,4687.5,3935.5,0.45639568595616375,1,Медленный класс (neutron/proton-like),False
985,133284705287834,591.0,103,7884.0,4807.0,3077.0,0.39028411973617455,1,Медленный класс (neutron/proton-like),False
986,133609887301132,471.0,101,4711.0,3449.0,1262.0,0.2678836765018043,1,Медленный класс (neutron/proton-like),False
987,133821466812179,1955.0,103,14891.0,12598.0,2293.0,0.15398562890336445,0,Быстрый класс (gamma/electron-like),False
988,133857440452873,15380.0,103,299044.0,164438.0,134606.0,0.4501210524203796,-1,Исключён: насыщение,True
989,134053675983572,1154.0,103,8166.0,6641.0,1525.0,0.18674993877051188,0,Быстрый класс (gamma/electron-like),False
990,134251853410775,554.0,101,6212.0,3442.0,2770.0,0.4459111397295557,1,Медленный класс (neutron/proton-like),False
991,134290721376580,1863.5,103,13987.5,11817.5,2170.0,0.1551385165326184,0,Быстрый класс (gamma/electron-like),False
992,134341719837967,579.0,102,7045.0,4325.0,2720.0,0.3860894251242016,1,Медленный класс (neutron/proton-like),False
993,134367418309792,1973.0,104,15277.0,13417.0,1860.0,0.12175165281141585,0,Быстрый класс (gamma/electron-like),False
994,134380955726867,5542.0,104,59852.0,41484.0,18368.0,0.3068903294793825,1,Медленный класс (neutron/proton-like),False
995,134385585849018,1267.0,103,9845.0,8652.0,1193.0,0.12117826307770442,0,Быстрый класс (gamma/electron-like),False
996,134706027786822,738.0,102,9686.0,5520.0,4166.0,0.4301053066281231,1,Медленный класс (neutron/proton-like),False
997,134823524532998,1170.5,104,16473.5,9938.5,6535.0,0.39669772665189545,1,Медленный класс (neutron/proton-like),False
998,135066366478033,844.0,102,7575.0,6116.0,1459.0,0.19260726072607262,0,Быстрый класс (gamma/electron-like),False
999,135705832262624,311.0,100,5392.0,2887.0,2505.0,0.4645771513353116,1,Медленный класс (neutron/proton-like),False
1000,135732602001858,2955.0,104,34802.0,22391.0,12411.0,0.3566174357795529,1,Медленный класс (neutron/proton-like),False
1001,135914180739136,5746.0,104,41719.0,36776.0,4943.0,0.11848318511948992,0,Быстрый класс (gamma/electron-like),False
1002,136202281732151,1057.0,101,10992.0,6694.0,4298.0,0.39101164483260553,1,Медленный класс (neutron/proton-like),False
1003,136228430354932,5294.0,104,40975.0,36120.0,4855.0,0.11848688224527151,0,Быстрый класс (gamma/electron-like),False
1004,136348500166423,1369.0,102,12848.0,9275.0,3573.0,0.27809775840597756,1,Медленный класс (neutron/proton-like),False
1005,136382409686325,4863.0,104,48130.0,34161.0,13969.0,0.2902347808019946,1,Медленный класс (neutron/proton-like),False
1006,136594739844060,14599.0,104,105641.0,94895.0,10746.0,0.10172186934996828,-1,Исключён: насыщение,True
1007,136604238728585,527.0,102,6559.0,3890.0,2669.0,0.4069217868577527,1,Медленный класс (neutron/proton-like),False
1008,136776232986803,3458.0,103,24381.0,21776.0,2605.0,0.10684549444239366,0,Быстрый класс (gamma/electron-like),False
1009,136788898705073,1028.0,104,8913.0,7554.0,1359.0,0.15247391450690004,0,Быстрый класс (gamma/electron-like),False
1010,136812339281873,326.5,101,3882.5,2480.5,1402.0,0.3611075338055377,1,Медленный класс (neutron/proton-like),False
1011,136844324702509,3211.0,103,22845.0,19934.0,2911.0,0.12742394397023418,0,Быстрый класс (gamma/electron-like),False
1012,137003773782050,4121.5,104,32124.5,28986.5,3138.0,0.09768245420162182,0,Быстрый класс (gamma/electron-like),False
1013,137116013552215,4961.0,103,54606.0,35985.0,18621.0,0.34100648280408746,1,Медленный класс (neutron/proton-like),False
1014,137154928016061,13613.0,104,101367.0,90811.0,10556.0,0.1041364546647331,0,Быстрый класс (gamma/electron-like),False
1015,137219116914892,519.0,101,7140.0,4203.0,2937.0,0.41134453781512603,1,Медленный класс (neutron/proton-like),False
1016,137590582991068,442.0,101,4015.0,2854.0,1161.0,0.2891656288916563,1,Медленный класс (neutron/proton-like),False
1017,137610965084155,1693.0,102,13857.0,11939.0,1918.0,0.13841379808039259,0,Быстрый класс (gamma/electron-like),False
1018,137797908017975,2752.0,104,33161.0,21775.0,11386.0,0.3433551461053647,1,Медленный класс (neutron/proton-like),False
1019,137906457709678,322.0,100,2712.0,1904.0,808.0,0.29793510324483774,1,Медленный класс (neutron/proton-like),False
1020,137988962642471,2255.0,103,15636.0,13666.0,1970.0,0.1259913021233052,0,Быстрый класс (gamma/electron-like),False
1021,138022582504333,3878.0,103,30420.0,27149.0,3271.0,0.10752794214332675,0,Быстрый класс (gamma/electron-like),False
1022,138143128668964,3677.0,104,27349.0,24221.0,3128.0,0.11437346886540642,0,Быстрый класс (gamma/electron-like),False
1023,138216379054488,1832.0,103,13514.0,11788.0,1726.0,0.12771940210152435,0,Быстрый класс (gamma/electron-like),False
1024,138228592353311,311.0,100,2659.0,1869.0,790.0,0.29710417450169235,1,Медленный класс (neutron/proton-like),False
1025,138341611220280,669.0,101,8293.0,4758.0,3535.0,0.4262631134691909,1,Медленный класс (neutron/proton-like),False
1026,138673189052604,3766.0,104,41554.0,27773.0,13781.0,0.33164075660586223,1,Медленный класс (neutron/proton-like),False
1027,138691003241642,2729.0,103,31823.0,20499.0,11324.0,0.35584325802092825,1,Медленный класс (neutron/proton-like),False
1028,138882319621686,1460.0,103,10134.0,8362.0,1772.0,0.17485691730807185,0,Быстрый класс (gamma/electron-like),False
1029,138928040069953,388.0,103,3530.0,2533.0,997.0,0.28243626062322946,1,Медленный класс (neutron/proton-like),False
1030,139017047833705,4627.0,104,48962.0,34554.0,14408.0,0.2942690249581308,1,Медленный класс (neutron/proton-like),False
1031,139175509779701,856.0,103,6606.0,5655.0,951.0,0.14396003633060853,0,Быстрый класс (gamma/electron-like),False
1032,139623202162710,2600.0,103,32052.0,20346.0,11706.0,0.3652190190939723,1,Медленный класс (neutron/proton-like),False
1033,139707550697874,336.0,101,3370.0,2490.0,880.0,0.26112759643916916,1,Медленный класс (neutron/proton-like),False
1034,139789764292862,15380.0,103,250063.0,170432.0,79631.0,0.31844375217445203,-1,Исключён: насыщение,True
1035,140066360433936,358.5,101,2857.5,2218.5,639.0,0.22362204724409449,0,Быстрый класс (gamma/electron-like),False
1036,140231770489279,1607.0,103,17782.0,10809.0,6973.0,0.3921381171971657,1,Медленный класс (neutron/proton-like),False
1037,140533110951267,3188.0,104,25265.0,22512.0,2753.0,0.10896497130417573,0,Быстрый класс (gamma/electron-like),False
1038,140694907963694,412.0,103,4714.0,3070.0,1644.0,0.3487484089944845,1,Медленный класс (neutron/proton-like),False
1039,140707134647236,4836.0,103,52187.0,34773.0,17414.0,0.33368463410427884,1,Медленный класс (neutron/proton-like),False
1040,140748055100360,4349.0,104,30833.0,27730.0,3103.0,0.10063892582622515,0,Быстрый класс (gamma/electron-like),False
1041,140790929142190,1375.0,102,10713.0,8849.0,1864.0,0.17399421263884998,0,Быстрый класс (gamma/electron-like),False
1042,140802592765284,1987.0,104,15248.0,13244.0,2004.0,0.13142707240293808,0,Быстрый класс (gamma/electron-like),False
1043,141460979331236,5872.0,104,45884.0,40279.0,5605.0,0.12215587132769593,0,Быстрый класс (gamma/electron-like),False
1044,141630788842461,5125.0,104,41067.0,36378.0,4689.0,0.11417926802542187,0,Быстрый класс (gamma/electron-like),False
1045,142113035926998,329.0,98,3205.0,2469.0,736.0,0.2296411856474259,0,Быстрый класс (gamma/electron-like),False
1046,142487297260992,573.0,104,7338.0,4456.0,2882.0,0.39275006813845736,1,Медленный класс (neutron/proton-like),False
1047,142491235452413,469.0,100,6056.0,3585.0,2471.0,0.4080250990752972,1,Медленный класс (neutron/proton-like),False
1048,142498963607816,1631.0,103,18336.0,11434.0,6902.0,0.3764179755671902,1,Медленный класс (neutron/proton-like),False
1049,142584175652956,2443.0,104,19216.0,16692.0,2524.0,0.1313488759367194,0,Быстрый класс (gamma/electron-like),False
1050,142592295906740,1437.0,102,14475.0,8956.0,5519.0,0.38127806563039723,1,Медленный класс (neutron/proton-like),False
1051,142669913107432,1731.0,103,20117.0,12788.0,7329.0,0.36431873539792214,1,Медленный класс (neutron/proton-like),False
1052,142773462645971,3124.5,104,34545.5,23608.5,10937.0,0.31659695184611597,1,Медленный класс (neutron/proton-like),False
1053,142872036300744,1389.0,103,21454.0,12621.0,8833.0,0.411718094527827,1,Медленный класс (neutron/proton-like),False
1054,142952035045773,1088.5,103,8834.5,7459.5,1375.0,0.1556398211556964,0,Быстрый класс (gamma/electron-like),False
1055,142962183218474,740.0,102,5601.0,4399.0,1202.0,0.21460453490448134,0,Быстрый класс (gamma/electron-like),False
1056,143470848786943,6873.0,104,52073.0,45993.0,6080.0,0.11675916501833963,0,Быстрый класс (gamma/electron-like),False
1057,143755761221158,7476.0,104,59108.0,52544.0,6564.0,0.11105095756919538,0,Быстрый класс (gamma/electron-like),False
1058,143858303296839,3455.0,104,26699.0,23269.0,3430.0,0.12846923105734298,0,Быстрый класс (gamma/electron-like),False
1059,143880635093400,2713.0,105,33672.0,22688.0,10984.0,0.32620574958422427,1,Медленный класс (neutron/proton-like),False
1060,143991103028937,351.0,100,2902.0,2189.0,713.0,0.24569262577532736,1,Медленный класс (neutron/proton-like),False
1061,144114602314737,7368.0,104,50714.0,44770.0,5944.0,0.11720629411996687,0,Быстрый класс (gamma/electron-like),False
1062,144191649393620,4479.0,105,46923.0,33258.0,13665.0,0.2912217888881785,1,Медленный класс (neutron/proton-like),False
1063,144225522482061,1891.0,102,21721.0,13308.0,8413.0,0.3873210257354634,1,Медленный класс (neutron/proton-like),False
1064,144504932783597,7083.0,104,54897.0,48398.0,6499.0,0.118385339818205,0,Быстрый класс (gamma/electron-like),False
1065,144589052668060,439.5,100,3323.0,2563.5,759.5,0.22855853144748722,0,Быстрый класс (gamma/electron-like),False
1066,144678165198006,3050.0,104,22959.0,20810.0,2149.0,0.09360163770199051,0,Быстрый класс (gamma/electron-like),False
1067,144924712752149,2432.0,103,29542.0,19117.0,10425.0,0.35288741452846795,1,Медленный класс (neutron/proton-like),False
1068,144933000248097,995.5,102,8336.5,7017.5,1319.0,0.15821987644695015,0,Быстрый класс (gamma/electron-like),False
1069,145023473129499,512.5,101,5747.5,3425.0,2322.5,0.4040887342322749,1,Медленный класс (neutron/proton-like),False
1070,145135303092342,637.0,101,7187.0,4036.0,3151.0,0.4384304995130096,1,Медленный класс (neutron/proton-like),False
1071,145198911612376,7791.0,104,56244.0,50850.0,5394.0,0.09590356304672498,0,Быстрый класс (gamma/electron-like),False
1072,145617285297350,858.0,103,10702.0,6388.0,4314.0,0.4031022238833863,1,Медленный класс (neutron/proton-like),False
1073,145617590969905,15382.5,103,316669.0,160612.5,156056.5,0.4928063687951773,-1,Исключён: насыщение,True
1074,145779436246147,560.5,102,5252.0,4061.5,1190.5,0.22667555217060167,0,Быстрый класс (gamma/electron-like),False
1075,145795923380708,11416.0,104,84593.0,75542.0,9051.0,0.1069946685895996,0,Быстрый класс (gamma/electron-like),False
1076,145816106566258,2143.0,103,15287.0,13662.0,1625.0,0.10629947013802578,0,Быстрый класс (gamma/electron-like),False
1077,145929307061280,850.5,102,6891.5,5417.5,1474.0,0.21388667198723066,0,Быстрый класс (gamma/electron-like),False
1078,145956328490053,1937.0,103,15156.0,13036.0,2120.0,0.13987859593560306,0,Быстрый класс (gamma/electron-like),False
1079,146074784948190,3121.0,103,24916.0,21681.0,3235.0,0.12983624979932573,0,Быстрый класс (gamma/electron-like),False
1080,146123684874351,4284.0,103,31674.0,28322.0,3352.0,0.10582812401338637,0,Быстрый класс (gamma/electron-like),False
1081,146294364482221,15380.0,102,274415.0,159640.0,114775.0,0.418253375362134,-1,Исключён: насыщение,True
1082,146468193292296,1574.0,103,17123.0,10906.0,6217.0,0.3630788997255154,1,Медленный класс (neutron/proton-like),False
1083,146590252392162,732.5,101,5147.0,4203.0,944.0,0.18340781037497572,0,Быстрый класс (gamma/electron-like),False
1084,146735446467748,318.0,100,4502.0,2334.0,2168.0,0.48156374944469127,1,Медленный класс (neutron/proton-like),False
1085,146805618361023,805.0,104,6352.0,5431.0,921.0,0.14499370277078086,0,Быстрый класс (gamma/electron-like),False
1086,146913533998530,1090.0,103,8044.0,6869.0,1175.0,0.14607160616608653,0,Быстрый класс (gamma/electron-like),False
1087,147184183138540,15380.0,104,126566.0,113000.0,13566.0,0.10718518401466429,-1,Исключён: насыщение,True
1088,147201295096708,3264.0,104,35102.0,23623.0,11479.0,0.3270184035097715,1,Медленный класс (neutron/proton-like),False
1089,147370886559401,4350.0,104,34679.0,30468.0,4211.0,0.12142795351653739,0,Быстрый класс (gamma/electron-like),False
1090,147550118908812,1787.0,103,21419.0,13516.0,7903.0,0.36897147392501983,1,Медленный класс (neutron/proton-like),False
1091,147629723259584,345.5,102,3292.5,2392.0,900.5,0.2735003796507213,1,Медленный класс (neutron/proton-like),False
1092,147633291964249,795.0,102,7930.0,5158.0,2772.0,0.34955863808322823,1,Медленный класс (neutron/proton-like),False
1093,147640536232120,685.0,102,5367.0,4640.0,727.0,0.1354574250046581,0,Быстрый класс (gamma/electron-like),False
1094,147927158828635,1513.0,102,11251.0,9401.0,1850.0,0.16442982845969248,0,Быстрый класс (gamma/electron-like),False
1095,147987471938174,14083.0,104,106427.0,94785.0,11642.0,0.10938953461057814,-1,Исключён: насыщение,True
1096,147999163065295,324.0,100,2677.0,1985.0,692.0,0.2584983190138214,1,Медленный класс (neutron/proton-like),False
1097,148109512756670,579.0,101,6122.0,3947.0,2175.0,0.35527605357726233,1,Медленный класс (neutron/proton-like),False
1098,148232635231295,398.0,101,5795.0,2959.0,2836.0,0.4893874029335634,1,Медленный класс (neutron/proton-like),False
1099,148560916857025,3068.5,105,25840.5,22971.5,2869.0,0.11102726340434589,0,Быстрый класс (gamma/electron-like),False
1100,148577937407468,345.0,101,3059.0,2337.0,722.0,0.2360248447204969,0,Быстрый класс (gamma/electron-like),False
1101,148909341544438,5377.0,103,43185.0,38185.0,5000.0,0.1157809424568716,0,Быстрый класс (gamma/electron-like),False
1102,149015549900732,451.0,101,3477.0,2689.0,788.0,0.2266321541558815,0,Быстрый класс (gamma/electron-like),False
1103,149364507836701,4773.0,104,50863.0,33820.0,17043.0,0.3350765782592454,1,Медленный класс (neutron/proton-like),False
1104,149425032080644,4464.0,104,45684.0,31277.0,14407.0,0.3153620523596883,1,Медленный класс (neutron/proton-like),False
1105,149640941325607,596.0,102,7472.0,4627.0,2845.0,0.38075481798715205,1,Медленный класс (neutron/proton-like),False
1106,149671145858902,3010.0,105,35739.0,23664.0,12075.0,0.3378661965919584,1,Медленный класс (neutron/proton-like),False
1107,149955181954822,1078.0,103,13110.0,8508.0,4602.0,0.3510297482837529,1,Медленный класс (neutron/proton-like),False
1108,150040943433741,437.5,102,3683.0,2726.5,956.5,0.25970676079283195,1,Медленный класс (neutron/proton-like),False
1109,150063583877889,1182.0,103,14121.0,8953.0,5168.0,0.3659797464768784,1,Медленный класс (neutron/proton-like),False
1110,150207860034566,1148.5,103,14967.0,9577.5,5389.5,0.36009220284626176,1,Медленный класс (neutron/proton-like),False
1111,150502876131502,2218.0,105,25789.0,17847.0,7942.0,0.30796075846291054,1,Медленный класс (neutron/proton-like),False
1112,150545578224236,930.0,103,6863.0,5809.0,1054.0,0.15357715284860848,0,Быстрый класс (gamma/electron-like),False
1113,150559243235361,2534.5,104,31048.0,20066.5,10981.5,0.3536942798247874,1,Медленный класс (neutron/proton-like),False
1114,150680765542140,474.0,102,4022.0,3371.0,651.0,0.16185977125808057,0,Быстрый класс (gamma/electron-like),False
1115,150945373892188,2550.0,103,17907.0,15394.0,2513.0,0.14033618138158263,0,Быстрый класс (gamma/electron-like),False
1116,151302098146662,6758.0,104,48205.0,43770.0,4435.0,0.09200290426304325,0,Быстрый класс (gamma/electron-like),False
1117,151605225366164,527.5,101,4246.5,3246.5,1000.0,0.23548804898151418,0,Быстрый класс (gamma/electron-like),False
1118,151759847859229,2152.0,104,15834.0,14142.0,1692.0,0.10685865858279651,0,Быстрый класс (gamma/electron-like),False
1119,151786339411959,820.0,102,6507.0,5369.0,1138.0,0.17488858152758568,0,Быстрый класс (gamma/electron-like),False
1120,152122423456163,775.0,101,8316.0,5093.0,3223.0,0.38756613756613756,1,Медленный класс (neutron/proton-like),False
1121,152288955978106,3281.0,103,35218.0,23317.0,11901.0,0.3379237889715486,1,Медленный класс (neutron/proton-like),False
1122,152402044405604,1246.0,104,14098.0,9481.0,4617.0,0.3274932614555256,1,Медленный класс (neutron/proton-like),False
1123,152740339958759,646.0,101,8283.0,4915.0,3368.0,0.406615960400821,1,Медленный класс (neutron/proton-like),False
1124,152764362395081,1244.0,103,9736.0,8265.0,1471.0,0.151088742810189,0,Быстрый класс (gamma/electron-like),False
1125,152779858062434,6301.0,103,47856.0,41361.0,6495.0,0.13571965897693078,0,Быстрый класс (gamma/electron-like),False
1126,152826821926323,1588.5,103,17157.0,11196.5,5960.5,0.3474092207262342,1,Медленный класс (neutron/proton-like),False
1127,152841543285803,397.0,103,3667.0,2953.0,714.0,0.19470957185710389,0,Быстрый класс (gamma/electron-like),False
1128,153246692828937,5670.0,104,55517.0,38894.0,16623.0,0.2994217987283175,1,Медленный класс (neutron/proton-like),False
1129,153329688256504,10417.0,104,74089.0,66246.0,7843.0,0.10585916937737046,0,Быстрый класс (gamma/electron-like),False
1130,153335915422572,1454.0,102,11211.0,9502.0,1709.0,0.15243956828115243,0,Быстрый класс (gamma/electron-like),False
1131,153339432164629,3108.0,103,24908.0,21465.0,3443.0,0.138228681548097,0,Быстрый класс (gamma/electron-like),False
1132,153376689340611,652.0,102,5026.0,4120.0,906.0,0.1802626343016315,0,Быстрый класс (gamma/electron-like),False
1133,153405726469453,824.0,103,11434.0,6489.0,4945.0,0.4324820710162673,1,Медленный класс (neutron/proton-like),False
1134,153839880999330,12204.0,104,88971.0,80273.0,8698.0,0.09776219217497836,0,Быстрый класс (gamma/electron-like),False
1135,154043181992764,9798.5,104,73953.5,65784.5,8169.0,0.11046130338658752,0,Быстрый класс (gamma/electron-like),False
1136,154088485913607,641.5,102,7388.5,4310.5,3078.0,0.4165933545374569,1,Медленный класс (neutron/proton-like),False
1137,154095629788624,481.0,102,7137.0,3814.0,3323.0,0.46560179347064595,1,Медленный класс (neutron/proton-like),False
1138,154238695624421,469.0,100,6364.0,3414.0,2950.0,0.46354494028912635,1,Медленный класс (neutron/proton-like),False
1139,154383272228674,779.0,102,5744.0,4769.0,975.0,0.16974233983286907,0,Быстрый класс (gamma/electron-like),False
1140,154385492034405,9695.5,104,72662.5,65351.5,7311.0,0.1006158610012042,0,Быстрый класс (gamma/electron-like),False
1141,154411615092772,426.0,101,3014.0,2349.0,665.0,0.22063702720637027,0,Быстрый класс (gamma/electron-like),False
1142,154503916120804,560.0,102,5130.0,4103.0,1027.0,0.20019493177387915,0,Быстрый класс (gamma/electron-like),False
1143,154682340674046,468.0,102,3856.0,2993.0,863.0,0.22380705394190872,0,Быстрый класс (gamma/electron-like),False
1144,154750837919515,555.0,104,5374.0,4025.0,1349.0,0.251023446222553,1,Медленный класс (neutron/proton-like),False
1145,154812179324500,2756.5,103,21713.0,18898.5,2814.5,0.1296228066135495,0,Быстрый класс (gamma/electron-like),False
1146,154873967061760,1898.0,105,15847.0,14183.0,1664.0,0.10500410172272355,0,Быстрый класс (gamma/electron-like),False
1147,155134223145527,5322.0,104,56280.0,38859.0,17421.0,0.3095415778251599,1,Медленный класс (neutron/proton-like),False
1148,155184446134757,621.0,102,6813.0,3933.0,2880.0,0.4227212681638045,1,Медленный класс (neutron/proton-like),False
1149,155200122366153,14628.0,104,108883.0,97711.0,11172.0,0.10260554907561327,-1,Исключён: насыщение,True
1150,155273272151385,1168.0,102,14720.0,8842.0,5878.0,0.39932065217391305,1,Медленный класс (neutron/proton-like),False
1151,155354928623647,723.0,104,5814.0,4868.0,946.0,0.16271069831441348,0,Быстрый класс (gamma/electron-like),False
1152,155375566612612,764.0,103,10246.0,6365.0,3881.0,0.37878196369314854,1,Медленный класс (neutron/proton-like),False
1153,155795591588001,4545.5,103,48660.0,32510.5,16149.5,0.3318845047266749,1,Медленный класс (neutron/proton-like),False
1154,155981723234312,425.0,100,4619.0,2926.0,1693.0,0.36652955185105,1,Медленный класс (neutron/proton-like),False
1155,156066939902779,1690.0,103,12620.0,11148.0,1472.0,0.11664025356576863,0,Быстрый класс (gamma/electron-like),False
1156,156215338160202,417.0,101,3789.0,3096.0,693.0,0.1828978622327791,0,Быстрый класс (gamma/electron-like),False
1157,156469619245542,2484.0,104,28444.0,18275.0,10169.0,0.35750949233581775,1,Медленный класс (neutron/proton-like),False
1158,156584593995599,733.0,102,9301.0,5151.0,4150.0,0.4461885818729169,1,Медленный класс (neutron/proton-like),False
1159,156702198037060,5815.0,104,44409.0,38976.0,5433.0,0.12234006620279674,0,Быстрый класс (gamma/electron-like),False
1160,156719914246101,2151.0,103,24964.0,15696.0,9268.0,0.3712546066335523,1,Медленный класс (neutron/proton-like),False
1161,156728757555252,2027.0,103,15444.0,13292.0,2152.0,0.13934213934213935,0,Быстрый класс (gamma/electron-like),False
1162,156964649144132,3579.0,103,26472.0,23246.0,3226.0,0.12186461166515564,0,Быстрый класс (gamma/electron-like),False
1163,157354305606287,626.0,102,10018.0,5062.0,4956.0,0.49470952285885406,1,Медленный класс (neutron/proton-like),False
1164,157519745708559,7077.0,104,54358.0,48511.0,5847.0,0.10756466389491887,0,Быстрый класс (gamma/electron-like),False
1165,157552111606322,1260.0,103,15582.0,9715.0,5867.0,0.3765241945834938,1,Медленный класс (neutron/proton-like),False
1166,157890079806504,5492.0,103,42946.0,37396.0,5550.0,0.1292320588646207,0,Быстрый класс (gamma/electron-like),False
1167,158440908533687,319.0,100,2214.0,1660.0,554.0,0.25022583559168926,1,Медленный класс (neutron/proton-like),False
1168,158454376602345,2783.0,103,31207.0,20613.0,10594.0,0.3394751177620406,1,Медленный класс (neutron/proton-like),False
1169,158551394896710,457.0,101,3829.0,2953.0,876.0,0.2287803604074171,0,Быстрый класс (gamma/electron-like),False
1170,158646128666191,2153.0,103,28344.0,17190.0,11154.0,0.39352243861134634,1,Медленный класс (neutron/proton-like),False
1171,158674623591710,859.0,103,7307.0,6215.0,1092.0,0.14944573696455454,0,Быстрый класс (gamma/electron-like),False
1172,158730101534080,2342.0,102,18591.0,15838.0,2753.0,0.14808240546500995,0,Быстрый класс (gamma/electron-like),False
1173,158760564703881,904.0,103,7405.0,5983.0,1422.0,0.19203241053342338,0,Быстрый класс (gamma/electron-like),False
1174,159031916160024,1710.5,102,13715.5,12038.5,1677.0,0.1222704239728774,0,Быстрый класс (gamma/electron-like),False
1175,159067894948185,335.0,101,3208.0,2447.0,761.0,0.23721945137157108,0,Быстрый класс (gamma/electron-like),False
1176,159326117280494,1522.0,103,14479.0,9579.0,4900.0,0.33842116168243663,1,Медленный класс (neutron/proton-like),False
1177,159392206052424,899.0,101,11472.0,6613.0,4859.0,0.4235529986052999,1,Медленный класс (neutron/proton-like),False
1178,159401685642569,485.0,101,4321.0,3427.0,894.0,0.20689655172413793,0,Быстрый класс (gamma/electron-like),False
1179,159448932477944,4696.0,104,48799.0,33391.0,15408.0,0.315744175085555,1,Медленный класс (neutron/proton-like),False
1180,159467411177780,305.5,100,3349.0,2000.5,1348.5,0.40265750970438935,1,Медленный класс (neutron/proton-like),False
1181,159491238914216,2229.5,103,18029.5,15552.5,2477.0,0.13738595080285088,0,Быстрый класс (gamma/electron-like),False
1182,159747021345693,1056.5,103,7483.0,6259.5,1223.5,0.1635039422691434,0,Быстрый класс (gamma/electron-like),False
1183,159887035718498,865.0,102,10456.0,6188.0,4268.0,0.4081866870696251,1,Медленный класс (neutron/proton-like),False
1184,159976840328796,600.0,101,6775.0,3771.0,3004.0,0.4433948339483395,1,Медленный класс (neutron/proton-like),False
1185,159990770291767,3855.0,104,29240.0,25311.0,3929.0,0.13437072503419972,0,Быстрый класс (gamma/electron-like),False
1186,159994882088519,3125.5,104,32414.0,22308.5,10105.5,0.31176343555253905,1,Медленный класс (neutron/proton-like),False
1187,160155481598163,5691.0,104,59049.0,40827.0,18222.0,0.3085911700452167,1,Медленный класс (neutron/proton-like),False
1188,160497566073171,1112.0,103,12649.0,7761.0,4888.0,0.3864337101747174,1,Медленный класс (neutron/proton-like),False
1189,160652049437725,353.0,101,2858.0,1868.0,990.0,0.3463960811756473,1,Медленный класс (neutron/proton-like),False
1190,160739219697069,12449.0,105,92352.0,84049.0,8303.0,0.08990601178101178,0,Быстрый класс (gamma/electron-like),False
1191,160862060227773,318.5,100,2646.0,1825.5,820.5,0.3100907029478458,1,Медленный класс (neutron/proton-like),False
1192,160902477067529,4136.0,104,44635.0,30023.0,14612.0,0.3273664164893021,1,Медленный класс (neutron/proton-like),False
1193,160904858873764,343.5,102,4080.5,2671.5,1409.0,0.34530082097782133,1,Медленный класс (neutron/proton-like),False
1194,160924099416525,1914.0,103,22948.0,14490.0,8458.0,0.36857242461216666,1,Медленный класс (neutron/proton-like),False
1195,161045241733393,3456.0,103,26984.0,23347.0,3637.0,0.13478357545211977,0,Быстрый класс (gamma/electron-like),False
1196,161219642224017,15380.5,102,246598.5,162362.5,84236.0,0.3415916966242698,-1,Исключён: насыщение,True
1197,161263339630060,4317.0,104,46821.0,32841.0,13980.0,0.29858396873197923,1,Медленный класс (neutron/proton-like),False
1198,161383216373799,1657.5,103,20258.5,12826.5,7432.0,0.3668583557519066,1,Медленный класс (neutron/proton-like),False
1199,161570743983342,963.0,102,6686.0,5688.0,998.0,0.1492671253365241,0,Быстрый класс (gamma/electron-like),False
1200,161842870885202,1580.0,103,11839.0,10253.0,1586.0,0.13396401723118506,0,Быстрый класс (gamma/electron-like),False
1201,161977766775108,377.0,102,4191.0,2398.0,1793.0,0.42782152230971127,1,Медленный класс (neutron/proton-like),False
1202,162059627119800,1826.0,104,20372.0,13489.0,6883.0,0.33786569801688593,1,Медленный класс (neutron/proton-like),False
1203,162297013415831,7196.0,104,54270.0,48054.0,6216.0,0.11453841901603096,0,Быстрый класс (gamma/electron-like),False
1204,162594092548671,359.0,100,4593.0,2728.0,1865.0,0.40605268887437407,1,Медленный класс (neutron/proton-like),False
1205,162657172478690,650.0,103,9185.0,5247.0,3938.0,0.4287425149700599,1,Медленный класс (neutron/proton-like),False
1206,163130990473428,1343.0,102,10193.0,8620.0,1573.0,0.15432159325026978,0,Быстрый класс (gamma/electron-like),False
1207,163149139268809,14283.0,104,98923.0,88790.0,10133.0,0.1024332056245767,-1,Исключён: насыщение,True
1208,163296172742311,434.0,102,3640.0,2874.0,766.0,0.21043956043956044,0,Быстрый класс (gamma/electron-like),False
1209,163338756338358,403.0,100,5541.0,3178.0,2363.0,0.4264573181736149,1,Медленный класс (neutron/proton-like),False
1210,163518949197819,619.0,102,4243.0,3538.0,705.0,0.16615602168277163,0,Быстрый класс (gamma/electron-like),False
1211,163561585714417,4462.0,103,32335.0,28371.0,3964.0,0.12259161898871192,0,Быстрый класс (gamma/electron-like),False
1212,163579737902627,1099.0,103,10416.0,8419.0,1997.0,0.1917242703533026,0,Быстрый класс (gamma/electron-like),False
1213,163598563576468,648.0,102,5476.0,4496.0,980.0,0.1789627465303141,0,Быстрый класс (gamma/electron-like),False
1214,163675119628623,339.0,101,3067.0,2309.0,758.0,0.24714704923377895,1,Медленный класс (neutron/proton-like),False
1215,163697908975170,331.0,100,3245.0,2210.0,1035.0,0.3189522342064715,1,Медленный класс (neutron/proton-like),False
1216,163758439791522,15380.0,103,320633.0,161911.0,158722.0,0.4950270246668309,-1,Исключён: насыщение,True
1217,163862134442806,7514.0,104,55483.0,49128.0,6355.0,0.11453958870284592,0,Быстрый класс (gamma/electron-like),False
1218,163971591804441,2157.0,103,26095.0,16713.0,9382.0,0.35953247748610845,1,Медленный класс (neutron/proton-like),False
1219,164087061672574,3915.0,104,42881.0,28220.0,14661.0,0.3418996758471118,1,Медленный класс (neutron/proton-like),False
1220,164276455815053,3293.0,104,26497.0,23271.0,3226.0,0.12174963203381516,0,Быстрый класс (gamma/electron-like),False
1221,164314655373783,3160.0,104,33443.0,22677.0,10766.0,0.3219208803038005,1,Медленный класс (neutron/proton-like),False
1222,164414911757276,2859.5,104,34021.0,20771.5,13249.5,0.3894506334322918,1,Медленный класс (neutron/proton-like),False
1223,164608113601312,1309.5,103,11228.0,9488.5,1739.5,0.15492518703241895,0,Быстрый класс (gamma/electron-like),False
1224,164622527220152,2823.0,103,35156.0,22424.0,12732.0,0.3621572420070543,1,Медленный класс (neutron/proton-like),False
1225,164637172680100,1064.5,102,7159.5,5973.5,1186.0,0.1656540261191424,0,Быстрый класс (gamma/electron-like),False
1226,164645938015214,3045.5,103,32659.5,21548.5,11111.0,0.3402072903749292,1,Медленный класс (neutron/proton-like),False
1227,165249463704592,336.0,100,2793.0,2153.0,640.0,0.22914428929466524,0,Быстрый класс (gamma/electron-like),False
1228,165283666582006,4809.5,104,52773.0,36181.5,16591.5,0.3143937240634415,1,Медленный класс (neutron/proton-like),False
1229,165312864908850,1311.0,102,8915.0,7669.0,1246.0,0.13976444195176668,0,Быстрый класс (gamma/electron-like),False
1230,165384524581123,327.5,100,2859.0,2169.0,690.0,0.24134312696747115,1,Медленный класс (neutron/proton-like),False
1231,165397762486197,3368.5,104,36533.5,24752.5,11781.0,0.322471156609687,1,Медленный класс (neutron/proton-like),False
1232,165533776632819,4861.5,104,52063.5,35771.5,16292.0,0.31292556205403016,1,Медленный класс (neutron/proton-like),False
1233,165580128969060,14424.0,105,111809.0,99329.0,12480.0,0.11161892155372108,-1,Исключён: насыщение,True
1234,165730459256359,6481.0,104,48696.0,44064.0,4632.0,0.09512074913750616,0,Быстрый класс (gamma/electron-like),False
1235,165910979995620,15380.0,104,118451.0,104753.0,13698.0,0.1156427552321213,-1,Исключён: насыщение,True
1236,166013783834709,427.0,103,4092.0,3273.0,819.0,0.2001466275659824,0,Быстрый класс (gamma/electron-like),False
1237,166121197758099,3802.0,103,40608.0,27456.0,13152.0,0.32387706855791965,1,Медленный класс (neutron/proton-like),False
1238,166326753455417,1260.0,103,9972.0,8455.0,1517.0,0.15212595266746892,0,Быстрый класс (gamma/electron-like),False
1239,166434555255698,4311.0,104,33327.0,29512.0,3815.0,0.11447174963243016,0,Быстрый класс (gamma/electron-like),False
1240,166435800619546,3586.0,104,36694.0,24387.0,12307.0,0.33539543249577586,1,Медленный класс (neutron/proton-like),False
1241,166472903006136,2037.0,104,24009.0,16322.0,7687.0,0.3201716023157982,1,Медленный класс (neutron/proton-like),False
1242,166739193192682,2476.0,104,27750.0,18739.0,9011.0,0.3247207207207207,1,Медленный класс (neutron/proton-like),False
1243,166856929836196,3455.0,103,37538.0,24888.0,12650.0,0.33699184826042944,1,Медленный класс (neutron/proton-like),False
1244,166896157375865,15380.0,103,265440.0,161727.0,103713.0,0.39072106690777575,-1,Исключён: насыщение,True
1245,167003192453920,324.0,101,3130.0,2402.0,728.0,0.23258785942492013,0,Быстрый класс (gamma/electron-like),False
1246,167194295875120,591.0,101,5125.0,4151.0,974.0,0.19004878048780488,0,Быстрый класс (gamma/electron-like),False
1247,167309655893041,754.5,103,9597.5,5436.5,4161.0,0.4335504037509768,1,Медленный класс (neutron/proton-like),False
1248,167527720131253,2240.0,103,24445.0,16002.0,8443.0,0.345387604827163,1,Медленный класс (neutron/proton-like),False
1249,167573765055077,475.0,102,3789.0,3119.0,670.0,0.17682765901293218,0,Быстрый класс (gamma/electron-like),False
1250,167703654803147,996.0,103,13516.0,7819.0,5697.0,0.42150044391831903,1,Медленный класс (neutron/proton-like),False
1251,167719333611670,313.0,100,4336.0,2255.0,2081.0,0.4799354243542435,1,Медленный класс (neutron/proton-like),False
1252,167724206840344,5550.0,104,41859.0,37824.0,4035.0,0.09639504049308392,0,Быстрый класс (gamma/electron-like),False
1253,168137344377042,513.5,101,4376.0,3486.5,889.5,0.20326782449725778,0,Быстрый класс (gamma/electron-like),False
1254,168149855601091,458.0,101,3499.0,2700.0,799.0,0.22835095741640468,0,Быстрый класс (gamma/electron-like),False
1255,168312554718991,741.0,103,5969.0,4662.0,1307.0,0.21896465069525883,0,Быстрый класс (gamma/electron-like),False
1256,168594373296620,1381.0,103,17920.0,11488.0,6432.0,0.35892857142857143,1,Медленный класс (neutron/proton-like),False
1257,169005618431592,351.0,101,3208.0,2544.0,664.0,0.20698254364089774,0,Быстрый класс (gamma/electron-like),False
1258,169019756558040,1939.0,103,22944.0,14442.0,8502.0,0.3705543933054393,1,Медленный класс (neutron/proton-like),False
1259,169886064109530,537.0,102,4173.0,3494.0,679.0,0.16271267673136833,0,Быстрый класс (gamma/electron-like),False
1260,170068517318877,2243.0,103,25228.0,16318.0,8910.0,0.3531790074520374,1,Медленный класс (neutron/proton-like),False
1261,170564245181026,15379.0,103,301470.0,172308.0,129162.0,0.42844064085978706,-1,Исключён: насыщение,True
1262,170605091083608,430.0,102,3521.0,2716.0,805.0,0.2286282306163022,0,Быстрый класс (gamma/electron-like),False
1263,170648838207463,2306.0,104,27032.0,17765.0,9267.0,0.34281592187037585,1,Медленный класс (neutron/proton-like),False
1264,170674495258994,15380.0,103,151129.0,128499.0,22630.0,0.1497396264118733,-1,Исключён: насыщение,True
1265,170712913464972,2380.0,103,18576.0,15816.0,2760.0,0.14857881136950904,0,Быстрый класс (gamma/electron-like),False
1266,170996412420470,2637.0,104,28635.0,19657.0,8978.0,0.3135323904312904,1,Медленный класс (neutron/proton-like),False
1267,171063200467721,4565.5,104,36921.0,32766.5,4154.5,0.11252403781046018,0,Быстрый класс (gamma/electron-like),False
1268,171208039253312,319.0,100,4043.0,2245.0,1798.0,0.4447192678703933,1,Медленный класс (neutron/proton-like),False
1269,171233691236464,1326.0,102,14540.0,9396.0,5144.0,0.35378266850068774,1,Медленный класс (neutron/proton-like),False
1270,171269149944514,389.0,101,3026.0,2354.0,672.0,0.22207534699272968,0,Быстрый класс (gamma/electron-like),False
1271,171390014926345,15379.0,103,143877.0,125267.0,18610.0,0.12934659466071713,-1,Исключён: насыщение,True
1272,171436992614522,721.0,101,8592.0,4805.0,3787.0,0.4407588454376164,1,Медленный класс (neutron/proton-like),False
1273,171534388147256,4858.0,104,36329.0,32466.0,3863.0,0.10633378292823915,0,Быстрый класс (gamma/electron-like),False
1274,171684804583834,340.0,101,4044.0,2218.0,1826.0,0.4515331355093966,1,Медленный класс (neutron/proton-like),False
1275,171804936441327,856.5,104,12045.5,7875.5,4170.0,0.3461873728778382,1,Медленный класс (neutron/proton-like),False
1276,171915171295385,5467.0,104,42338.0,37452.0,4886.0,0.11540460106759885,0,Быстрый класс (gamma/electron-like),False
1277,172185964896745,1392.5,102,10754.5,9139.0,1615.5,0.15021618857222557,0,Быстрый класс (gamma/electron-like),False
1278,172223977454834,1979.0,103,22122.0,14431.0,7691.0,0.3476629599493717,1,Медленный класс (neutron/proton-like),False
1279,172352598682107,2158.0,102,17441.0,15164.0,2277.0,0.13055444068574049,0,Быстрый класс (gamma/electron-like),False
1280,172655049162939,1274.0,102,15617.0,9232.0,6385.0,0.408849330857399,1,Медленный класс (neutron/proton-like),False
1281,172669669855658,978.0,102,11106.0,6872.0,4234.0,0.3812353682694039,1,Медленный класс (neutron/proton-like),False
1282,172782004488682,1878.0,103,22803.0,14217.0,8586.0,0.3765294040257861,1,Медленный класс (neutron/proton-like),False
1283,172789562514467,1963.5,103,16175.0,13970.5,2204.5,0.13629057187017002,0,Быстрый класс (gamma/electron-like),False
1284,173053735496534,1090.0,103,8862.0,7554.0,1308.0,0.14759647935003387,0,Быстрый класс (gamma/electron-like),False
1285,173127384696231,4796.5,103,38153.0,33763.5,4389.5,0.11504993054281445,0,Быстрый класс (gamma/electron-like),False
1286,173377437554596,691.5,102,5610.0,4661.5,948.5,0.16907308377896613,0,Быстрый класс (gamma/electron-like),False
1287,173386222832618,6029.0,104,45912.0,41107.0,4805.0,0.10465673462275658,0,Быстрый класс (gamma/electron-like),False
1288,173553084602674,1382.0,102,14335.0,8983.0,5352.0,0.3733519358214161,1,Медленный класс (neutron/proton-like),False
1289,173576045563088,2221.5,104,25001.0,15892.5,9108.5,0.3643254269829207,1,Медленный класс (neutron/proton-like),False
1290,173792197052010,3963.0,103,29900.0,27041.0,2859.0,0.09561872909698997,0,Быстрый класс (gamma/electron-like),False
1291,174161330760909,6476.0,104,49099.0,43783.0,5316.0,0.10827104421678649,0,Быстрый класс (gamma/electron-like),False
1292,174172552213447,1289.0,103,9794.0,7939.0,1855.0,0.18940167449458853,0,Быстрый класс (gamma/electron-like),False
1293,174241081284485,4351.0,103,32633.0,28586.0,4047.0,0.12401556706401495,0,Быстрый класс (gamma/electron-like),False
1294,174279826515218,326.0,100,4363.0,2250.0,2113.0,0.4842997937199175,1,Медленный класс (neutron/proton-like),False
1295,174577148265542,4617.5,104,49641.5,33436.5,16205.0,0.32644057895107925,1,Медленный класс (neutron/proton-like),False
1296,174635068808994,4069.0,105,46229.0,32260.0,13969.0,0.3021696337796621,1,Медленный класс (neutron/proton-like),False
1297,174809194094340,5334.0,103,38780.0,34132.0,4648.0,0.11985559566787003,0,Быстрый класс (gamma/electron-like),False
1298,174810757902485,4532.0,103,49575.0,34021.0,15554.0,0.31374684820978316,1,Медленный класс (neutron/proton-like),False
1299,174926315398489,3284.0,103,24676.0,21417.0,3259.0,0.13207164856540768,0,Быстрый класс (gamma/electron-like),False
1300,175133023537350,598.0,101,2342.0,1933.0,409.0,0.17463706233988044,0,Быстрый класс (gamma/electron-like),False
1301,175474250972428,560.0,102,4489.0,3540.0,949.0,0.21140565827578525,0,Быстрый класс (gamma/electron-like),False
1302,175484204154564,804.0,102,5682.0,4605.0,1077.0,0.18954593453009505,0,Быстрый класс (gamma/electron-like),False
1303,175571780574870,15380.0,103,216726.0,167681.0,49045.0,0.22629956719544495,-1,Исключён: насыщение,True
1304,176016838833381,912.0,103,6258.0,5504.0,754.0,0.12048577820389901,0,Быстрый класс (gamma/electron-like),False
1305,176035608765487,1227.0,103,15991.0,9627.0,6364.0,0.39797386029641674,1,Медленный класс (neutron/proton-like),False
1306,176076476654219,4641.5,103,55473.5,36305.5,19168.0,0.34553435424121426,1,Медленный класс (neutron/proton-like),False
1307,176102047512643,6180.0,104,46633.0,41410.0,5223.0,0.11200223018034439,0,Быстрый класс (gamma/electron-like),False
1308,176411063400976,479.0,101,4110.0,2951.0,1159.0,0.28199513381995134,1,Медленный класс (neutron/proton-like),False
1309,176641578505974,386.0,101,3588.0,2800.0,788.0,0.21962095875139354,0,Быстрый класс (gamma/electron-like),False
1310,177086344906367,4771.0,103,56797.0,38032.0,18765.0,0.3303871683363558,1,Медленный класс (neutron/proton-like),False
1311,177423857530799,851.0,102,6802.0,5509.0,1293.0,0.19009114966186416,0,Быстрый класс (gamma/electron-like),False
1312,177568525989959,671.0,103,7880.0,4939.0,2941.0,0.3732233502538071,1,Медленный класс (neutron/proton-like),False
1313,177750027580094,15379.0,102,282176.0,159923.0,122253.0,0.4332508788841007,-1,Исключён: насыщение,True
1314,177853230559241,830.0,103,6301.0,5281.0,1020.0,0.1618790668147913,0,Быстрый класс (gamma/electron-like),False
1315,178069030871913,15379.0,103,264633.0,164259.0,100374.0,0.37929509925066035,-1,Исключён: насыщение,True
1316,178236207500722,3323.0,103,23327.0,20523.0,2804.0,0.12020405538646203,0,Быстрый класс (gamma/electron-like),False
1317,178522892427929,370.0,101,4533.0,2528.0,2005.0,0.442311934701081,1,Медленный класс (neutron/proton-like),False
1318,178696902237358,950.0,103,9928.0,6363.0,3565.0,0.35908541498791297,1,Медленный класс (neutron/proton-like),False
1319,178834289294001,5207.0,104,57160.0,39376.0,17784.0,0.3111266620013996,1,Медленный класс (neutron/proton-like),False
1320,178843728142031,4936.0,104,53321.0,36549.0,16772.0,0.3145477391646818,1,Медленный класс (neutron/proton-like),False
1321,178993511546666,15381.0,103,187704.0,155010.0,32694.0,0.17417849379874698,-1,Исключён: насыщение,True
1322,179193314969510,2799.0,104,31840.0,20184.0,11656.0,0.36608040201005027,1,Медленный класс (neutron/proton-like),False
1323,179211612573569,935.0,103,7728.0,6588.0,1140.0,0.14751552795031056,0,Быстрый класс (gamma/electron-like),False
1324,179320493521327,817.5,102,6264.5,4881.0,1383.5,0.2208476334903025,0,Быстрый класс (gamma/electron-like),False
1325,179432981616905,642.0,101,8013.0,4627.0,3386.0,0.4225633345813054,1,Медленный класс (neutron/proton-like),False
1326,179583688380011,4361.0,103,47575.0,32767.0,14808.0,0.31125591171833944,1,Медленный класс (neutron/proton-like),False
1327,179652461512929,415.0,102,3683.0,2966.0,717.0,0.19467825142546838,0,Быстрый класс (gamma/electron-like),False
1328,179684682206803,5767.0,105,45060.0,41003.0,4057.0,0.09003550821127386,0,Быстрый класс (gamma/electron-like),False
1329,180074378018377,15381.0,103,278344.0,173729.0,104615.0,0.3758478716983301,-1,Исключён: насыщение,True
1330,180157992509061,466.0,102,3941.0,3000.0,941.0,0.23877188530829738,0,Быстрый класс (gamma/electron-like),False
1331,180162979968622,4927.0,104,53988.0,35626.0,18362.0,0.3401126176187301,1,Медленный класс (neutron/proton-like),False
1332,180255439850807,2529.0,103,29570.0,20303.0,9267.0,0.31339195130199526,1,Медленный класс (neutron/proton-like),False
1333,180357028217460,559.0,102,4980.0,3972.0,1008.0,0.20240963855421687,0,Быстрый класс (gamma/electron-like),False
1334,180364124688994,3202.0,104,24002.0,21100.0,2902.0,0.12090659111740688,0,Быстрый класс (gamma/electron-like),False
1335,180446242113490,454.0,103,4251.0,3315.0,936.0,0.22018348623853212,0,Быстрый класс (gamma/electron-like),False
1336,180700901655037,511.0,101,3695.0,2878.0,817.0,0.22110960757780784,0,Быстрый класс (gamma/electron-like),False
1337,180834221953417,3611.0,104,38987.0,26869.0,12118.0,0.3108215559032498,1,Медленный класс (neutron/proton-like),False
1338,180904959913386,2694.0,104,20040.0,17435.0,2605.0,0.12999001996007983,0,Быстрый класс (gamma/electron-like),False
1339,180998873690279,449.0,100,3364.0,2584.0,780.0,0.2318668252080856,0,Быстрый класс (gamma/electron-like),False
1340,181228008057593,903.0,102,11824.0,6884.0,4940.0,0.41779431664411365,1,Медленный класс (neutron/proton-like),False
1341,181267394801819,851.0,104,7339.0,6266.0,1073.0,0.14620520506881046,0,Быстрый класс (gamma/electron-like),False
1342,181677083887041,975.0,103,10828.0,6947.0,3881.0,0.3584226080531954,1,Медленный класс (neutron/proton-like),False
1343,181721786233018,5600.0,105,61148.0,43603.0,17545.0,0.2869268005494865,1,Медленный класс (neutron/proton-like),False
1344,181724379459049,877.0,102,11514.0,6951.0,4563.0,0.3963001563314226,1,Медленный класс (neutron/proton-like),False
1345,181765426252414,3376.0,103,36035.0,23648.0,12387.0,0.34374913278756764,1,Медленный класс (neutron/proton-like),False
1346,181808905792490,472.0,101,5252.0,3212.0,2040.0,0.38842345773038844,1,Медленный класс (neutron/proton-like),False
1347,181895675273960,442.0,102,6308.0,3728.0,2580.0,0.409004438807863,1,Медленный класс (neutron/proton-like),False
1348,182020995780053,2060.0,102,24280.0,15099.0,9181.0,0.3781301482701812,1,Медленный класс (neutron/proton-like),False
1349,182054438790000,303.0,100,1944.0,1314.0,630.0,0.32407407407407407,1,Медленный класс (neutron/proton-like),False
1350,182055587591897,741.0,103,9837.0,5975.0,3862.0,0.39259936972654264,1,Медленный класс (neutron/proton-like),False
1351,182165165097615,818.0,103,9442.0,5714.0,3728.0,0.3948316034738403,1,Медленный класс (neutron/proton-like),False
1352,182584499598526,1963.0,103,21526.0,14159.0,7367.0,0.3422372944346372,1,Медленный класс (neutron/proton-like),False
1353,182832833795562,597.0,102,8129.0,4920.0,3209.0,0.39475950301390084,1,Медленный класс (neutron/proton-like),False
1354,183135559085894,3897.0,104,29877.0,26152.0,3725.0,0.12467784583458848,0,Быстрый класс (gamma/electron-like),False
1355,183147262936353,1443.0,102,17312.0,10733.0,6579.0,0.380025415896488,1,Медленный класс (neutron/proton-like),False
1356,183149497501491,531.0,102,4707.0,3713.0,994.0,0.21117484597408115,0,Быстрый класс (gamma/electron-like),False
1357,183191997802886,1438.0,103,17086.0,10765.0,6321.0,0.3699520074915135,1,Медленный класс (neutron/proton-like),False
1358,183669187692714,1774.0,104,13202.0,11417.0,1785.0,0.1352067868504772,0,Быстрый класс (gamma/electron-like),False
1359,183736362783514,504.0,102,5577.0,3400.0,2177.0,0.39035323650708265,1,Медленный класс (neutron/proton-like),False
1360,183838217435159,1153.0,102,15245.0,8851.0,6394.0,0.4194162020334536,1,Медленный класс (neutron/proton-like),False
1361,183877526844121,1601.5,102,18118.5,11359.5,6759.0,0.37304412616938487,1,Медленный класс (neutron/proton-like),False
1362,183994879116610,4896.0,104,37727.0,33179.0,4548.0,0.12055026903808944,0,Быстрый класс (gamma/electron-like),False
1363,183999970924059,2004.0,103,14247.0,12438.0,1809.0,0.1269740998104864,0,Быстрый класс (gamma/electron-like),False
1364,184056069754729,15379.0,103,244338.0,170987.0,73351.0,0.30020299748708756,-1,Исключён: насыщение,True
1365,184091473158517,15381.0,103,132140.0,116062.0,16078.0,0.12167398214015439,-1,Исключён: насыщение,True
1366,184247104234513,406.5,101,3825.5,2884.5,941.0,0.24598091752712065,1,Медленный класс (neutron/proton-like),False
1367,184511677662321,4590.0,104,47329.0,32961.0,14368.0,0.30357708804327155,1,Медленный класс (neutron/proton-like),False
1368,184882917422375,3495.0,103,37615.0,24081.0,13534.0,0.3598032699720856,1,Медленный класс (neutron/proton-like),False
1369,184887295465257,364.0,100,2769.0,1908.0,861.0,0.31094257854821233,1,Медленный класс (neutron/proton-like),False
1370,184920853320847,1187.0,104,14150.0,9231.0,4919.0,0.34763250883392227,1,Медленный класс (neutron/proton-like),False
1371,185029499294173,2549.0,103,18062.0,15827.0,2235.0,0.12374044956261765,0,Быстрый класс (gamma/electron-like),False
1372,185136729193732,5073.0,104,39679.0,35087.0,4592.0,0.11572872300209179,0,Быстрый класс (gamma/electron-like),False
1373,185166450008474,2992.0,103,35615.0,22740.0,12875.0,0.3615049838551172,1,Медленный класс (neutron/proton-like),False
1374,185267643773154,393.0,101,2689.0,2080.0,609.0,0.22647824470063221,0,Быстрый класс (gamma/electron-like),False
1375,185309885851205,912.0,103,10111.0,6148.0,3963.0,0.391949362080902,1,Медленный класс (neutron/proton-like),False
1376,185357253840573,1013.0,102,11441.0,7084.0,4357.0,0.38082335460187045,1,Медленный класс (neutron/proton-like),False
1377,185385565164258,4601.0,104,47395.0,33462.0,13933.0,0.2939761578225551,1,Медленный класс (neutron/proton-like),False
1378,185410103127441,2293.0,104,25594.0,15958.0,9636.0,0.3764944908963038,1,Медленный класс (neutron/proton-like),False
1379,186128346568897,420.0,100,5958.0,3278.0,2680.0,0.4498153742866734,1,Медленный класс (neutron/proton-like),False
1380,186130634200208,2121.0,103,15346.0,13560.0,1786.0,0.11638211911898866,0,Быстрый класс (gamma/electron-like),False
1381,186219570023849,521.0,103,6591.0,3626.0,2965.0,0.44985586405704747,1,Медленный класс (neutron/proton-like),False
1382,186240398000001,9117.0,104,70337.0,62616.0,7721.0,0.10977152849851429,0,Быстрый класс (gamma/electron-like),False
1383,186359495392147,466.0,101,6013.0,3320.0,2693.0,0.44786296357891237,1,Медленный класс (neutron/proton-like),False
1384,186380281521315,3331.0,104,39601.0,25560.0,14041.0,0.35456175349107344,1,Медленный класс (neutron/proton-like),False
1385,186396639578122,2033.0,102,15232.0,13376.0,1856.0,0.12184873949579832,0,Быстрый класс (gamma/electron-like),False
1386,186690172058689,3478.0,103,38226.0,26220.0,12006.0,0.3140794223826715,1,Медленный класс (neutron/proton-like),False
1387,186762340283537,636.0,103,8819.0,5260.0,3559.0,0.4035604943871187,1,Медленный класс (neutron/proton-like),False
1388,186857632081217,1213.0,103,9137.0,7733.0,1404.0,0.1536609390390719,0,Быстрый класс (gamma/electron-like),False
1389,186873997216724,10834.0,104,79951.0,71727.0,8224.0,0.10286300358969869,0,Быстрый класс (gamma/electron-like),False
1390,186960750373456,3694.0,104,28661.0,25517.0,3144.0,0.10969610271797914,0,Быстрый класс (gamma/electron-like),False
1391,187134689196791,2389.0,103,18920.0,16131.0,2789.0,0.14741014799154334,0,Быстрый класс (gamma/electron-like),False
1392,187228332853232,2894.0,105,33800.0,23484.0,10316.0,0.30520710059171596,1,Медленный класс (neutron/proton-like),False
1393,187503041626614,5216.5,104,54211.5,37363.5,16848.0,0.3107827674939819,1,Медленный класс (neutron/proton-like),False
1394,187587179348351,3176.0,103,34667.0,22921.0,11746.0,0.3388236651570658,1,Медленный класс (neutron/proton-like),False
1395,187693452923093,428.0,101,3006.0,2527.0,479.0,0.15934797072521623,0,Быстрый класс (gamma/electron-like),False
1396,187763133767443,679.0,103,5716.0,4380.0,1336.0,0.23372988103568929,0,Быстрый класс (gamma/electron-like),False
1397,187767888911029,496.0,101,4018.0,3042.0,976.0,0.242906918865107,1,Медленный класс (neutron/proton-like),False
1398,187862875135787,4364.0,104,33150.0,29445.0,3705.0,0.11176470588235295,0,Быстрый класс (gamma/electron-like),False
1399,188005061892487,860.0,101,7663.0,5962.0,1701.0,0.2219757275218583,0,Быстрый класс (gamma/electron-like),False
1400,188098065458379,3194.0,104,36789.0,24243.0,12546.0,0.3410258501182419,1,Медленный класс (neutron/proton-like),False
1401,188129347634412,470.0,101,3517.0,2772.0,745.0,0.21182826272391242,0,Быстрый класс (gamma/electron-like),False
1402,188139214077123,351.0,101,5312.0,2932.0,2380.0,0.4480421686746988,1,Медленный класс (neutron/proton-like),False
1403,188254667567217,508.0,101,6689.0,3639.0,3050.0,0.45597249215129315,1,Медленный класс (neutron/proton-like),False
1404,188263622314811,3019.0,103,22751.0,19790.0,2961.0,0.13014812535712716,0,Быстрый класс (gamma/electron-like),False
1405,188420408966219,5227.0,103,40421.0,35189.0,5232.0,0.12943766853863092,0,Быстрый класс (gamma/electron-like),False
1406,188535088395890,350.0,101,3754.0,2311.0,1443.0,0.3843899840170485,1,Медленный класс (neutron/proton-like),False
1407,188627462560854,4144.0,104,30646.0,27302.0,3344.0,0.10911701363962671,0,Быстрый класс (gamma/electron-like),False
1408,188700832098573,3863.0,104,29236.0,26287.0,2949.0,0.10086879190039677,0,Быстрый класс (gamma/electron-like),False
1409,188895220176974,676.0,101,6108.0,3814.0,2294.0,0.3755730189914866,1,Медленный класс (neutron/proton-like),False
1410,188967036135476,501.0,102,3818.0,2945.0,873.0,0.2286537454164484,0,Быстрый класс (gamma/electron-like),False
1411,189009394008642,1420.0,103,11292.0,9553.0,1739.0,0.15400283386468297,0,Быстрый класс (gamma/electron-like),False
1412,189058907550046,1355.5,102,10319.5,8804.5,1515.0,0.14680943844178498,0,Быстрый класс (gamma/electron-like),False
1413,189264443667776,2917.5,104,32434.5,21616.5,10818.0,0.33353373722425195,1,Медленный класс (neutron/proton-like),False
1414,189334009400663,1454.0,103,15753.0,10035.0,5718.0,0.36297848028946866,1,Медленный класс (neutron/proton-like),False
1415,189517511880371,2698.0,103,30509.0,20001.0,10508.0,0.34442295716018223,1,Медленный класс (neutron/proton-like),False
1416,189677006256733,459.0,101,4152.0,3311.0,841.0,0.2025529865125241,0,Быстрый класс (gamma/electron-like),False
1417,189936958462349,3727.0,104,45503.0,29908.0,15595.0,0.34272465551721865,1,Медленный класс (neutron/proton-like),False
1418,190142972522726,5342.0,104,59493.0,40088.0,19405.0,0.32617282705528383,1,Медленный класс (neutron/proton-like),False
1419,190242172952730,1016.0,102,11141.0,6752.0,4389.0,0.393950273763576,1,Медленный класс (neutron/proton-like),False
1420,190329157857241,799.0,102,9953.0,5704.0,4249.0,0.42690646036370944,1,Медленный класс (neutron/proton-like),False
1421,190391135042588,1697.0,102,22138.0,13534.0,8604.0,0.3886529948504833,1,Медленный класс (neutron/proton-like),False
1422,190421415754733,805.0,102,7279.0,5852.0,1427.0,0.19604341255666988,0,Быстрый класс (gamma/electron-like),False
1423,190731661440108,555.0,101,4978.0,4019.0,959.0,0.1926476496584974,0,Быстрый класс (gamma/electron-like),False
1424,190743427407116,746.0,102,6168.0,5023.0,1145.0,0.1856355382619974,0,Быстрый класс (gamma/electron-like),False
1425,190784598687541,1225.0,103,15186.0,9235.0,5951.0,0.39187409456077965,1,Медленный класс (neutron/proton-like),False
1426,190887552937842,6478.0,104,51261.0,45090.0,6171.0,0.12038391759817405,0,Быстрый класс (gamma/electron-like),False
1427,191195132907311,1013.0,104,11270.0,7687.0,3583.0,0.3179236912156167,1,Медленный класс (neutron/proton-like),False
1428,191208502721046,892.0,103,6913.0,5687.0,1226.0,0.1773470273397946,0,Быстрый класс (gamma/electron-like),False
1429,191398578163195,460.5,103,6061.0,3740.5,2320.5,0.3828576142550734,1,Медленный класс (neutron/proton-like),False
1430,191402454788326,738.0,101,5732.0,4503.0,1229.0,0.2144103279832519,0,Быстрый класс (gamma/electron-like),False
1431,191464478140347,942.0,102,10789.0,6797.0,3992.0,0.37000648808972103,1,Медленный класс (neutron/proton-like),False
1432,191542678784968,597.0,101,4668.0,3624.0,1044.0,0.2236503856041131,0,Быстрый класс (gamma/electron-like),False
1433,192060285657811,508.0,102,3944.0,3078.0,866.0,0.21957403651115617,0,Быстрый класс (gamma/electron-like),False
1434,192098508425319,1782.0,103,12519.0,11070.0,1449.0,0.11574406901509705,0,Быстрый класс (gamma/electron-like),False
1435,192279849048232,1708.0,103,18911.0,12147.0,6764.0,0.35767542700015864,1,Медленный класс (neutron/proton-like),False
1436,192327711830044,2211.0,103,25555.0,16303.0,9252.0,0.36204265310115435,1,Медленный класс (neutron/proton-like),False
1437,192377756812679,449.0,102,6548.0,3559.0,2989.0,0.4564752596212584,1,Медленный класс (neutron/proton-like),False
1438,192517243466382,493.0,102,3935.0,3121.0,814.0,0.206861499364676,0,Быстрый класс (gamma/electron-like),False
1439,192521416672749,2451.0,103,24744.0,16101.0,8643.0,0.3492967992240543,1,Медленный класс (neutron/proton-like),False
1440,192659303175882,670.0,102,8663.0,5140.0,3523.0,0.406672053561122,1,Медленный класс (neutron/proton-like),False
1441,192742630634962,622.0,102,6820.0,4140.0,2680.0,0.39296187683284456,1,Медленный класс (neutron/proton-like),False
1442,192753178222534,830.0,104,10381.0,6397.0,3984.0,0.38377805606396304,1,Медленный класс (neutron/proton-like),False
1443,192831055192203,5565.0,103,41406.0,36545.0,4861.0,0.1173984446698546,0,Быстрый класс (gamma/electron-like),False
1444,192928562739554,330.0,100,2634.0,1723.0,911.0,0.3458618071374336,1,Медленный класс (neutron/proton-like),False
1445,193169126716731,3259.5,103,37481.5,24674.5,12807.0,0.341688566359404,1,Медленный класс (neutron/proton-like),False
1446,193275621574800,3135.0,103,33059.0,22063.0,10996.0,0.3326174415439063,1,Медленный класс (neutron/proton-like),False
1447,193331684618389,4649.0,103,51952.0,35418.0,16534.0,0.3182553125962427,1,Медленный класс (neutron/proton-like),False
1448,193336959051328,5109.0,104,38762.0,35304.0,3458.0,0.08921108301945203,0,Быстрый класс (gamma/electron-like),False
1449,193396159984171,431.0,101,3675.0,2945.0,730.0,0.19863945578231293,0,Быстрый класс (gamma/electron-like),False
1450,193410667641698,2721.0,105,32190.0,22395.0,9795.0,0.304287045666356,1,Медленный класс (neutron/proton-like),False
1451,193435552934322,2632.0,103,30539.0,19296.0,11243.0,0.3681521988277285,1,Медленный класс (neutron/proton-like),False
1452,193881237163334,1009.0,104,12993.0,8127.0,4866.0,0.37450935118910184,1,Медленный класс (neutron/proton-like),False
1453,193898429029452,1021.0,103,7745.0,6472.0,1273.0,0.16436410587475792,0,Быстрый класс (gamma/electron-like),False
1454,193908151734855,983.0,103,7821.0,6451.0,1370.0,0.1751694156757448,0,Быстрый класс (gamma/electron-like),False
1455,193966717072250,4254.0,104,45043.0,31139.0,13904.0,0.3086828141997647,1,Медленный класс (neutron/proton-like),False
1456,194051384504963,8398.5,104,59597.5,52927.5,6670.0,0.11191744620160242,0,Быстрый класс (gamma/electron-like),False
1457,194117536825241,919.0,103,7602.0,6535.0,1067.0,0.14035780057879504,0,Быстрый класс (gamma/electron-like),False
1458,194169686229027,4694.0,105,50027.0,34761.0,15266.0,0.305155216183261,1,Медленный класс (neutron/proton-like),False
1459,194225471635592,458.0,102,3592.0,2841.0,751.0,0.20907572383073497,0,Быстрый класс (gamma/electron-like),False
1460,194297425321772,316.0,100,3209.0,1481.0,1728.0,0.5384855095045186,1,Медленный класс (neutron/proton-like),False
1461,194567167938280,594.0,103,5251.0,4304.0,947.0,0.18034660064749572,0,Быстрый класс (gamma/electron-like),False
1462,194702635350452,410.0,101,3513.0,2767.0,746.0,0.21235411329348136,0,Быстрый класс (gamma/electron-like),False
1463,194875579560842,727.0,103,6265.0,4961.0,1304.0,0.20814046288906624,0,Быстрый класс (gamma/electron-like),False
1464,195315640017439,1510.0,104,17717.0,10915.0,6802.0,0.3839250437432974,1,Медленный класс (neutron/proton-like),False
1465,195365797884259,2226.0,104,17903.0,15606.0,2297.0,0.12830251913087193,0,Быстрый класс (gamma/electron-like),False
1466,195415526192177,3787.0,104,40732.0,27739.0,12993.0,0.31898752823333004,1,Медленный класс (neutron/proton-like),False
1467,195629065021632,534.0,103,6846.0,4450.0,2396.0,0.3499853929301782,1,Медленный класс (neutron/proton-like),False
1468,195890936908912,840.0,103,6392.0,5211.0,1181.0,0.1847622027534418,0,Быстрый класс (gamma/electron-like),False
1469,195951845494212,2322.0,103,22798.0,15449.0,7349.0,0.3223528379682428,1,Медленный класс (neutron/proton-like),False
1470,196116244285233,334.5,100,4583.5,2636.5,1947.0,0.4247845532889713,1,Медленный класс (neutron/proton-like),False
1471,196293163142562,1459.0,103,11581.0,9513.0,2068.0,0.17856834470253,0,Быстрый класс (gamma/electron-like),False
1472,196296891545236,1814.0,105,22540.0,14977.0,7563.0,0.33553682342502217,1,Медленный класс (neutron/proton-like),False
1473,196319758416481,3538.5,104,40084.0,26157.5,13926.5,0.347432890929049,1,Медленный класс (neutron/proton-like),False
1474,196680874030465,4407.0,104,50252.0,33167.0,17085.0,0.3399864682002706,1,Медленный класс (neutron/proton-like),False
1475,196708924867152,3863.0,104,41130.0,27488.0,13642.0,0.33168003890104547,1,Медленный класс (neutron/proton-like),False
1476,196949623815097,862.0,104,12344.0,7254.0,5090.0,0.4123460790667531,1,Медленный класс (neutron/proton-like),False
1477,197021570524834,594.0,102,8001.0,4938.0,3063.0,0.38282714660667416,1,Медленный класс (neutron/proton-like),False
1478,197038779034473,3495.0,103,28249.0,24621.0,3628.0,0.128429324931856,0,Быстрый класс (gamma/electron-like),False
1479,197257918555389,451.0,102,4716.0,2777.0,1939.0,0.4111535199321459,1,Медленный класс (neutron/proton-like),False
1480,197470239289065,1914.0,103,14771.0,12384.0,2387.0,0.16160043328142984,0,Быстрый класс (gamma/electron-like),False
1481,197526610028798,1062.0,102,8567.0,7113.0,1454.0,0.1697210225283063,0,Быстрый класс (gamma/electron-like),False
1482,197550757399433,498.5,103,7196.0,4109.5,3086.5,0.42891884380211226,1,Медленный класс (neutron/proton-like),False
1483,197674207221253,5492.5,104,56620.0,38885.5,17734.5,0.31321971034969975,1,Медленный класс (neutron/proton-like),False
1484,197712135952576,1936.0,103,23182.0,14669.0,8513.0,0.3672245707876801,1,Медленный класс (neutron/proton-like),False
1485,197846615372427,4220.0,104,44871.0,30639.0,14232.0,0.31717590425887543,1,Медленный класс (neutron/proton-like),False
1486,198106790633210,1386.0,102,11220.0,9381.0,1839.0,0.16390374331550803,0,Быстрый класс (gamma/electron-like),False
1487,198310722856068,3689.0,103,42405.0,27316.0,15089.0,0.35583068034429904,1,Медленный класс (neutron/proton-like),False
1488,198598411594530,352.0,102,3328.0,2636.0,692.0,0.20793269230769232,0,Быстрый класс (gamma/electron-like),False
1489,198598534812671,2082.0,103,22054.0,14624.0,7430.0,0.33690033554003807,1,Медленный класс (neutron/proton-like),False
1490,198642565803701,316.5,100,4272.0,2291.5,1980.5,0.4636001872659176,1,Медленный класс (neutron/proton-like),False
1491,198696350926206,4716.0,104,52260.0,35838.0,16422.0,0.31423650975889783,1,Медленный класс (neutron/proton-like),False
1492,198928752451609,1007.0,102,8448.0,6820.0,1628.0,0.19270833333333334,0,Быстрый класс (gamma/electron-like),False
1493,199051020186732,368.0,100,4330.0,2323.0,2007.0,0.4635103926096998,1,Медленный класс (neutron/proton-like),False
1494,199553421888889,4370.0,103,32535.0,28294.0,4241.0,0.13035192869217765,0,Быстрый класс (gamma/electron-like),False
1495,199918741967347,5868.0,104,42275.0,37175.0,5100.0,0.12063867534003549,0,Быстрый класс (gamma/electron-like),False
1496,200162501867624,606.0,102,7369.0,4642.0,2727.0,0.37006378070294477,1,Медленный класс (neutron/proton-like),False
1497,200191296594799,924.5,103,8162.0,6771.5,1390.5,0.17036265621171282,0,Быстрый класс (gamma/electron-like),False
1498,200224145436253,1585.0,103,17661.0,10730.0,6931.0,0.3924466338259442,1,Медленный класс (neutron/proton-like),False
1499,200260100604438,6043.0,104,45180.0,40796.0,4384.0,0.09703408587870739,0,Быстрый класс (gamma/electron-like),False
1500,200593266117452,879.0,102,6953.0,5606.0,1347.0,0.1937293254710197,0,Быстрый класс (gamma/electron-like),False
1501,200614243462560,1344.0,104,17259.0,11322.0,5937.0,0.34399443768468624,1,Медленный класс (neutron/proton-like),False
1502,201217208218499,3463.0,103,38170.0,25245.0,12925.0,0.33861671469740634,1,Медленный класс (neutron/proton-like),False
1503,201418864399975,378.0,102,3571.0,2712.0,859.0,0.24054886586390367,1,Медленный класс (neutron/proton-like),False
1504,201573791205483,904.5,102,8670.5,5596.5,3074.0,0.35453549391615247,1,Медленный класс (neutron/proton-like),False
1505,201575114171057,1572.0,103,11515.0,9858.0,1657.0,0.14389926183239254,0,Быстрый класс (gamma/electron-like),False
1506,201895936945015,690.0,102,5762.0,4421.0,1341.0,0.23273169038528288,0,Быстрый класс (gamma/electron-like),False
1507,202043948012826,1013.0,102,7619.0,6434.0,1185.0,0.15553222207638798,0,Быстрый класс (gamma/electron-like),False
1508,202085082169944,764.0,103,6523.0,5422.0,1101.0,0.16878736777556338,0,Быстрый класс (gamma/electron-like),False
1509,202227143495073,694.0,101,5780.0,4498.0,1282.0,0.22179930795847752,0,Быстрый класс (gamma/electron-like),False
1510,202235134914374,1331.0,102,9499.0,8510.0,989.0,0.10411622276029056,0,Быстрый класс (gamma/electron-like),False
1511,202322467983136,3082.0,104,32751.0,22025.0,10726.0,0.32750145033739425,1,Медленный класс (neutron/proton-like),False
1512,202355234516008,5437.0,104,58534.0,41028.0,17506.0,0.2990740424368743,1,Медленный класс (neutron/proton-like),False
1513,202470864818383,5172.0,104,56259.0,38816.0,17443.0,0.3100481700705665,1,Медленный класс (neutron/proton-like),False
1514,202534309233373,310.0,100,2796.0,2139.0,657.0,0.2349785407725322,0,Быстрый класс (gamma/electron-like),False
1515,202561125476955,11383.5,104,81066.0,73106.5,7959.5,0.09818542915648977,0,Быстрый класс (gamma/electron-like),False
1516,202724441366822,2407.5,104,18775.0,16257.5,2517.5,0.1340878828229028,0,Быстрый класс (gamma/electron-like),False
1517,203304602046001,1917.0,102,15230.0,12923.0,2307.0,0.15147734734077478,0,Быстрый класс (gamma/electron-like),False
1518,203364670827815,1027.0,104,10071.0,6940.0,3131.0,0.31089266209909644,1,Медленный класс (neutron/proton-like),False
1519,203933918398905,335.0,100,4017.0,2503.0,1514.0,0.37689818272342546,1,Медленный класс (neutron/proton-like),False
1520,204034803961866,1682.0,104,13158.0,11253.0,1905.0,0.14477884176926584,0,Быстрый класс (gamma/electron-like),False
1521,204051483329265,4538.0,104,48783.0,33290.0,15493.0,0.31759014410757846,1,Медленный класс (neutron/proton-like),False
1522,204131950343444,590.0,103,7380.0,4327.0,3053.0,0.41368563685636855,1,Медленный класс (neutron/proton-like),False
1523,204480849598053,508.0,100,3384.0,2748.0,636.0,0.1879432624113475,0,Быстрый класс (gamma/electron-like),False
1524,204598321487350,563.0,104,5549.0,4570.0,979.0,0.17642818525860515,0,Быстрый класс (gamma/electron-like),False
1525,204749657555807,3427.0,104,24622.0,21708.0,2914.0,0.11834944358703599,0,Быстрый класс (gamma/electron-like),False
1526,204781746858771,408.0,101,5523.0,3011.0,2512.0,0.4548252761180518,1,Медленный класс (neutron/proton-like),False
1527,204943872974263,857.0,101,10346.0,6189.0,4157.0,0.40179779624975837,1,Медленный класс (neutron/proton-like),False
1528,204943891070518,761.5,103,6933.0,5829.5,1103.5,0.15916630607240734,0,Быстрый класс (gamma/electron-like),False
1529,204976575094927,1695.0,102,13152.0,11210.0,1942.0,0.14765815085158152,0,Быстрый класс (gamma/electron-like),False
1530,205009428340811,2084.0,103,23087.0,14993.0,8094.0,0.3505869103824663,1,Медленный класс (neutron/proton-like),False
1531,205017551323275,3401.0,104,36639.0,23875.0,12764.0,0.3483719533830072,1,Медленный класс (neutron/proton-like),False
1532,205049582801548,4467.0,105,51183.0,35016.0,16167.0,0.315866596330813,1,Медленный класс (neutron/proton-like),False
1533,205138145598017,3273.0,103,40186.0,25556.0,14630.0,0.36405713432538694,1,Медленный класс (neutron/proton-like),False
1534,205378325771104,5849.0,105,66586.0,45425.0,21161.0,0.31779953744030276,1,Медленный класс (neutron/proton-like),False
1535,205453226170030,702.5,103,8478.5,5167.5,3311.0,0.3905171905407796,1,Медленный класс (neutron/proton-like),False
1536,205500030272318,15382.0,103,370593.0,170628.0,199965.0,0.5395811577660669,-1,Исключён: насыщение,True
1537,205600309359787,748.0,103,6051.0,4929.0,1122.0,0.18542389687654934,0,Быстрый класс (gamma/electron-like),False
1538,205680431456557,680.0,104,6245.0,5334.0,911.0,0.14587670136108888,0,Быстрый класс (gamma/electron-like),False
1539,205757794887927,773.0,102,5989.0,5113.0,876.0,0.1462681582901987,0,Быстрый класс (gamma/electron-like),False
1540,206076015126881,398.0,100,3147.0,2142.0,1005.0,0.31935176358436607,1,Медленный класс (neutron/proton-like),False
1541,206119624870260,2138.0,103,26250.0,17001.0,9249.0,0.3523428571428571,1,Медленный класс (neutron/proton-like),False
1542,206125197708005,2715.5,103,35375.0,23176.5,12198.5,0.34483392226148407,1,Медленный класс (neutron/proton-like),False
1543,206281873786232,3034.0,103,34124.0,22392.0,11732.0,0.34380494666510375,1,Медленный класс (neutron/proton-like),False
1544,206352163656380,2271.0,102,17729.0,15073.0,2656.0,0.149811044052118,0,Быстрый класс (gamma/electron-like),False
1545,206870343510823,1340.0,103,15745.0,10495.0,5250.0,0.3334391870435059,1,Медленный класс (neutron/proton-like),False
1546,207201167430624,514.0,102,7235.0,4111.0,3124.0,0.4317899101589496,1,Медленный класс (neutron/proton-like),False
1547,207352582071280,13356.0,104,97862.0,86989.0,10873.0,0.11110543418282888,0,Быстрый класс (gamma/electron-like),False
1548,207516269287952,461.0,103,5750.0,3571.0,2179.0,0.3789565217391304,1,Медленный класс (neutron/proton-like),False
1549,207689066803819,605.0,103,5721.0,4613.0,1108.0,0.19367243488900543,0,Быстрый класс (gamma/electron-like),False
1550,207825175002983,423.0,101,4282.0,2561.0,1721.0,0.4019149929939281,1,Медленный класс (neutron/proton-like),False
1551,208231842833734,5329.0,105,55668.0,39840.0,15828.0,0.2843285190773874,1,Медленный класс (neutron/proton-like),False
1552,208318480460035,850.0,103,11809.0,6770.0,5039.0,0.42670844271318487,1,Медленный класс (neutron/proton-like),False
1553,208368869850710,1322.0,102,14984.0,9387.0,5597.0,0.3735317672183663,1,Медленный класс (neutron/proton-like),False
1554,208434739497405,4691.5,104,50920.0,35068.5,15851.5,0.31130204241948156,1,Медленный класс (neutron/proton-like),False
1555,208487171911921,496.0,103,4679.0,3665.0,1014.0,0.21671297285744817,0,Быстрый класс (gamma/electron-like),False
1556,208584313520126,2895.0,102,30924.0,20742.0,10182.0,0.32925882809468376,1,Медленный класс (neutron/proton-like),False
1557,208921448650880,786.0,102,6622.0,5559.0,1063.0,0.16052552099063727,0,Быстрый класс (gamma/electron-like),False
1558,209070147489140,403.0,101,3292.0,2615.0,677.0,0.20565006075334144,0,Быстрый класс (gamma/electron-like),False
1559,209091126130791,892.5,102,10952.0,6488.5,4463.5,0.40755113221329436,1,Медленный класс (neutron/proton-like),False
1560,209265953576009,2293.5,104,25632.0,17244.5,8387.5,0.32722768414481895,1,Медленный класс (neutron/proton-like),False
1561,209676075884252,15382.0,102,327436.0,158436.0,169000.0,0.5161313966698836,-1,Исключён: насыщение,True
1562,209781170518319,4821.0,104,53137.0,35263.0,17874.0,0.33637578335246626,1,Медленный класс (neutron/proton-like),False
1563,209860535440243,3741.0,103,26705.0,23720.0,2985.0,0.11177682082007115,0,Быстрый класс (gamma/electron-like),False
1564,209889313550287,443.0,100,4459.0,2558.0,1901.0,0.42632877326754876,1,Медленный класс (neutron/proton-like),False
1565,210110768203944,668.0,103,5457.0,4108.0,1349.0,0.24720542422576508,1,Медленный класс (neutron/proton-like),False
1566,210204403031310,309.0,100,2704.0,1818.0,886.0,0.3276627218934911,1,Медленный класс (neutron/proton-like),False
1567,210339706226819,2435.0,104,28050.0,18526.0,9524.0,0.33953654188948307,1,Медленный класс (neutron/proton-like),False
1568,210343979508511,1719.0,102,11992.0,10704.0,1288.0,0.10740493662441628,0,Быстрый класс (gamma/electron-like),False
1569,210588765588091,1901.0,103,15268.0,13356.0,1912.0,0.12522923762116844,0,Быстрый класс (gamma/electron-like),False
1570,210740340401619,646.0,102,5543.0,4220.0,1323.0,0.2386794154789825,0,Быстрый класс (gamma/electron-like),False
1571,210752038322916,3295.0,104,36331.0,23960.0,12371.0,0.3405081060251576,1,Медленный класс (neutron/proton-like),False
1572,211381158051685,693.0,102,7805.0,4431.0,3374.0,0.43228699551569505,1,Медленный класс (neutron/proton-like),False
1573,211466144560617,8517.0,104,63331.0,56448.0,6883.0,0.10868295147715969,0,Быстрый класс (gamma/electron-like),False
1574,211606594772770,4253.0,104,45796.0,31690.0,14106.0,0.30801816752554806,1,Медленный класс (neutron/proton-like),False
1575,211922369313487,1932.0,104,22664.0,14548.0,8116.0,0.35810095305330036,1,Медленный класс (neutron/proton-like),False
1576,212097541488617,10142.0,104,73616.0,65771.0,7845.0,0.10656650728102586,0,Быстрый класс (gamma/electron-like),False
1577,212125630771775,1863.5,104,15459.0,13378.5,2080.5,0.13458179701144965,0,Быстрый класс (gamma/electron-like),False
1578,212355951536460,499.0,103,4540.0,3916.0,624.0,0.13744493392070484,0,Быстрый класс (gamma/electron-like),False
1579,212435795594995,953.0,104,8822.0,7454.0,1368.0,0.1550668782588982,0,Быстрый класс (gamma/electron-like),False
1580,212522750685773,369.0,101,3947.0,2326.0,1621.0,0.4106916645553585,1,Медленный класс (neutron/proton-like),False
1581,212579854638223,3352.0,103,39253.0,25511.0,13742.0,0.35008789137136015,1,Медленный класс (neutron/proton-like),False
1582,212643381588455,2241.0,103,23642.0,16049.0,7593.0,0.32116572202013366,1,Медленный класс (neutron/proton-like),False
1583,212668304196974,439.5,101,3481.5,2639.0,842.5,0.24199339365216144,1,Медленный класс (neutron/proton-like),False
1584,212674571740613,1834.0,103,14828.0,12706.0,2122.0,0.14310763420555705,0,Быстрый класс (gamma/electron-like),False
1585,212788909767741,429.0,101,6065.0,3214.0,2851.0,0.4700741962077494,1,Медленный класс (neutron/proton-like),False
1586,212812957206462,931.5,102,10238.0,6553.5,3684.5,0.3598847431138894,1,Медленный класс (neutron/proton-like),False
1587,212890705676701,7711.5,104,59523.5,52680.5,6843.0,0.1149629978075886,0,Быстрый класс (gamma/electron-like),False
1588,212966199736667,580.0,102,5244.0,4378.0,866.0,0.16514111365369946,0,Быстрый класс (gamma/electron-like),False
1589,213281820683085,533.0,102,7857.0,4439.0,3418.0,0.4350260913834797,1,Медленный класс (neutron/proton-like),False
1590,213486751485526,4346.0,104,45613.0,30959.0,14654.0,0.3212680595444281,1,Медленный класс (neutron/proton-like),False
1591,213623408582849,523.0,103,6123.0,3726.0,2397.0,0.3914747672709456,1,Медленный класс (neutron/proton-like),False
1592,213648112016589,15379.5,103,240103.0,171517.5,68585.5,0.28565032506882465,-1,Исключён: насыщение,True
1593,213660522786387,5882.0,103,43215.0,37538.0,5677.0,0.1313664236954761,0,Быстрый класс (gamma/electron-like),False
1594,213687279988559,5958.0,104,58895.0,40397.0,18498.0,0.3140843874692249,1,Медленный класс (neutron/proton-like),False
1595,213694019429424,6148.0,104,45303.0,40420.0,4883.0,0.1077853563781648,0,Быстрый класс (gamma/electron-like),False
1596,213924883546573,1547.0,102,18280.0,11763.0,6517.0,0.3565098468271335,1,Медленный класс (neutron/proton-like),False
1597,214098801290530,377.0,100,3210.0,2346.0,864.0,0.2691588785046729,1,Медленный класс (neutron/proton-like),False
1598,214238306608995,773.5,103,9916.5,5689.5,4227.0,0.4262592648615943,1,Медленный класс (neutron/proton-like),False
1599,214243710122018,907.0,102,9927.0,6185.0,3742.0,0.37695174775863804,1,Медленный класс (neutron/proton-like),False
1600,214267234388244,1252.0,103,16858.0,10379.0,6479.0,0.38432791552971884,1,Медленный класс (neutron/proton-like),False
1601,214496728649174,559.0,101,7487.0,4202.0,3285.0,0.43876051823160145,1,Медленный класс (neutron/proton-like),False
1602,214618375221599,805.0,103,5899.0,5000.0,899.0,0.1523987116460417,0,Быстрый класс (gamma/electron-like),False
1603,214624021601093,453.0,101,3603.0,2945.0,658.0,0.1826255897862892,0,Быстрый класс (gamma/electron-like),False
1604,214760529868612,1189.5,102,8652.5,7036.5,1616.0,0.18676683039583936,0,Быстрый класс (gamma/electron-like),False
1605,214766322985236,1626.0,103,11975.0,10235.0,1740.0,0.1453027139874739,0,Быстрый класс (gamma/electron-like),False
1606,214801410093303,1008.0,102,7944.0,6650.0,1294.0,0.16289023162134944,0,Быстрый класс (gamma/electron-like),False
1607,214872676461570,730.0,103,5419.0,4523.0,896.0,0.16534415943901087,0,Быстрый класс (gamma/electron-like),False
1608,215176986168493,5745.5,104,44030.0,38714.5,5315.5,0.12072450601862367,0,Быстрый класс (gamma/electron-like),False
1609,215416451313741,446.0,101,2350.0,1935.0,415.0,0.17659574468085107,0,Быстрый класс (gamma/electron-like),False
1610,215471449621982,869.0,103,6911.0,5702.0,1209.0,0.1749385038344668,0,Быстрый класс (gamma/electron-like),False
1611,215510058341756,677.0,103,5231.0,4287.0,944.0,0.18046262664882431,0,Быстрый класс (gamma/electron-like),False
1612,215642731467326,595.0,102,8068.0,4741.0,3327.0,0.41236985622211203,1,Медленный класс (neutron/proton-like),False
1613,215658764027679,784.0,103,9514.0,5583.0,3931.0,0.41318057599327307,1,Медленный класс (neutron/proton-like),False
1614,216095792023128,2615.0,105,29465.0,19637.0,9828.0,0.3335482776175123,1,Медленный класс (neutron/proton-like),False
1615,216290564256496,1853.5,103,13440.5,11283.5,2157.0,0.16048510100070681,0,Быстрый класс (gamma/electron-like),False
1616,216650178142878,2799.0,103,30941.0,20066.0,10875.0,0.351475388642901,1,Медленный класс (neutron/proton-like),False
1617,216698023015865,386.0,101,4960.0,2631.0,2329.0,0.4695564516129032,1,Медленный класс (neutron/proton-like),False
1618,216778297380492,4499.0,104,52337.0,34272.0,18065.0,0.34516689913445553,1,Медленный класс (neutron/proton-like),False
1619,216801481127386,1438.0,103,16986.0,11247.0,5739.0,0.33786647827622746,1,Медленный класс (neutron/proton-like),False
1620,216942516872040,1975.0,102,23307.0,14670.0,8637.0,0.37057536362466215,1,Медленный класс (neutron/proton-like),False
1621,217141534892220,4192.0,103,31417.0,27622.0,3795.0,0.12079447432918483,0,Быстрый класс (gamma/electron-like),False
1622,217242262986540,3112.0,103,22916.0,19290.0,3626.0,0.1582300576016757,0,Быстрый класс (gamma/electron-like),False
1623,217480357494764,2247.0,103,25878.0,16576.0,9302.0,0.35945590849370124,1,Медленный класс (neutron/proton-like),False
1624,217493635657689,3408.0,104,36503.0,23844.0,12659.0,0.3467934142399255,1,Медленный класс (neutron/proton-like),False
1625,217525104068189,708.0,101,5517.0,3907.0,1610.0,0.2918252673554468,1,Медленный класс (neutron/proton-like),False
1626,217583655106197,7566.0,104,55827.0,50838.0,4989.0,0.08936536084690204,0,Быстрый класс (gamma/electron-like),False
1627,217651020444874,2533.5,103,29579.0,19291.5,10287.5,0.3477974238480003,1,Медленный класс (neutron/proton-like),False
1628,217664127463104,5825.0,105,44388.0,39482.0,4906.0,0.11052536721636479,0,Быстрый класс (gamma/electron-like),False
1629,217767777341300,1707.0,103,23447.0,14376.0,9071.0,0.3868725210048194,1,Медленный класс (neutron/proton-like),False
1630,218107664636277,1058.0,101,7933.0,6687.0,1246.0,0.1570654229169293,0,Быстрый класс (gamma/electron-like),False
1631,218226179830110,1817.0,102,22421.0,14476.0,7945.0,0.3543552919138308,1,Медленный класс (neutron/proton-like),False
1632,218348577215307,1150.0,102,13080.0,8076.0,5004.0,0.38256880733944953,1,Медленный класс (neutron/proton-like),False
1633,218361901765264,1160.0,102,8308.0,6889.0,1419.0,0.1707992296581608,0,Быстрый класс (gamma/electron-like),False
1634,218377806094066,4795.0,103,54153.0,35895.0,18258.0,0.33715583624175943,1,Медленный класс (neutron/proton-like),False
1635,218556261700007,807.0,101,9905.0,5714.0,4191.0,0.42311963654719836,1,Медленный класс (neutron/proton-like),False
1636,219032104362796,577.0,103,4779.0,3726.0,1053.0,0.22033898305084745,0,Быстрый класс (gamma/electron-like),False
1637,219116161734506,638.0,101,7432.0,4111.0,3321.0,0.4468514531754575,1,Медленный класс (neutron/proton-like),False
1638,219230270863553,767.0,103,5377.0,4585.0,792.0,0.14729403012832434,0,Быстрый класс (gamma/electron-like),False
1639,219434114838524,3170.0,103,25260.0,22189.0,3071.0,0.12157561361836897,0,Быстрый класс (gamma/electron-like),False
1640,219726516870355,2830.0,103,30762.0,20297.0,10465.0,0.34019244522462777,1,Медленный класс (neutron/proton-like),False
1641,219917886494190,5929.0,104,45862.0,40387.0,5475.0,0.11937987876673499,0,Быстрый класс (gamma/electron-like),False
1642,220107767052300,2064.0,104,25638.0,16586.0,9052.0,0.35306966222014197,1,Медленный класс (neutron/proton-like),False
1643,220157050193822,913.0,103,7462.0,6193.0,1269.0,0.17006164567140178,0,Быстрый класс (gamma/electron-like),False
1644,220305461152866,4040.0,104,45066.0,29944.0,15122.0,0.3355523010695424,1,Медленный класс (neutron/proton-like),False
1645,220640013409799,15381.0,103,192604.0,158974.0,33630.0,0.1746069655874229,-1,Исключён: насыщение,True
1646,220646970888001,4948.0,103,33928.0,29895.0,4033.0,0.118869370431502,0,Быстрый класс (gamma/electron-like),False
1647,220758714040541,2902.0,103,34251.0,21594.0,12657.0,0.36953665586406237,1,Медленный класс (neutron/proton-like),False
1648,220860284585733,616.0,102,5601.0,4213.0,1388.0,0.247812890555258,1,Медленный класс (neutron/proton-like),False
1649,221135602705663,1106.5,103,14054.5,7768.5,6286.0,0.44725888505460887,1,Медленный класс (neutron/proton-like),False
1650,221437152252959,3403.0,104,26365.0,23287.0,3078.0,0.11674568556798787,0,Быстрый класс (gamma/electron-like),False
1651,221511172454648,3462.0,104,25764.0,23159.0,2605.0,0.1011100760751436,0,Быстрый класс (gamma/electron-like),False
1652,221954099051377,2157.0,103,15483.0,13691.0,1792.0,0.11573984369954143,0,Быстрый класс (gamma/electron-like),False
1653,222011261421811,821.0,103,6823.0,5433.0,1390.0,0.2037227026234794,0,Быстрый класс (gamma/electron-like),False
1654,222120210563608,892.0,102,7169.0,5768.0,1401.0,0.1954247454317199,0,Быстрый класс (gamma/electron-like),False
1655,222145243285541,1866.0,103,14269.0,12467.0,1802.0,0.12628775667531011,0,Быстрый класс (gamma/electron-like),False
1656,222221466326978,4974.0,104,49579.0,34406.0,15173.0,0.30603683010952215,1,Медленный класс (neutron/proton-like),False
1657,222330437402262,15381.0,103,171357.0,146354.0,25003.0,0.14591175148958024,-1,Исключён: насыщение,True
1658,222489255746330,1002.5,103,6962.5,6122.5,840.0,0.12064631956912028,0,Быстрый класс (gamma/electron-like),False
1659,222489603219609,1006.0,103,12925.0,7899.0,5026.0,0.3888588007736944,1,Медленный класс (neutron/proton-like),False
1660,222933500285300,2229.0,104,16758.0,14931.0,1827.0,0.10902255639097744,0,Быстрый класс (gamma/electron-like),False
1661,223060885726210,3558.0,104,41530.0,26367.0,15163.0,0.36510955935468337,1,Медленный класс (neutron/proton-like),False
1662,223383975639632,5915.0,104,42929.0,38367.0,4562.0,0.10626848983204827,0,Быстрый класс (gamma/electron-like),False
1663,223438119159181,3001.0,104,37168.0,24160.0,13008.0,0.34997847610848043,1,Медленный класс (neutron/proton-like),False
1664,223507804948919,436.0,102,5392.0,3197.0,2195.0,0.40708456973293766,1,Медленный класс (neutron/proton-like),False
1665,223705764273740,754.0,102,5632.0,4612.0,1020.0,0.18110795454545456,0,Быстрый класс (gamma/electron-like),False
1666,224086193780628,2675.0,103,19120.0,16625.0,2495.0,0.13049163179916318,0,Быстрый класс (gamma/electron-like),False
1667,224603277436137,12094.0,104,90245.0,81154.0,9091.0,0.10073688292980221,0,Быстрый класс (gamma/electron-like),False
1668,224670202453584,880.0,103,6796.0,5564.0,1232.0,0.1812831077104179,0,Быстрый класс (gamma/electron-like),False
1669,224998450503003,1953.0,104,24365.0,15476.0,8889.0,0.3648265955263698,1,Медленный класс (neutron/proton-like),False
1670,225130539112395,5325.5,104,54149.5,37341.5,16808.0,0.31039991135652223,1,Медленный класс (neutron/proton-like),False
1671,225135250962016,1325.0,103,15915.0,10386.0,5529.0,0.3474081055607917,1,Медленный класс (neutron/proton-like),False
1672,225391406497574,2166.0,104,27415.0,17450.0,9965.0,0.3634871420755061,1,Медленный класс (neutron/proton-like),False
1673,225480492919342,416.0,101,3753.0,2946.0,807.0,0.21502797761790568,0,Быстрый класс (gamma/electron-like),False
1674,225677675700396,3185.0,103,25238.0,21994.0,3244.0,0.12853633409937396,0,Быстрый класс (gamma/electron-like),False
1675,226025325665061,1378.5,103,16795.0,10442.5,6352.5,0.3782375707055671,1,Медленный класс (neutron/proton-like),False
1676,226087213564077,731.5,101,10198.0,5921.5,4276.5,0.41934693077073937,1,Медленный класс (neutron/proton-like),False
1677,226183611498920,585.0,101,7341.0,3989.0,3352.0,0.4566135403895927,1,Медленный класс (neutron/proton-like),False
1678,226619152614663,422.5,100,4935.5,3013.5,1922.0,0.3894235639752811,1,Медленный класс (neutron/proton-like),False
1679,226848652985768,1114.0,103,12929.0,8043.0,4886.0,0.3779101245262588,1,Медленный класс (neutron/proton-like),False
1680,226893483214125,3239.0,104,25061.0,22363.0,2698.0,0.10765731614859743,0,Быстрый класс (gamma/electron-like),False
1681,226901332070040,5405.0,103,58861.0,40957.0,17904.0,0.3041742410084776,1,Медленный класс (neutron/proton-like),False
1682,226912815631112,1721.0,103,12196.0,10360.0,1836.0,0.15054116103640539,0,Быстрый класс (gamma/electron-like),False
1683,226926125454603,2283.0,103,17286.0,15203.0,2083.0,0.12050214046048825,0,Быстрый класс (gamma/electron-like),False
1684,226958855651404,331.0,101,4104.0,2546.0,1558.0,0.37962962962962965,1,Медленный класс (neutron/proton-like),False
1685,226975242175420,4111.0,104,31578.0,27967.0,3611.0,0.11435176388624992,0,Быстрый класс (gamma/electron-like),False
1686,227222310871761,12695.5,105,94200.5,84519.5,9681.0,0.10277015514779646,0,Быстрый класс (gamma/electron-like),False
1687,227583469764448,1553.5,102,13148.0,10936.5,2211.5,0.16820048676604807,0,Быстрый класс (gamma/electron-like),False
1688,227948003230424,2858.0,103,31869.0,21143.0,10726.0,0.33656531425523234,1,Медленный класс (neutron/proton-like),False
1689,228148218591081,2355.0,104,27343.0,17860.0,9483.0,0.34681636982042935,1,Медленный класс (neutron/proton-like),False
1690,228427563480116,15379.0,103,130641.0,115543.0,15098.0,0.11556861934614708,-1,Исключён: насыщение,True
1691,228473644979490,416.0,101,4024.0,2525.0,1499.0,0.3725149105367793,1,Медленный класс (neutron/proton-like),False
1692,228720641352756,3309.0,103,38612.0,25156.0,13456.0,0.34849269657101417,1,Медленный класс (neutron/proton-like),False
1693,228831678707717,368.0,102,4156.0,3124.0,1032.0,0.24831568816169394,1,Медленный класс (neutron/proton-like),False
1694,228895587729507,864.0,103,9216.0,5814.0,3402.0,0.369140625,1,Медленный класс (neutron/proton-like),False
1695,229022757978110,2251.0,102,16530.0,14309.0,2221.0,0.13436176648517847,0,Быстрый класс (gamma/electron-like),False
1696,229092315034182,900.0,102,7411.0,6294.0,1117.0,0.1507218998785589,0,Быстрый класс (gamma/electron-like),False
1697,229160257321874,491.0,101,4310.0,3279.0,1031.0,0.23921113689095128,0,Быстрый класс (gamma/electron-like),False
1698,229349607794697,6795.0,104,49415.0,44839.0,4576.0,0.09260346048770617,0,Быстрый класс (gamma/electron-like),False
1699,229433358330652,2587.0,104,30902.0,19976.0,10926.0,0.3535693482622484,1,Медленный класс (neutron/proton-like),False
1700,229489850448224,1296.0,102,14812.0,9320.0,5492.0,0.3707804482851742,1,Медленный класс (neutron/proton-like),False
1701,229511337494175,5455.0,103,58964.0,39698.0,19266.0,0.3267417407231531,1,Медленный класс (neutron/proton-like),False
1702,229618115082995,716.0,101,5033.0,3791.0,1242.0,0.24677130935823566,1,Медленный класс (neutron/proton-like),False
1703,229723465562528,5584.5,103,56957.5,39021.5,17936.0,0.31490146161611726,1,Медленный класс (neutron/proton-like),False
1704,229964364801069,704.0,102,5277.0,4227.0,1050.0,0.19897669130187606,0,Быстрый класс (gamma/electron-like),False
1705,230057424011112,2565.0,104,20677.0,18209.0,2468.0,0.11935967500120907,0,Быстрый класс (gamma/electron-like),False
1706,230475131242807,15380.0,104,118486.0,106563.0,11923.0,0.10062792228617727,-1,Исключён: насыщение,True
1707,230706653485132,422.0,102,6226.0,3512.0,2714.0,0.43591390941214264,1,Медленный класс (neutron/proton-like),False
1708,230922071636604,807.5,102,8975.0,5432.5,3542.5,0.3947075208913649,1,Медленный класс (neutron/proton-like),False
1709,231152495967459,519.0,101,3956.0,3171.0,785.0,0.19843276036400403,0,Быстрый класс (gamma/electron-like),False
1710,231170754252710,3429.0,104,25623.0,22744.0,2879.0,0.11235998907231784,0,Быстрый класс (gamma/electron-like),False
1711,231177825887210,500.0,102,4207.0,3239.0,968.0,0.2300927026384597,0,Быстрый класс (gamma/electron-like),False
1712,231192232038265,5679.0,104,45601.0,40343.0,5258.0,0.11530448893664613,0,Быстрый класс (gamma/electron-like),False
1713,231271224723453,415.0,103,5530.0,3346.0,2184.0,0.3949367088607595,1,Медленный класс (neutron/proton-like),False
1714,231295100198377,1879.0,103,21348.0,13714.0,7634.0,0.3575979014427581,1,Медленный класс (neutron/proton-like),False
1715,231314492469017,15382.0,103,333338.0,167636.0,165702.0,0.4970990406134314,-1,Исключён: насыщение,True
1716,231781662063601,552.0,102,4318.0,3691.0,627.0,0.14520611394163965,0,Быстрый класс (gamma/electron-like),False
1717,231828983919631,475.0,102,3384.0,2848.0,536.0,0.15839243498817968,0,Быстрый класс (gamma/electron-like),False
1718,231892062175710,513.0,104,7719.0,4510.0,3209.0,0.4157274258323617,1,Медленный класс (neutron/proton-like),False
1719,231933754239771,399.0,102,4148.0,2492.0,1656.0,0.39922854387656703,1,Медленный класс (neutron/proton-like),False
1720,232200806926514,846.0,101,11516.0,6232.0,5284.0,0.4588398749565821,1,Медленный класс (neutron/proton-like),False
1721,232214755803952,303.0,100,3067.0,2245.0,822.0,0.2680143462667101,1,Медленный класс (neutron/proton-like),False
1722,232302269382657,4245.0,104,48738.0,33032.0,15706.0,0.3222536829578563,1,Медленный класс (neutron/proton-like),False
1723,232584035208870,1743.0,102,19057.0,11478.0,7579.0,0.39770163194626645,1,Медленный класс (neutron/proton-like),False
1724,232652191796262,3483.0,103,36761.0,24362.0,12399.0,0.3372867985092897,1,Медленный класс (neutron/proton-like),False
1725,232719778072262,3885.0,103,43168.0,27955.0,15213.0,0.35241382505559676,1,Медленный класс (neutron/proton-like),False
1726,232743424205170,334.0,100,5152.0,2731.0,2421.0,0.4699145962732919,1,Медленный класс (neutron/proton-like),False
1727,233076841001889,973.5,103,12044.0,7671.5,4372.5,0.3630438392560611,1,Медленный класс (neutron/proton-like),False
1728,233164186018258,13645.0,104,97987.0,88430.0,9557.0,0.09753334626021819,0,Быстрый класс (gamma/electron-like),False
1729,233552573893795,1349.0,103,15375.0,9595.0,5780.0,0.3759349593495935,1,Медленный класс (neutron/proton-like),False
1730,233580385107906,338.0,101,3032.0,2333.0,699.0,0.23054089709762532,0,Быстрый класс (gamma/electron-like),False
1731,233664832267030,523.0,102,4367.0,3314.0,1053.0,0.24112663155484315,1,Медленный класс (neutron/proton-like),False
1732,233680539673303,573.0,103,4698.0,3560.0,1138.0,0.24223073648361004,1,Медленный класс (neutron/proton-like),False
1733,233812270579412,812.0,102,5786.0,4787.0,999.0,0.1726581403387487,0,Быстрый класс (gamma/electron-like),False
1734,233928873984482,4633.0,104,47569.0,32852.0,14717.0,0.30938216065084406,1,Медленный класс (neutron/proton-like),False
1735,233931685235186,1644.0,103,10738.0,9318.0,1420.0,0.132240640715217,0,Быстрый класс (gamma/electron-like),False
1736,233988047241507,735.0,102,5171.0,4260.0,911.0,0.1761748211177722,0,Быстрый класс (gamma/electron-like),False
1737,233989936098721,964.0,103,7484.0,6183.0,1301.0,0.17383752004275788,0,Быстрый класс (gamma/electron-like),False
1738,234073269951991,4195.0,104,31848.0,27898.0,3950.0,0.12402662647575986,0,Быстрый класс (gamma/electron-like),False
1739,234140425736000,3605.0,103,28410.0,24864.0,3546.0,0.12481520591341078,0,Быстрый класс (gamma/electron-like),False
1740,234324112425097,2504.0,103,19904.0,17275.0,2629.0,0.1320840032154341,0,Быстрый класс (gamma/electron-like),False
1741,234361272001936,15380.0,104,127844.0,113383.0,14461.0,0.11311442070022841,-1,Исключён: насыщение,True
1742,234386452744819,655.0,102,8389.0,4840.0,3549.0,0.42305399928477766,1,Медленный класс (neutron/proton-like),False
1743,234980139664810,462.0,101,3917.0,2833.0,1084.0,0.2767424049017105,1,Медленный класс (neutron/proton-like),False
1744,235085320831928,417.0,101,4432.0,2689.0,1743.0,0.39327617328519854,1,Медленный класс (neutron/proton-like),False
1745,235329376009608,789.0,104,6660.0,5804.0,856.0,0.12852852852852853,0,Быстрый класс (gamma/electron-like),False
1746,235358395514315,5347.0,104,42710.0,37932.0,4778.0,0.11187075626317022,0,Быстрый класс (gamma/electron-like),False
1747,235839882839436,414.0,97,3850.0,2742.0,1108.0,0.28779220779220777,1,Медленный класс (neutron/proton-like),False
1748,236101518401195,646.0,102,5338.0,4236.0,1102.0,0.20644436118396403,0,Быстрый класс (gamma/electron-like),False
1749,236712777836756,468.0,101,3485.0,2584.0,901.0,0.25853658536585367,1,Медленный класс (neutron/proton-like),False
1750,236997694178147,420.0,100,3274.0,2659.0,615.0,0.18784361637141112,0,Быстрый класс (gamma/electron-like),False
1751,237014215402569,15380.0,103,195757.0,163627.0,32130.0,0.16413206168872632,-1,Исключён: насыщение,True
1752,237257599905467,393.5,102,5469.5,3297.5,2172.0,0.39711125331383124,1,Медленный класс (neutron/proton-like),False
1753,237579660717811,501.0,101,6285.0,3690.0,2595.0,0.4128878281622912,1,Медленный класс (neutron/proton-like),False
1754,237781935574456,870.0,101,7110.0,5495.0,1615.0,0.2271448663853727,0,Быстрый класс (gamma/electron-like),False
1755,237804444815484,329.0,100,2504.0,1779.0,725.0,0.2895367412140575,1,Медленный класс (neutron/proton-like),False
1756,238117001904121,2044.0,103,15831.0,14036.0,1795.0,0.11338513044027541,0,Быстрый класс (gamma/electron-like),False
1757,238200446836036,9536.0,104,71804.0,65274.0,6530.0,0.09094200880173807,0,Быстрый класс (gamma/electron-like),False
1758,238247201573316,7101.0,105,53437.0,47861.0,5576.0,0.10434717517824728,0,Быстрый класс (gamma/electron-like),False
1759,238446109186853,2260.0,103,17347.0,14704.0,2643.0,0.15236063872715744,0,Быстрый класс (gamma/electron-like),False
1760,238653629670316,4556.0,103,50216.0,35152.0,15064.0,0.299984068822686,1,Медленный класс (neutron/proton-like),False
1761,238755961484792,3122.0,104,35560.0,22634.0,12926.0,0.36349831271091115,1,Медленный класс (neutron/proton-like),False
1762,238781221300403,11797.0,104,86821.0,77380.0,9441.0,0.10874097280611833,0,Быстрый класс (gamma/electron-like),False
1763,238955801812933,546.0,102,4971.0,3981.0,990.0,0.1991550995775498,0,Быстрый класс (gamma/electron-like),False
1764,239288858359050,1629.0,103,12155.0,10472.0,1683.0,0.13846153846153847,0,Быстрый класс (gamma/electron-like),False
1765,239294003508768,2075.0,103,14340.0,12494.0,1846.0,0.1287308228730823,0,Быстрый класс (gamma/electron-like),False
1766,239510955375698,2260.0,104,25596.0,16639.0,8957.0,0.34993749023284887,1,Медленный класс (neutron/proton-like),False
1767,239532615198601,855.5,102,9991.0,6077.5,3913.5,0.39170253227905116,1,Медленный класс (neutron/proton-like),False
1768,239714720895748,475.0,102,4012.0,2996.0,1016.0,0.25324027916251246,1,Медленный класс (neutron/proton-like),False
1769,240203349811280,493.0,102,8189.0,4608.0,3581.0,0.4372939308828917,1,Медленный класс (neutron/proton-like),False
1770,240209787277780,1233.0,103,9680.0,8141.0,1539.0,0.15898760330578512,0,Быстрый класс (gamma/electron-like),False
1771,240383531281474,536.0,103,4170.0,3484.0,686.0,0.1645083932853717,0,Быстрый класс (gamma/electron-like),False
1772,240419710032169,4008.0,103,43358.0,29474.0,13884.0,0.32021772221965955,1,Медленный класс (neutron/proton-like),False
1773,240424140757905,653.0,102,4809.0,3838.0,971.0,0.2019130796423373,0,Быстрый класс (gamma/electron-like),False
1774,240448786421147,4422.5,104,47440.0,31469.5,15970.5,0.3366462900505902,1,Медленный класс (neutron/proton-like),False
1775,240607611341987,3289.0,104,23879.0,20996.0,2883.0,0.12073369906612505,0,Быстрый класс (gamma/electron-like),False
1776,241027579604483,3037.0,103,23971.0,21115.0,2856.0,0.11914396562513037,0,Быстрый класс (gamma/electron-like),False
1777,241159852566921,747.0,102,5667.0,4904.0,763.0,0.13463913887418388,0,Быстрый класс (gamma/electron-like),False
1778,241199145150493,5450.0,103,58259.0,38746.0,19513.0,0.3349353747918776,1,Медленный класс (neutron/proton-like),False
1779,241260350896236,2177.0,103,15353.0,13635.0,1718.0,0.11189995440630496,0,Быстрый класс (gamma/electron-like),False
1780,241411490420405,3342.0,103,25059.0,21586.0,3473.0,0.13859292070713117,0,Быстрый класс (gamma/electron-like),False
1781,241431747845565,2489.0,103,17362.0,15343.0,2019.0,0.11628844603156319,0,Быстрый класс (gamma/electron-like),False
1782,242154164512271,505.0,100,5782.0,3437.0,2345.0,0.40556900726392253,1,Медленный класс (neutron/proton-like),False
1783,242250850806246,4123.0,103,45316.0,30327.0,14989.0,0.3307661753023215,1,Медленный класс (neutron/proton-like),False
1784,242492507244766,4979.0,103,55547.0,36375.0,19172.0,0.34514915296955734,1,Медленный класс (neutron/proton-like),False
1785,242495205309592,362.0,98,5050.0,2810.0,2240.0,0.44356435643564357,1,Медленный класс (neutron/proton-like),False
1786,242689100664019,765.0,101,5533.0,4546.0,987.0,0.1783842400144587,0,Быстрый класс (gamma/electron-like),False
1787,242961904925124,825.0,103,7183.0,6096.0,1087.0,0.1513295280523458,0,Быстрый класс (gamma/electron-like),False
1788,242965645484865,471.0,101,5497.0,3216.0,2281.0,0.4149536110605785,1,Медленный класс (neutron/proton-like),False
1789,243067912100939,4606.0,104,35765.0,31439.0,4326.0,0.12095624213616664,0,Быстрый класс (gamma/electron-like),False
1790,243091876942132,2003.0,103,15641.0,13694.0,1947.0,0.12448053193529826,0,Быстрый класс (gamma/electron-like),False
1791,243129223336493,2257.0,103,18097.0,16196.0,1901.0,0.10504503508868873,0,Быстрый класс (gamma/electron-like),False
1792,243192142626920,520.5,101,6613.0,3937.0,2676.0,0.4046574928171783,1,Медленный класс (neutron/proton-like),False
1793,243214330806646,987.0,102,10271.0,6517.0,3754.0,0.3654950832440853,1,Медленный класс (neutron/proton-like),False
1794,243277810077694,474.0,101,5296.0,3018.0,2278.0,0.43013595166163143,1,Медленный класс (neutron/proton-like),False
1795,243433001726135,5104.0,104,55106.0,38961.0,16145.0,0.2929808006387689,1,Медленный класс (neutron/proton-like),False
1796,243606558982513,415.5,101,3896.0,3112.5,783.5,0.20110369609856263,0,Быстрый класс (gamma/electron-like),False
1797,243769308932544,4669.0,104,49994.0,33860.0,16134.0,0.32271872624714965,1,Медленный класс (neutron/proton-like),False
1798,243961652812866,4544.5,104,54791.5,35900.5,18891.0,0.34477975598404864,1,Медленный класс (neutron/proton-like),False
1799,244058706219467,333.0,101,3296.0,2386.0,910.0,0.27609223300970875,1,Медленный класс (neutron/proton-like),False
1800,244063166671655,2001.0,104,22811.0,15405.0,7406.0,0.3246679233703038,1,Медленный класс (neutron/proton-like),False
1801,244133893666295,419.5,101,3636.5,2734.0,902.5,0.2481781933177506,1,Медленный класс (neutron/proton-like),False
1802,244166233840718,1297.0,103,16743.0,10369.0,6374.0,0.38069641044018393,1,Медленный класс (neutron/proton-like),False
1803,244307373505674,1733.0,104,14131.0,12253.0,1878.0,0.13289929941263887,0,Быстрый класс (gamma/electron-like),False
1804,244470632940870,1475.0,103,11007.0,9327.0,1680.0,0.15263014445352957,0,Быстрый класс (gamma/electron-like),False
1805,244507572510562,15381.0,103,268822.0,172432.0,96390.0,0.3585644032110467,-1,Исключён: насыщение,True
1806,244527232490692,5113.0,104,55923.0,38576.0,17347.0,0.3101943744076677,1,Медленный класс (neutron/proton-like),False
1807,244543706629796,404.0,102,3074.0,2259.0,815.0,0.2651268705270006,1,Медленный класс (neutron/proton-like),False
1808,244789322352521,5141.0,104,55260.0,38499.0,16761.0,0.3033116178067318,1,Медленный класс (neutron/proton-like),False
1809,245030053000397,2214.0,103,24822.0,16966.0,7856.0,0.3164934332447023,1,Медленный класс (neutron/proton-like),False
1810,245287535049310,712.0,103,8558.0,5220.0,3338.0,0.39004440289787334,1,Медленный класс (neutron/proton-like),False
1811,245327887878374,1354.0,102,12453.0,10566.0,1887.0,0.15152975186702,0,Быстрый класс (gamma/electron-like),False
1812,245408137658040,9190.5,104,69460.5,62663.5,6797.0,0.09785417611448233,0,Быстрый класс (gamma/electron-like),False
1813,245614396925041,1494.0,103,19036.0,11762.0,7274.0,0.38211809203614205,1,Медленный класс (neutron/proton-like),False
1814,245686676662951,660.0,101,7036.0,4393.0,2643.0,0.37563956793632747,1,Медленный класс (neutron/proton-like),False
1815,245908521892944,5808.0,104,58917.0,40225.0,18692.0,0.31725987406011846,1,Медленный класс (neutron/proton-like),False
1816,245998600540210,972.0,102,10687.0,6581.0,4106.0,0.3842051090109479,1,Медленный класс (neutron/proton-like),False
1817,246079530230019,1044.5,102,7645.0,6582.5,1062.5,0.13897972531066055,0,Быстрый класс (gamma/electron-like),False
1818,246419392241593,311.0,100,3302.0,2403.0,899.0,0.272259236826166,1,Медленный класс (neutron/proton-like),False
1819,246425422985693,856.0,103,6820.0,5487.0,1333.0,0.19545454545454546,0,Быстрый класс (gamma/electron-like),False
1820,246508782886882,2897.0,104,22184.0,19683.0,2501.0,0.11273891092679408,0,Быстрый класс (gamma/electron-like),False
1821,246515842563054,6769.0,104,52486.0,46069.0,6417.0,0.12226117440841368,0,Быстрый класс (gamma/electron-like),False
1822,246628856723318,979.0,103,12720.0,7942.0,4778.0,0.37562893081761006,1,Медленный класс (neutron/proton-like),False
1823,246635967007109,397.0,101,3328.0,2480.0,848.0,0.2548076923076923,1,Медленный класс (neutron/proton-like),False
1824,246664213256914,5472.0,104,44101.0,39048.0,5053.0,0.11457790072787465,0,Быстрый класс (gamma/electron-like),False
1825,246708157781013,770.0,102,11548.0,6663.0,4885.0,0.4230169726359543,1,Медленный класс (neutron/proton-like),False
1826,246736199778193,8993.0,104,63719.0,57951.0,5768.0,0.09052245013261351,0,Быстрый класс (gamma/electron-like),False
1827,246889030506701,4725.0,104,34034.0,29863.0,4171.0,0.12255391667156373,0,Быстрый класс (gamma/electron-like),False
1828,246964888866421,407.5,102,6010.5,3207.5,2803.0,0.46635055319856916,1,Медленный класс (neutron/proton-like),False
1829,247254438154708,721.0,104,6195.0,5359.0,836.0,0.13494753833736883,0,Быстрый класс (gamma/electron-like),False
1830,247493524603675,1547.5,102,18482.5,11331.5,7151.0,0.3869065332070878,1,Медленный класс (neutron/proton-like),False
1831,247661384148937,539.5,101,3889.0,2938.5,950.5,0.24440730264849575,1,Медленный класс (neutron/proton-like),False
1832,248117821212160,13383.0,104,97074.0,87102.0,9972.0,0.10272575560912293,0,Быстрый класс (gamma/electron-like),False
1833,248177689491370,1792.5,104,20276.0,13440.5,6835.5,0.3371227066482541,1,Медленный класс (neutron/proton-like),False
1834,248195906721323,954.5,103,8101.5,6609.5,1492.0,0.184163426525952,0,Быстрый класс (gamma/electron-like),False
1835,248359316080297,8385.0,104,61490.0,55277.0,6213.0,0.1010408196454708,0,Быстрый класс (gamma/electron-like),False
1836,248405184054775,1094.0,102,8709.0,7402.0,1307.0,0.1500746354346079,0,Быстрый класс (gamma/electron-like),False
1837,248441183398161,2595.5,103,19655.5,17437.5,2218.0,0.11284373330619928,0,Быстрый класс (gamma/electron-like),False
1838,248640004011873,2278.0,103,18300.0,15591.0,2709.0,0.1480327868852459,0,Быстрый класс (gamma/electron-like),False
1839,248682602625127,1386.0,103,15930.0,9946.0,5984.0,0.3756434400502197,1,Медленный класс (neutron/proton-like),False
1840,248699017211027,6569.0,104,48356.0,41446.0,6910.0,0.14289850277111424,0,Быстрый класс (gamma/electron-like),False
1841,248882260156139,489.0,101,3327.0,2582.0,745.0,0.22392545837090472,0,Быстрый класс (gamma/electron-like),False
1842,249054175242169,15380.0,102,203940.0,161628.0,42312.0,0.20747278611356282,-1,Исключён: насыщение,True
1843,249191568497357,434.0,102,5978.0,3582.0,2396.0,0.40080294412847106,1,Медленный класс (neutron/proton-like),False
1844,249215009507081,687.0,102,5722.0,4406.0,1316.0,0.22998951415588956,0,Быстрый класс (gamma/electron-like),False
1845,249296371767464,1640.0,104,13026.0,11042.0,1984.0,0.1523107630892062,0,Быстрый класс (gamma/electron-like),False
1846,249355380053252,2919.0,104,28979.0,18954.0,10025.0,0.34594016356672075,1,Медленный класс (neutron/proton-like),False
1847,249427457096000,414.0,102,5703.0,3251.0,2452.0,0.42994914957040153,1,Медленный класс (neutron/proton-like),False
1848,249623318605027,1800.0,103,13026.0,11233.0,1793.0,0.13764778136035621,0,Быстрый класс (gamma/electron-like),False
1849,249722112541740,2228.0,103,16613.0,14236.0,2377.0,0.1430807199181364,0,Быстрый класс (gamma/electron-like),False
1850,249915735222529,1575.0,103,19143.0,11973.0,7170.0,0.3745494436608682,1,Медленный класс (neutron/proton-like),False
1851,250043555200752,6878.0,104,50025.0,44208.0,5817.0,0.11628185907046477,0,Быстрый класс (gamma/electron-like),False
1852,250102721198615,416.5,100,3239.0,2528.5,710.5,0.2193578264896573,0,Быстрый класс (gamma/electron-like),False
1853,250561232923186,580.0,101,8859.0,4588.0,4271.0,0.48210859013432666,1,Медленный класс (neutron/proton-like),False
1854,250578715112233,388.0,100,3541.0,2535.0,1006.0,0.28410053657158996,1,Медленный класс (neutron/proton-like),False
1855,250805804126804,423.0,101,6448.0,3168.0,3280.0,0.5086848635235732,1,Медленный класс (neutron/proton-like),False
1856,250917510579803,2164.0,105,24162.0,16320.0,7842.0,0.32455922522969954,1,Медленный класс (neutron/proton-like),False
1857,250949458861440,715.0,102,5631.0,4639.0,992.0,0.17616764340259278,0,Быстрый класс (gamma/electron-like),False
1858,251129132851838,2189.0,103,15718.0,13451.0,2267.0,0.1442295457437333,0,Быстрый класс (gamma/electron-like),False
1859,251180464725328,790.0,103,5889.0,4884.0,1005.0,0.1706571574121243,0,Быстрый класс (gamma/electron-like),False
1860,251211638660999,377.0,100,4021.0,2916.0,1105.0,0.2748072618751554,1,Медленный класс (neutron/proton-like),False
1861,251366307670245,1577.0,103,19034.0,11724.0,7310.0,0.38404959546075446,1,Медленный класс (neutron/proton-like),False
1862,251426904607695,590.0,103,4710.0,3918.0,792.0,0.1681528662420382,0,Быстрый класс (gamma/electron-like),False
1863,251541306483585,512.0,101,3416.0,2725.0,691.0,0.20228337236533958,0,Быстрый класс (gamma/electron-like),False
1864,251718495838191,1131.0,102,9971.0,8292.0,1679.0,0.1683883261458229,0,Быстрый класс (gamma/electron-like),False
1865,251863661227483,641.0,102,8603.0,5019.0,3584.0,0.4165988608624898,1,Медленный класс (neutron/proton-like),False
1866,252087107681935,2341.0,105,27236.0,17661.0,9575.0,0.35155676310765166,1,Медленный класс (neutron/proton-like),False
1867,252207724861765,634.0,103,7818.0,4647.0,3171.0,0.40560245587106675,1,Медленный класс (neutron/proton-like),False
1868,252477903642542,1423.0,103,18764.0,11258.0,7506.0,0.4000213174163291,1,Медленный класс (neutron/proton-like),False
1869,252679206082770,5119.0,104,56484.0,37728.0,18756.0,0.33205863607393243,1,Медленный класс (neutron/proton-like),False
1870,252747673954087,15379.0,104,127120.0,114644.0,12476.0,0.09814348646947765,-1,Исключён: насыщение,True
1871,252953432928524,8560.5,104,64981.5,58014.5,6967.0,0.1072151304602079,0,Быстрый класс (gamma/electron-like),False
1872,252994997666277,4422.0,104,46284.0,32232.0,14052.0,0.3036038371791548,1,Медленный класс (neutron/proton-like),False
1873,253110461469256,453.0,101,4071.0,3011.0,1060.0,0.2603782854335544,1,Медленный класс (neutron/proton-like),False
1874,253230494864327,711.0,101,5681.0,4472.0,1209.0,0.2128146453089245,0,Быстрый класс (gamma/electron-like),False
1875,254090550462003,1232.0,102,8874.0,7256.0,1618.0,0.1823304034257381,0,Быстрый класс (gamma/electron-like),False
1876,254432215604943,491.0,102,6017.0,3519.0,2498.0,0.41515705501080274,1,Медленный класс (neutron/proton-like),False
1877,254537467855210,788.0,102,6223.0,5445.0,778.0,0.12502008677486742,0,Быстрый класс (gamma/electron-like),False
1878,254649743790495,665.0,101,7424.0,4339.0,3085.0,0.41554418103448276,1,Медленный класс (neutron/proton-like),False
1879,254782642874350,671.0,102,5628.0,4657.0,971.0,0.17253020611229566,0,Быстрый класс (gamma/electron-like),False
1880,255032530033482,368.0,101,3141.0,2416.0,725.0,0.23081821076090417,0,Быстрый класс (gamma/electron-like),False
1881,255308440476736,1056.0,102,9340.0,7666.0,1674.0,0.1792291220556745,0,Быстрый класс (gamma/electron-like),False
1882,255411181896570,4493.5,103,35634.5,31552.5,4082.0,0.11455190896462698,0,Быстрый класс (gamma/electron-like),False
1883,255583340902486,5230.0,104,39616.0,35641.0,3975.0,0.10033824717285945,0,Быстрый класс (gamma/electron-like),False
1884,255673304313432,872.0,102,6372.0,5140.0,1232.0,0.1933458882611425,0,Быстрый класс (gamma/electron-like),False
1885,256403077701400,2308.0,103,25061.0,16213.0,8848.0,0.3530585371693069,1,Медленный класс (neutron/proton-like),False
1886,256437087298807,1914.0,104,25260.0,15571.0,9689.0,0.38357086302454474,1,Медленный класс (neutron/proton-like),False
1887,256526023879185,834.0,102,6291.0,5268.0,1023.0,0.1626132570338579,0,Быстрый класс (gamma/electron-like),False
1888,256653526619385,5466.0,104,38160.0,34406.0,3754.0,0.09837526205450733,0,Быстрый класс (gamma/electron-like),False
1889,256782808160498,449.0,102,4118.0,3049.0,1069.0,0.25959203496843125,1,Медленный класс (neutron/proton-like),False
1890,256872436366741,1882.0,103,23370.0,14231.0,9139.0,0.3910569105691057,1,Медленный класс (neutron/proton-like),False
1891,256879437913642,4100.5,104,31020.5,27358.5,3662.0,0.11805096629648136,0,Быстрый класс (gamma/electron-like),False
1892,257012577385031,344.0,101,3316.0,2599.0,717.0,0.21622436670687575,0,Быстрый класс (gamma/electron-like),False
1893,257015823981757,532.0,102,4340.0,3404.0,936.0,0.21566820276497695,0,Быстрый класс (gamma/electron-like),False
1894,257020774996198,1146.0,104,16771.0,10036.0,6735.0,0.40158607119432355,1,Медленный класс (neutron/proton-like),False
1895,257360373975507,428.0,102,3698.0,2683.0,1015.0,0.2744726879394267,1,Медленный класс (neutron/proton-like),False
1896,257474096827749,349.0,101,3031.0,2335.0,696.0,0.22962718574727814,0,Быстрый класс (gamma/electron-like),False
1897,257506841305725,753.0,103,5831.0,4951.0,880.0,0.1509175098610873,0,Быстрый класс (gamma/electron-like),False
1898,257696898367300,14893.0,105,112586.0,101937.0,10649.0,0.09458547243884675,-1,Исключён: насыщение,True
1899,257711803493935,382.0,102,3554.0,2734.0,820.0,0.23072594259988746,0,Быстрый класс (gamma/electron-like),False
1900,257912766554920,2695.0,104,31397.0,20390.0,11007.0,0.3505748956906711,1,Медленный класс (neutron/proton-like),False
1901,258008362712622,14788.0,104,104647.0,92764.0,11883.0,0.11355318355996827,-1,Исключён: насыщение,True
1902,258348952870671,677.0,101,9211.0,5150.0,4061.0,0.44088589729671046,1,Медленный класс (neutron/proton-like),False
1903,258499487494659,3819.0,103,42409.0,28483.0,13926.0,0.3283736942630102,1,Медленный класс (neutron/proton-like),False
1904,258562810978000,3048.0,103,24482.0,21717.0,2765.0,0.11294011927130136,0,Быстрый класс (gamma/electron-like),False
1905,258724495942178,926.0,102,12043.0,7379.0,4664.0,0.3872789172133189,1,Медленный класс (neutron/proton-like),False
1906,258994193034380,6427.0,103,50036.0,44441.0,5595.0,0.1118194899672236,0,Быстрый класс (gamma/electron-like),False
1907,259108447532362,913.0,102,6487.0,5501.0,986.0,0.1519963002928935,0,Быстрый класс (gamma/electron-like),False
1908,259119886022838,3635.0,103,38101.0,25370.0,12731.0,0.33413821159549617,1,Медленный класс (neutron/proton-like),False
1909,259185016554127,771.0,102,6085.0,5148.0,937.0,0.15398520953163516,0,Быстрый класс (gamma/electron-like),False
1910,259189949916760,1172.5,102,12573.0,7887.5,4685.5,0.3726636443171876,1,Медленный класс (neutron/proton-like),False
1911,259412916662905,573.5,102,7197.0,4289.5,2907.5,0.4039877726830624,1,Медленный класс (neutron/proton-like),False
1912,259590001775343,525.5,101,4272.0,3135.5,1136.5,0.26603464419475653,1,Медленный класс (neutron/proton-like),False
1913,259595440236096,1207.0,102,9553.0,7998.0,1555.0,0.1627760912802261,0,Быстрый класс (gamma/electron-like),False
1914,259645979280663,1003.5,103,7934.5,6848.5,1086.0,0.13687062826895205,0,Быстрый класс (gamma/electron-like),False
1915,259861534774061,375.5,103,5091.0,3094.5,1996.5,0.392162639952858,1,Медленный класс (neutron/proton-like),False
1916,259892434676192,1807.0,103,22382.0,14047.0,8335.0,0.37239746224644804,1,Медленный класс (neutron/proton-like),False
1917,260046386761877,2758.5,104,30875.5,20588.5,10287.0,0.3331767906592606,1,Медленный класс (neutron/proton-like),False
1918,260164971986147,1692.5,103,12449.5,11216.5,1233.0,0.09904012209325676,0,Быстрый класс (gamma/electron-like),False
1919,260279110264251,1119.0,103,12518.0,8147.0,4371.0,0.3491771848538105,1,Медленный класс (neutron/proton-like),False
1920,260279975920480,1446.0,103,17568.0,10867.0,6701.0,0.3814321493624772,1,Медленный класс (neutron/proton-like),False
1921,260431539313459,526.5,101,6788.0,3653.5,3134.5,0.46177077195050087,1,Медленный класс (neutron/proton-like),False
1922,260676702122049,1262.0,103,16191.0,10795.0,5396.0,0.3332715706256562,1,Медленный класс (neutron/proton-like),False
1923,260680582542427,3413.0,103,40308.0,26259.0,14049.0,0.3485412325096755,1,Медленный класс (neutron/proton-like),False
1924,260721075482385,1845.0,104,25208.0,15399.0,9809.0,0.38912250079339894,1,Медленный класс (neutron/proton-like),False
1925,260940697778105,4735.0,104,52019.0,36823.0,15196.0,0.29212403160383704,1,Медленный класс (neutron/proton-like),False
1926,260989551345261,4699.0,104,50749.0,33389.0,17360.0,0.3420757059252399,1,Медленный класс (neutron/proton-like),False
1927,261176998419646,1763.0,104,19350.0,12617.0,6733.0,0.34795865633074935,1,Медленный класс (neutron/proton-like),False
1928,261313582858194,9517.0,104,68676.0,61864.0,6812.0,0.09919040130467703,0,Быстрый класс (gamma/electron-like),False
1929,261322839605647,464.0,102,3641.0,2916.0,725.0,0.19912112057127163,0,Быстрый класс (gamma/electron-like),False
1930,261429582863292,7671.0,104,55281.0,48995.0,6286.0,0.1137099545956115,0,Быстрый класс (gamma/electron-like),False
1931,261491973111275,1300.0,103,15338.0,9115.0,6223.0,0.40572434476463687,1,Медленный класс (neutron/proton-like),False
1932,261565069569374,329.0,100,5154.0,2754.0,2400.0,0.46565774155995343,1,Медленный класс (neutron/proton-like),False
1933,261936517215906,784.0,102,9268.0,5627.0,3641.0,0.39285714285714285,1,Медленный класс (neutron/proton-like),False
1934,262332742858180,2589.0,103,26368.0,18210.0,8158.0,0.3093901699029126,1,Медленный класс (neutron/proton-like),False
1935,262451983110995,1789.0,104,14241.0,12543.0,1698.0,0.11923319991573625,0,Быстрый класс (gamma/electron-like),False
1936,262528524830687,361.5,98,3428.5,2530.5,898.0,0.26192212337757037,1,Медленный класс (neutron/proton-like),False
1937,262767507729260,15380.5,103,267663.5,167458.5,100205.0,0.37436931072036345,-1,Исключён: насыщение,True
1938,262851648711131,415.0,101,3489.0,2600.0,889.0,0.25480080252221265,1,Медленный класс (neutron/proton-like),False
1939,262937025213092,11990.0,104,90356.0,80025.0,10331.0,0.11433662402054097,0,Быстрый класс (gamma/electron-like),False
1940,262937926323042,1024.0,103,8562.0,7290.0,1272.0,0.14856341976173792,0,Быстрый класс (gamma/electron-like),False
1941,262960165662434,9286.0,104,69730.0,62951.0,6779.0,0.0972178402409293,0,Быстрый класс (gamma/electron-like),False
1942,262998049501113,4273.5,104,46859.0,31149.5,15709.5,0.3352504321475063,1,Медленный класс (neutron/proton-like),False
1943,263011440128670,794.0,101,6286.0,5226.0,1060.0,0.16862869869551383,0,Быстрый класс (gamma/electron-like),False
1944,263043561540894,1238.0,103,9954.0,8364.0,1590.0,0.15973477998794455,0,Быстрый класс (gamma/electron-like),False
1945,263139664834275,3775.0,103,38240.0,26094.0,12146.0,0.3176255230125523,1,Медленный класс (neutron/proton-like),False
1946,263140169450408,2368.0,103,28743.0,18744.0,9999.0,0.3478760045924225,1,Медленный класс (neutron/proton-like),False
1947,263233652119588,2480.0,103,28367.0,17608.0,10759.0,0.3792787393802658,1,Медленный класс (neutron/proton-like),False
1948,263236271779756,492.0,102,3610.0,2887.0,723.0,0.2002770083102493,0,Быстрый класс (gamma/electron-like),False
1949,263250512846358,473.0,100,4170.0,3193.0,977.0,0.2342925659472422,0,Быстрый класс (gamma/electron-like),False
1950,263278483432583,4086.0,104,41399.0,28634.0,12765.0,0.30834078117828934,1,Медленный класс (neutron/proton-like),False
1951,263443226328257,655.0,102,5511.0,4631.0,880.0,0.1596806387225549,0,Быстрый класс (gamma/electron-like),False
1952,263635493668225,552.0,103,6742.0,4012.0,2730.0,0.40492435479086325,1,Медленный класс (neutron/proton-like),False
1953,263786304037609,594.5,104,5766.5,4733.5,1033.0,0.17913812537934623,0,Быстрый класс (gamma/electron-like),False
1954,263903770734161,2270.0,103,26810.0,17273.0,9537.0,0.3557254755688176,1,Медленный класс (neutron/proton-like),False
1955,263953213835312,2549.0,104,19907.0,17375.0,2532.0,0.12719144019691567,0,Быстрый класс (gamma/electron-like),False
1956,264052523111066,2179.0,104,16039.0,14155.0,1884.0,0.11746368227445601,0,Быстрый класс (gamma/electron-like),False
1957,264074808326493,6434.5,104,47810.0,42232.5,5577.5,0.11665969462455553,0,Быстрый класс (gamma/electron-like),False
1958,264263925769655,834.0,103,10696.0,6718.0,3978.0,0.37191473448017953,1,Медленный класс (neutron/proton-like),False
1959,264568731818839,3158.0,104,32656.0,21765.0,10891.0,0.33350685938265556,1,Медленный класс (neutron/proton-like),False
1960,264657707117983,602.0,102,7917.0,4382.0,3535.0,0.4465075154730327,1,Медленный класс (neutron/proton-like),False
1961,264665064155810,1193.0,104,9851.0,8350.0,1501.0,0.15237031773424017,0,Быстрый класс (gamma/electron-like),False
1962,264687419295264,3529.0,104,25007.0,21924.0,3083.0,0.12328548006558164,0,Быстрый класс (gamma/electron-like),False
1963,264779884868377,2716.0,104,32129.0,20484.0,11645.0,0.36244514301721187,1,Медленный класс (neutron/proton-like),False
1964,264795845085073,1092.0,102,12740.0,7694.0,5046.0,0.39607535321821036,1,Медленный класс (neutron/proton-like),False
1965,264856909782898,494.0,103,4327.0,3446.0,881.0,0.20360526923965797,0,Быстрый класс (gamma/electron-like),False
1966,265072389366757,602.5,101,4805.0,3873.0,932.0,0.1939646201873049,0,Быстрый класс (gamma/electron-like),False
1967,265153909847514,327.0,100,4319.0,2345.0,1974.0,0.45705024311183146,1,Медленный класс (neutron/proton-like),False
1968,265273548995865,381.0,102,4093.0,2513.0,1580.0,0.38602492059613974,1,Медленный класс (neutron/proton-like),False
1969,265459841651229,2714.0,104,32886.0,20525.0,12361.0,0.3758742321960713,1,Медленный класс (neutron/proton-like),False
1970,265504870770320,2073.5,103,22173.5,14538.5,7635.0,0.3443299434009065,1,Медленный класс (neutron/proton-like),False
1971,265753180093268,15381.5,103,184579.0,152391.5,32187.5,0.17438332638057416,-1,Исключён: насыщение,True
1972,265810801430757,5149.0,104,53524.0,36981.0,16543.0,0.30907630221956506,1,Медленный класс (neutron/proton-like),False
1973,265854811434336,4377.0,104,46114.0,31932.0,14182.0,0.3075421780804094,1,Медленный класс (neutron/proton-like),False
1974,266014208595678,875.0,103,6013.0,4971.0,1042.0,0.17329120239481124,0,Быстрый класс (gamma/electron-like),False
1975,266359406057916,3908.0,105,39700.0,26338.0,13362.0,0.3365743073047859,1,Медленный класс (neutron/proton-like),False
1976,266747013108816,695.0,102,5216.0,4055.0,1161.0,0.22258435582822086,0,Быстрый класс (gamma/electron-like),False
1977,266783197242276,938.0,102,11712.0,7509.0,4203.0,0.3588627049180328,1,Медленный класс (neutron/proton-like),False
1978,266896203698827,367.0,101,4840.0,3055.0,1785.0,0.368801652892562,1,Медленный класс (neutron/proton-like),False
1979,267236437694407,2565.0,103,30379.0,19432.0,10947.0,0.36034760854537673,1,Медленный класс (neutron/proton-like),False
1980,267269900593624,409.0,103,4101.0,3023.0,1078.0,0.2628627164106316,1,Медленный класс (neutron/proton-like),False
1981,267271340677084,399.0,100,2836.0,2195.0,641.0,0.2260225669957687,0,Быстрый класс (gamma/electron-like),False
1982,267303822325132,4300.0,104,31954.0,28515.0,3439.0,0.10762345872191274,0,Быстрый класс (gamma/electron-like),False
1983,267502319261038,3505.0,104,39348.0,26082.0,13266.0,0.33714547118023785,1,Медленный класс (neutron/proton-like),False
1984,267551582776081,910.0,102,7535.0,6471.0,1064.0,0.14120769741207698,0,Быстрый класс (gamma/electron-like),False
1985,267898599191920,2438.0,104,18184.0,16326.0,1858.0,0.10217773867135943,0,Быстрый класс (gamma/electron-like),False
1986,268210294559671,2584.0,104,29810.0,18993.0,10817.0,0.3628648104662865,1,Медленный класс (neutron/proton-like),False
1987,268210748021795,309.0,100,2836.0,2195.0,641.0,0.2260225669957687,0,Быстрый класс (gamma/electron-like),False
1988,268216731844908,2386.0,103,16884.0,14982.0,1902.0,0.11265103056147832,0,Быстрый класс (gamma/electron-like),False
1989,268442330680654,11489.0,105,87561.0,78985.0,8576.0,0.0979431482052512,0,Быстрый класс (gamma/electron-like),False
1990,268552724260648,1626.0,102,13110.0,11468.0,1642.0,0.12524790236460717,0,Быстрый класс (gamma/electron-like),False
1991,268871741647253,4815.0,104,52077.0,35102.0,16975.0,0.3259596366918217,1,Медленный класс (neutron/proton-like),False
1992,269094379442041,3758.0,103,27793.0,24688.0,3105.0,0.11171877810959595,0,Быстрый класс (gamma/electron-like),False
1993,269361073142553,818.5,103,10040.0,6738.5,3301.5,0.32883466135458167,1,Медленный класс (neutron/proton-like),False
1994,269412106048061,3712.0,103,29434.0,26096.0,3338.0,0.113406264863763,0,Быстрый класс (gamma/electron-like),False
1995,269470415953326,419.0,101,3684.0,2773.0,911.0,0.24728555917481,1,Медленный класс (neutron/proton-like),False
1996,269479236119182,7838.0,104,56090.0,49926.0,6164.0,0.10989481190943128,0,Быстрый класс (gamma/electron-like),False
1997,269560671663033,1759.0,103,21543.0,13738.0,7805.0,0.3622986584969596,1,Медленный класс (neutron/proton-like),False
1998,269581237332824,4285.0,104,43589.0,29753.0,13836.0,0.3174195324508477,1,Медленный класс (neutron/proton-like),False
1999,269583659023656,525.5,102,3912.5,3065.5,847.0,0.21648562300319488,0,Быстрый класс (gamma/electron-like),False
